match_id,team,start_minute,end_minute,pass_count,score_context,phase_context,intensity_context,density,clustering_coefficient,avg_betweenness_centrality,avg_eigenvector_centrality,avg_path_length,centralization,normalized_path_length
3754058,Leicester City,0,10,23,tied,early,low,0.016156462585034014,0.0,0.0019094380796508457,0.101512337929439,48.17857142857143,0.001006575059101655,0.020756115641215715
3754058,AFC Bournemouth,0,10,106,tied,early,high,0.061224489795918366,0.04541596640585754,0.02686520156774916,0.13253718691190466,209.89915966386553,0.003195183215130023,0.004764192489390664
3754058,Leicester City,5,15,38,tied,early,low,0.023809523809523808,0.012418443603832855,0.005748112560054907,0.09613437942395005,89.45454545454545,0.0017453457446808508,0.011178861788617886
3754058,AFC Bournemouth,5,15,83,tied,early,high,0.055272108843537414,0.04478873115373825,0.043005688534278955,0.12303628751704557,232.1846153846154,0.0019669769503546097,0.004306917572223694
3754058,Leicester City,10,20,42,tied,early,low,0.026360544217687076,0.00971878195082571,0.03106866537717602,0.12952754318249673,144.36153846153846,0.0016899379432624112,0.006927052805456386
3754058,AFC Bournemouth,10,20,75,tied,early,medium,0.05272108843537415,0.053916163920058956,0.04623239578913337,0.12220273674306444,239.29217273954117,0.001569887706855792,0.0041789916843141175
3754058,Leicester City,15,25,65,tied,early,medium,0.04251700680272109,0.02988300168635371,0.0357565011820331,0.13005606577517279,182.00713012477718,0.0022440159574468083,0.005494290247389968
3754058,AFC Bournemouth,15,25,75,tied,early,medium,0.04591836734693878,0.025277883149809454,0.03765733818925308,0.11724923777519725,205.23249299719888,0.0017176418439716313,0.004872522793033794
3754058,Leicester City,20,30,81,tied,early,high,0.050170068027210885,0.03828859873720946,0.030700913679637086,0.12112055193060338,189.88571428571427,0.0029827866430260047,0.0052663256093891065
3754058,AFC Bournemouth,20,30,58,tied,early,medium,0.036564625850340135,0.007482993197278911,0.04039023509324927,0.11214061126318382,175.1408199643494,0.0014683067375886522,0.005709691208500417
3754058,Leicester City,25,35,72,tied,early,medium,0.036564625850340135,0.03681078646477152,0.026895246310139925,0.11505418701630772,160.57471264367817,0.0019208037825059103,0.006227630637079456
3754058,AFC Bournemouth,25,35,37,tied,early,low,0.02040816326530612,0.012221953684449683,0.011097977410034146,0.10890422111464682,84.20588235294117,0.002271719858156028,0.01187565490743975
3754058,Leicester City,30,40,49,tied,middle,low,0.026360544217687076,0.052489197978068024,0.041535329655897034,0.12948014064419594,163.5185185185185,0.002142434988179669,0.006115515288788223
3754058,AFC Bournemouth,30,40,39,tied,middle,low,0.02295918367346939,0.0,0.005919698009608784,0.08462428528099201,82.51515151515152,0.0013113179669030732,0.012118986412045538
3754058,Leicester City,35,45,48,tied,middle,low,0.03486394557823129,0.0,0.04712957638489553,0.12131218642448524,188.21848739495798,0.00195774231678487,0.00531297437271185
3754058,AFC Bournemouth,35,45,47,tied,middle,low,0.031462585034013606,0.0347924830793905,0.030558241994412205,0.11286340545923504,160.05555555555554,0.0015791223404255318,0.006247830614370011
3754058,Leicester City,40,50,69,tied,middle,medium,0.0467687074829932,0.04040783330607677,0.04654255319148935,0.11039150438989798,221.29374718848402,0.00396165780141844,0.0045188805047811096
3754058,AFC Bournemouth,40,50,76,tied,middle,medium,0.05357142857142857,0.03529853867079664,0.04127084110986686,0.1208998259967019,220.81721194879088,0.002456412529550827,0.00452863248826775
3754058,Leicester City,45,55,79,tied,middle,medium,0.04081632653061224,0.030706222690100288,0.04241985239001326,0.10731694616544495,228.5,0.0018284574468085107,0.00437636761487965
3754058,AFC Bournemouth,45,55,68,tied,middle,medium,0.047619047619047616,0.05674402016653954,0.027218103015975353,0.1302609250726987,188.4068100358423,0.0030381944444444445,0.0053076637718655765
3754058,Leicester City,50,60,63,tied,middle,medium,0.03231292517006803,0.010714285714285713,0.035066981875492516,0.10877762434938597,176.53103448275863,0.00201315011820331,0.005664726335117397
3754058,AFC Bournemouth,50,60,40,tied,middle,low,0.02976190476190476,0.07634368946846247,0.01965130023640662,0.12911541927262735,117.30830039525692,0.0020685579196217494,0.008524545975268707
3754058,Leicester City,55,65,36,tied,middle,low,0.026360544217687076,0.0,0.03637522163120567,0.13995344843233518,138.43386243386243,0.0012374408983451535,0.007223666106099985
3754058,AFC Bournemouth,55,65,36,tied,middle,low,0.026360544217687076,0.016284693842178635,0.02346335697399527,0.13991941333683702,115.82608695652173,0.0016899379432624112,0.008633633633633633
3754058,Leicester City,60,70,34,tied,late,low,0.023809523809523808,0.021427228739708728,0.009197695035460992,0.09952010320418964,111.02857142857142,0.0012928486997635933,0.009006690684508493
3754058,AFC Bournemouth,60,70,24,tied,late,low,0.01445578231292517,0.0,0.015584173198954835,0.1698704255710258,61.911764705882355,0.0019485076832151298,0.016152019002375298
3754058,Leicester City,65,75,58,tied,late,medium,0.03826530612244898,0.02790885379639849,0.03813360450563204,0.13507032641778852,188.7641129032258,0.0018838652482269503,0.005297617140354813
3754058,Leicester City,70,80,81,tied,late,high,0.047619047619047616,0.03105094053387738,0.02703478554542384,0.13598852763472502,184.3181818181818,0.0025856973995271866,0.005425400739827373
3754058,Leicester City,75,85,68,tied,late,medium,0.039965986394557826,0.04182797164704957,0.03868100969164799,0.12248123922529099,185.28787878787878,0.0018469267139479906,0.005397007114236651
3754058,AFC Bournemouth,75,85,21,tied,late,low,0.015306122448979591,0.026569763637238824,0.0034574468085106377,0.14456843602529873,42.90909090909091,0.0023825354609929078,0.023305084745762712
3754058,Leicester City,80,90,65,tied,late,medium,0.04336734693877551,0.036427631546367537,0.03975752768445937,0.12412078691467696,194.61428571428573,0.0017730496453900709,0.005138368934889525
3754058,AFC Bournemouth,80,90,22,tied,late,low,0.016156462585034014,0.017998872141355333,0.0034252095422308186,0.13967354631593928,45.65909090909091,0.002364066193853428,0.021901443504230962
3754245,West Bromwich Albion,0,10,55,tied,early,medium,0.0391156462585034,0.023652282464949426,0.04168566362715299,0.1272778214638866,177.38571428571427,0.0018653959810874708,0.005637432552146252
3754245,Sunderland,0,10,32,tied,early,low,0.022108843537414966,0.0,0.01360357055514796,0.11754291435229355,95.38011695906432,0.0017822842789598108,0.010484365419987738
3754245,West Bromwich Albion,5,15,46,tied,early,low,0.034013605442176874,0.015026293397141557,0.022646679561573176,0.12025709049448317,135.43386243386243,0.002881205673758865,0.007383677774739228
3754245,Sunderland,5,15,31,tied,early,low,0.022108843537414966,0.022108843537414963,0.04578014184397163,0.13893127125977428,141.975,0.0013297872340425532,0.007043493572812115
3754245,West Bromwich Albion,10,20,38,tied,early,low,0.02806122448979592,0.036548730164588886,0.012736406619385344,0.15118296855474464,95.18095238095238,0.003010490543735224,0.010506303782269362
3754245,Sunderland,10,20,70,tied,early,medium,0.04591836734693878,0.0546805533826935,0.03302652621332221,0.13341350008932298,179.0855614973262,0.0035276300236406614,0.005583923079220042
3754245,West Bromwich Albion,15,25,34,tied,early,low,0.02806122448979592,0.04713313896987366,0.03962765957446809,0.11509637748228409,150.07142857142858,0.0025579934988179667,0.006663493574488338
3754245,Sunderland,15,25,76,tied,early,medium,0.047619047619047616,0.012611931945018647,0.029468929415737925,0.13424335307305743,179.52967171717174,0.0030381944444444445,0.00557010989010989
3754245,West Bromwich Albion,20,30,42,tied,early,low,0.02806122448979592,0.020060606852919077,0.04652988855116515,0.09669241798191272,200.56349206349208,0.0016529994089834515,0.004985952277313917
3754245,Sunderland,20,30,55,tied,early,medium,0.039965986394557826,0.0213701265248696,0.028225517587219716,0.1276978240752029,159.1741935483871,0.0022994237588652476,0.006282425421530479
3754245,West Bromwich Albion,25,35,45,tied,early,low,0.02891156462585034,0.02591783027139369,0.029144503546099293,0.09542597264741566,148.48615384615385,0.0020870271867612297,0.006734634671971486
3754245,Sunderland,25,35,57,tied,early,medium,0.03741496598639456,0.02837168960879149,0.03449624530663329,0.10804011672534004,186.88122605363984,0.0023548315602836874,0.005350992291290799
3754245,West Bromwich Albion,30,40,53,tied,middle,medium,0.031462585034013606,0.04101879693663006,0.025389085894405045,0.10592333110988596,155.8,0.00203161938534279,0.006418485237483953
3754245,Sunderland,30,40,50,tied,middle,low,0.03486394557823129,0.020098354547530867,0.03864694148936171,0.12511480388322105,167.05645161290323,0.00195774231678487,0.005986000482741974
3754245,West Bromwich Albion,35,45,67,tied,middle,medium,0.04081632653061224,0.01836734693877551,0.04092390262603029,0.1344986363295411,185.796918767507,0.001375960401891253,0.005382220580586315
3754245,Sunderland,35,45,31,tied,middle,low,0.02295918367346939,0.019727891156462583,0.013772796352583588,0.13271712420490706,98.4093567251462,0.001763815011820331,0.010161635369622059
3754245,West Bromwich Albion,40,50,67,tied,middle,medium,0.04336734693877551,0.027891156462585033,0.05441898527004909,0.11889037156954625,235.63163163163162,0.0013205526004728132,0.00424391238593689
3754245,Sunderland,40,50,30,tied,middle,low,0.01870748299319728,0.04178814382896015,0.014608387295713844,0.14726477096948778,70.76023391812865,0.0027611554373522455,0.01413223140495868
3754245,West Bromwich Albion,45,55,57,tied,middle,medium,0.039965986394557826,0.014965986394557823,0.056427304964539,0.10515455558258635,204.55576923076924,0.0018469267139479906,0.004888642367607103
3754245,Sunderland,45,55,38,tied,middle,low,0.02465986394557823,0.008503401360544217,0.013022743947175348,0.12500945662828314,94.5,0.002179373522458629,0.010582010582010581
3754245,West Bromwich Albion,50,60,59,leading,middle,medium,0.04081632653061224,0.006122448979591836,0.033991894630192504,0.13863129058514123,179.01136363636363,0.001375960401891253,0.005586237542055482
3754245,Sunderland,50,60,31,trailing,middle,low,0.022108843537414966,0.0,0.0290848336061102,0.14185256681091485,117.92490118577075,0.0013297872340425532,0.00847997318585554
3754245,West Bromwich Albion,55,65,62,leading,middle,medium,0.041666666666666664,0.02211521634752967,0.03775895856662934,0.11922394884733008,181.16560846560847,0.002714982269503546,0.005519811450250144
3754245,West Bromwich Albion,60,70,73,leading,late,medium,0.04846938775510204,0.028931451409360744,0.03273915062478892,0.13260124023657627,184.1764705882353,0.002114731087470449,0.005429575215586074
3754245,Sunderland,60,70,20,trailing,late,low,0.011904761904761904,0.018427416716149506,0.002192982456140351,0.13555322318143748,32.81944444444444,0.0020039154846335696,0.030469741853575965
3754245,West Bromwich Albion,65,75,68,leading,late,medium,0.04421768707482993,0.016402116402116404,0.03269587977034785,0.12407340798990094,168.21988795518206,0.003112071513002364,0.005944600321374752
3754245,Sunderland,65,75,42,trailing,late,low,0.027210884353741496,0.0,0.04443705673758865,0.09822758736417633,171.02564102564102,0.0012189716312056738,0.005847076461769116
3754245,West Bromwich Albion,70,80,44,leading,late,low,0.02891156462585034,0.00557107947232427,0.040269718461207825,0.13023245937997932,143.68817204301075,0.0020870271867612297,0.006959515078949338
3754245,Sunderland,70,80,50,trailing,late,low,0.031462585034013606,0.004040563133773645,0.02346520390070922,0.13006768943107025,132.64102564102564,0.002484116430260047,0.007539145563502803
3754245,West Bromwich Albion,75,85,55,leading,late,medium,0.031462585034013606,0.01111111111111111,0.03184301322599195,0.09519381477605825,168.75205254515598,0.00203161938534279,0.005925853848399339
3754245,Sunderland,75,85,32,trailing,late,low,0.01870748299319728,0.0,0.003221040189125295,0.09047737488786994,62.872727272727275,0.0018561613475177306,0.015905147484094852
3754245,West Bromwich Albion,80,90,47,leading,late,low,0.02891156462585034,0.02585034013605442,0.010380919698009607,0.10930825275748937,100.54473684210527,0.0020870271867612297,0.009945821446331824
3754245,Sunderland,80,90,45,trailing,late,low,0.027210884353741496,0.00314266021515728,0.036316947909024205,0.13625750997775155,134.42364532019704,0.0016714686761229313,0.007439167399589564
3754136,Newcastle United,0,10,56,tied,early,medium,0.034013605442176874,0.021375735568839822,0.02274147247551503,0.1116683517408318,141.08289241622575,0.002881205673758865,0.007088031602370178
3754136,Aston Villa,0,10,48,tied,early,low,0.034013605442176874,0.022791776690770503,0.04565602836879432,0.10003380289801513,196.84677419354838,0.002428708628841607,0.005080093408169118
3754136,Newcastle United,5,15,67,tied,early,medium,0.04421768707482993,0.049768494312859575,0.037318473488686256,0.12925777475677083,185.69747899159663,0.0022070774231678484,0.005385102724228438
3754136,Aston Villa,5,15,49,tied,early,low,0.03741496598639456,0.018391642371234206,0.028265366430260043,0.14126120370365555,146.3241379310345,0.0028073286052009453,0.006834142432954706
3754136,Newcastle United,10,20,59,tied,early,medium,0.03741496598639456,0.02398768954988695,0.028347065776665275,0.1285613344512489,152.4820788530466,0.0028073286052009453,0.006558147734618322
3754136,Aston Villa,10,20,57,tied,early,medium,0.03571428571428571,0.025475473569448064,0.025108670784717457,0.1351800048967232,142.17372134038803,0.0023917700945626473,0.007033648627694215
3754136,Newcastle United,15,25,57,tied,early,medium,0.03826530612244898,0.036980323494438236,0.032624113475177303,0.1427194602779816,160.28819444444446,0.002336362293144208,0.00623876264540866
3754136,Aston Villa,15,25,60,tied,early,medium,0.03826530612244898,0.04008089852044783,0.0332849774339136,0.1349685580461129,152.78282828282826,0.0032413563829787233,0.0065452381739446635
3754136,Newcastle United,20,30,73,tied,early,medium,0.04421768707482993,0.03196923330409122,0.03454491725768321,0.12551241019896878,188.96428571428572,0.0026595744680851063,0.005292005292005292
3754136,Aston Villa,20,30,43,tied,early,low,0.031462585034013606,0.05351473922902494,0.01879432624113475,0.12035725979442896,115.52,0.0033891105200945623,0.00865650969529086
3754136,Newcastle United,25,35,47,tied,early,low,0.030612244897959183,0.012281777767751936,0.01437647754137116,0.13270201084634586,108.43478260869566,0.0025025856973995265,0.009222133119486768
3754136,Aston Villa,25,35,58,tied,early,medium,0.03486394557823129,0.01735301644461278,0.020251551418439716,0.1347097409313991,133.994301994302,0.001505245271867612,0.007463003912229971
3754136,Newcastle United,30,40,29,tied,middle,low,0.021258503401360544,0.01603498542274052,0.00971483451536643,0.14287339756693887,68.56862745098039,0.0031582446808510636,0.014583929082070348
3754136,Aston Villa,30,40,54,tied,middle,medium,0.03231292517006803,0.021372780675154718,0.016915112512039226,0.14399537614979097,119.1564558629776,0.00201315011820331,0.008392327488742506
3754136,Newcastle United,35,45,41,leading,middle,low,0.02806122448979592,0.02610581750752779,0.024468085106382983,0.12255141156956578,121.09435897435897,0.003462987588652482,0.00825802298694809
3754136,Aston Villa,35,45,47,trailing,middle,low,0.027210884353741496,0.02466410365954994,0.02476359338061466,0.1073877137042684,121.55,0.002123965721040189,0.008227067050596462
3754136,Newcastle United,40,50,49,leading,middle,low,0.03316326530612245,0.01832145838930753,0.026447990543735225,0.1275587222967585,154.58201058201058,0.0019946808510638296,0.006469058050383352
3754136,Aston Villa,40,50,79,trailing,middle,medium,0.05357142857142857,0.029790702924264213,0.04905265545109682,0.1189393365914321,238.40346991509784,0.002456412529550827,0.004194569820464979
3754136,Newcastle United,45,55,37,leading,middle,low,0.026360544217687076,0.021359738604369453,0.011752786220871328,0.08914723656503923,133.94117647058823,0.0012374408983451535,0.007465963987703118
3754136,Aston Villa,45,55,72,trailing,middle,medium,0.050170068027210885,0.0402332361516035,0.053675048355899424,0.1251450324931888,233.04615926708948,0.002077792553191489,0.004290995411144795
3754136,Newcastle United,50,60,25,leading,middle,low,0.01870748299319728,0.044217687074829926,0.011332099907493063,0.15076154598632077,74.98333333333333,0.0014036643026004727,0.013336296954878861
3754136,Aston Villa,50,60,44,trailing,middle,low,0.027210884353741496,0.012698412698412698,0.04681959219858156,0.09193455103947114,181.18827160493828,0.0016714686761229313,0.005519121028873179
3754136,Newcastle United,55,65,38,tied,middle,low,0.027210884353741496,0.01530612244897959,0.03226950354609929,0.13933975132847082,125.53968253968254,0.0016714686761229313,0.007965608800101151
3754136,Aston Villa,55,65,47,tied,middle,low,0.02976190476190476,0.027861266975587228,0.024347771023302933,0.13360624704440052,125.62615384615384,0.0020685579196217494,0.007960125892452576
3754136,Newcastle United,60,70,32,tied,late,low,0.023809523809523808,0.0,0.017628205128205128,0.14963246913947276,89.57359307359307,0.0017453457446808508,0.011164004542928256
3754136,Aston Villa,60,70,70,tied,late,medium,0.047619047619047616,0.03898630010145021,0.02961873401843006,0.12434454005962492,182.15593434343432,0.0025856973995271866,0.005489801930441715
3754136,Newcastle United,65,75,30,tied,late,low,0.017006802721088437,0.0,0.0020896656534954406,0.09273347394567069,55.285714285714285,0.000988105791962175,0.018087855297157625
3754136,Aston Villa,65,75,65,tied,late,medium,0.039965986394557826,0.036693679797596176,0.021723141581297605,0.10625340302752607,153.54144620811286,0.0022994237588652476,0.0065128994463461145
3754136,Newcastle United,70,80,47,tied,late,low,0.025510204081632654,0.030910544182314686,0.035522132550745905,0.11524749544570313,133.3190883190883,0.0017084072104018911,0.007500801367667486
3754136,Aston Villa,70,80,32,tied,late,low,0.021258503401360544,0.00557107947232427,0.01234802431610942,0.12257995340840874,84.16374269005848,0.0018007535460992908,0.01188160088938299
3754136,Newcastle United,75,85,48,tied,late,low,0.02806122448979592,0.006571016813510676,0.03139775413711584,0.15877588356529218,131.1904761904762,0.0016529994089834515,0.007622504537205081
3754136,Aston Villa,75,85,24,tied,late,low,0.0195578231292517,0.0538751341804553,0.0015514184397163121,0.08396183770810224,57.42857142857143,0.001385195035460993,0.017412935323383085
3754136,Newcastle United,80,90,50,tied,late,low,0.02976190476190476,0.005668934240362812,0.010714285714285714,0.10154022604375545,122.44852941176471,0.0016160608747044917,0.008166696691286855
3754136,Aston Villa,80,90,39,tied,late,low,0.02806122448979592,0.04809416394414793,0.015929742907801418,0.10854621700289005,116.64502164502164,0.0021054964539007092,0.00857301911300798
3754037,Everton,0,10,72,tied,early,medium,0.0467687074829932,0.016393931699853922,0.04442095532521064,0.13105565054119916,202.60863697705804,0.0016991725768321514,0.004935623746944375
3754037,AFC Bournemouth,0,10,52,tied,early,medium,0.03571428571428571,0.009791158945888676,0.04473150962512664,0.12420310869022386,172.48739495798318,0.002844267139479905,0.005797525090129592
3754037,Everton,5,15,61,tied,early,medium,0.041666666666666664,0.041739534146797465,0.040215989684074784,0.13474617700521516,193.00347222222223,0.002262485224586288,0.005181253935414231
3754037,AFC Bournemouth,5,15,54,tied,early,medium,0.03741496598639456,0.038240743630017594,0.03633882631066611,0.1383565755205402,170.94354838709677,0.0019023345153664304,0.005849884417606265
3754037,Everton,10,20,73,tied,early,medium,0.04421768707482993,0.029409444310976297,0.03799743892828999,0.13079375939348054,189.6973544973545,0.0017545803782505912,0.00527155480185648
3754037,AFC Bournemouth,10,20,59,tied,early,medium,0.039965986394557826,0.06396602216590618,0.018526727081691622,0.1112053655080046,144.3846153846154,0.0022994237588652476,0.006925945657964837
3754037,Everton,15,25,98,tied,early,high,0.055272108843537414,0.0433315031426213,0.035793439716312055,0.11505039702771325,223.14285714285714,0.0033244680851063826,0.004481434058898848
3754037,AFC Bournemouth,15,25,46,tied,early,low,0.02891156462585034,0.032815037549304045,0.02578981302385558,0.09991987457391686,147.42,0.0016345301418439714,0.006783340116673451
3754037,Everton,20,30,90,tied,early,high,0.05272108843537415,0.051976532061586464,0.04813754015881675,0.12458822953955309,250.58029689608637,0.0029273788416075653,0.003990736751400259
3754037,AFC Bournemouth,20,30,47,tied,early,low,0.03231292517006803,0.056086689878628145,0.028285682624113476,0.13674254666945504,149.83333333333334,0.00201315011820331,0.006674082313681868
3754037,Everton,25,35,73,tied,early,medium,0.04846938775510204,0.0439524750560833,0.03490892794601423,0.13758021653342187,193.6931216931217,0.0030197251773049646,0.005162805944055944
3754037,AFC Bournemouth,25,35,54,tied,early,medium,0.03486394557823129,0.028344671201814064,0.025843541800988606,0.13195202613619253,141.30213464696223,0.001505245271867612,0.00707703392095569
3754037,Everton,30,40,76,tied,middle,medium,0.04591836734693878,0.05046434060288095,0.04480544374161395,0.12341993290410669,229.76576576576576,0.0021701388888888886,0.004352258469259724
3754037,AFC Bournemouth,30,40,35,tied,middle,low,0.021258503401360544,0.01530612244897959,0.035202423167848704,0.13704660653137202,110.17028985507247,0.0018007535460992908,0.009076857302594797
3754037,Everton,35,45,84,tied,middle,high,0.05187074829931973,0.08239297010547868,0.030779838758562165,0.11435347244354294,217.8235294117647,0.0024933510638297874,0.004590872265730489
3754037,AFC Bournemouth,35,45,23,tied,middle,low,0.017006802721088437,0.0,0.004432624113475178,0.12982296026102488,51.92727272727273,0.0014406028368794325,0.01925770308123249
3754037,Everton,40,50,78,tied,middle,medium,0.0467687074829932,0.03119504263662895,0.04211680136346143,0.11149455045562928,226.57624831309042,0.0026041666666666665,0.00441352528098253
3754037,AFC Bournemouth,40,50,46,tied,middle,low,0.02976190476190476,0.019089808781151626,0.025234295845997973,0.14479500905708378,136.20410256410258,0.0020685579196217494,0.007341922755442434
3754037,Everton,45,55,59,tied,middle,medium,0.036564625850340135,0.007312925170068026,0.04476950354609929,0.12808852159876116,200.592394533571,0.0019208037825059103,0.004985233873523758
3754037,AFC Bournemouth,45,55,57,tied,middle,medium,0.03571428571428571,0.03463993220918398,0.02577617095153664,0.11805370941436655,159.5740740740741,0.00193927304964539,0.0062666821399559
3754037,Everton,50,60,32,tied,middle,low,0.02465986394557823,0.01838009960491728,0.011731678486997636,0.11578553568914657,104.0,0.0012743794326241136,0.009615384615384616
3754037,AFC Bournemouth,50,60,62,tied,middle,medium,0.03826530612244898,0.03338427615939695,0.057487725040916524,0.09393609300741991,241.33333333333334,0.002336362293144208,0.004143646408839779
3754037,Everton,55,65,39,tied,middle,low,0.02806122448979592,0.01292517006802721,0.03720544497826585,0.12342760464189619,145.78703703703704,0.0016529994089834515,0.006859320419180692
3754037,AFC Bournemouth,55,65,49,tied,middle,low,0.02976190476190476,0.036786306631539964,0.006660916235384321,0.0,106.88333333333334,0.0016160608747044917,0.009355995633868703
3754037,Everton,60,70,86,leading,late,high,0.05187074829931973,0.043214296457606466,0.045707742316784865,0.11969158802970245,240.35352564102564,0.0020408540189125295,0.004160538096260449
3754037,AFC Bournemouth,60,70,27,trailing,late,low,0.01870748299319728,0.02999812023559222,0.011493161094224923,0.12170725904948912,90.2,0.0009511672576832152,0.011086474501108647
3754037,Everton,65,75,65,leading,late,medium,0.03826530612244898,0.03426681117814591,0.03319953375361177,0.11198655091851514,194.13333333333333,0.0018838652482269503,0.005151098901098901
3754037,AFC Bournemouth,65,75,60,trailing,late,medium,0.034013605442176874,0.0430726603397295,0.05345223195661243,0.11186553703736098,213.08674985145575,0.002428708628841607,0.004692924363889857
3754037,Everton,70,80,55,leading,late,medium,0.04081632653061224,0.08202813407541479,0.02313275709219858,0.13924077123773387,149.7536945812808,0.0027334515366430256,0.006677631578947368
3754037,AFC Bournemouth,70,80,71,trailing,late,medium,0.04336734693877551,0.05062267284590872,0.04071015304217992,0.11179764586469516,206.29708994708994,0.0022255466903073283,0.004847378119858477
3754037,Everton,75,85,65,leading,late,medium,0.047619047619047616,0.036905325379852624,0.029468258934779588,0.1384763406451703,171.20231729055257,0.0030381944444444445,0.005841042433455326
3754037,AFC Bournemouth,75,85,65,trailing,late,medium,0.041666666666666664,0.08114308980821737,0.048547787909490034,0.1255580138779894,214.16470588235293,0.002262485224586288,0.004669303449791255
3754037,Everton,80,90,50,leading,late,low,0.030612244897959183,0.006122448979591836,0.030104905437352246,0.15211726709550916,132.0568783068783,0.0020500886524822694,0.007572494616116593
3754037,AFC Bournemouth,80,90,68,trailing,late,medium,0.04336734693877551,0.021921632464185607,0.053941625750136384,0.10457913739396926,228.79892037786774,0.0017730496453900709,0.004370649994101687
3754039,Crystal Palace,0,10,44,tied,early,low,0.026360544217687076,0.025579627243302327,0.017865402405180385,0.15439865707863223,110.04920634920634,0.0025949320330969266,0.009086844268797509
3754039,Watford,0,10,57,tied,early,medium,0.039965986394557826,0.01987366375121477,0.07249045280960174,0.10080876929945913,257.36572199730097,0.0022994237588652476,0.0038855213205528866
3754039,Crystal Palace,5,15,26,tied,early,low,0.01445578231292517,0.0,0.007092198581560283,0.12238955294806733,56.13333333333333,0.0010435135933806146,0.017814726840855107
3754039,Watford,5,15,57,tied,early,medium,0.03486394557823129,0.029032865927046885,0.03643062943262411,0.13544996583539082,171.0356182795699,0.00195774231678487,0.005846735376285358
3754039,Crystal Palace,10,20,31,trailing,early,low,0.0195578231292517,0.0,0.01568466993998909,0.14459002277029814,87.27485380116958,0.0018376920803782504,0.01145805414098097
3754039,Watford,10,20,42,leading,early,low,0.021258503401360544,0.009642252932868927,0.02339061647572286,0.15199883534050923,112.67099567099567,0.001348256501182033,0.008875398624505322
3754039,Crystal Palace,15,25,46,trailing,early,low,0.030612244897959183,0.0,0.04753337505214852,0.12077679544634033,175.36290322580646,0.0020500886524822694,0.005702460335709358
3754039,Watford,15,25,23,leading,early,low,0.01445578231292517,0.0,0.004643701452212091,0.1424816674750783,45.13636363636363,0.0019485076832151298,0.022155085599194362
3754039,Crystal Palace,20,30,58,trailing,early,medium,0.03571428571428571,0.06361163099627228,0.05656986774008051,0.1057063071531452,209.5007507507508,0.0023917700945626477,0.004773252584615935
3754039,Watford,20,30,38,leading,early,low,0.026360544217687076,0.032209675933765065,0.046471059254175245,0.11438681399807674,159.05418719211823,0.0016899379432624112,0.006287165510406343
3754039,Crystal Palace,25,35,51,trailing,early,medium,0.02976190476190476,0.006571016813510676,0.036430629432624116,0.12844819413874262,153.72911877394637,0.002521054964539007,0.006504948496260278
3754039,Watford,25,35,74,leading,early,medium,0.041666666666666664,0.026516006255370823,0.027565101368292856,0.123657519212623,167.31111111111113,0.002714982269503546,0.005976889361136936
3754039,Crystal Palace,30,40,34,trailing,middle,low,0.02295918367346939,0.0,0.0376608878381928,0.150305060187552,132.81333333333333,0.0013113179669030732,0.007529364521634374
3754039,Watford,30,40,65,leading,middle,medium,0.0391156462585034,0.004856838514333978,0.03682771867612294,0.12759120914017977,178.09863339275103,0.0018653959810874708,0.005614866217388404
3754039,Crystal Palace,35,45,38,trailing,middle,low,0.026360544217687076,0.0,0.029078014184397163,0.13735732790830993,129.195,0.0012374408983451535,0.007740237625295097
3754039,Watford,35,45,36,leading,middle,low,0.023809523809523808,0.0,0.030667192014709747,0.15001430187321307,115.17333333333333,0.0017453457446808508,0.008682565408659412
3754039,Crystal Palace,40,50,62,tied,middle,medium,0.036564625850340135,0.0,0.03786727456940223,0.09800132415431609,182.86837121212125,0.0014683067375886522,0.005468414211662842
3754039,Watford,40,50,36,tied,middle,low,0.022108843537414966,0.005782312925170068,0.02613719735876742,0.1129671380465916,115.04347826086956,0.0022347813238770687,0.008692365835222978
3754039,Crystal Palace,45,55,64,tied,middle,medium,0.03741496598639456,0.014625850340136052,0.04649101105063499,0.09958783903950452,234.23295454545453,0.0014498374704491725,0.004269254093389934
3754039,Watford,45,55,29,tied,middle,low,0.0195578231292517,0.01530612244897959,0.0029652726828075324,0.09513533185839042,56.07272727272727,0.001385195035460993,0.017833981841763942
3754039,Crystal Palace,50,60,73,tied,middle,medium,0.04336734693877551,0.04902947825738165,0.0809245972840728,0.09225962396422216,302.1279069767442,0.0013205526004728132,0.003309856444598391
3754039,Watford,50,60,25,tied,middle,low,0.0195578231292517,0.0,0.015038087733123194,0.14113936571507188,94.94117647058823,0.0009326979905437354,0.010532837670384139
3754039,Crystal Palace,55,65,72,tied,middle,medium,0.03826530612244898,0.028197806111731116,0.027992021276595745,0.10796328305744166,197.91720430107526,0.0018838652482269503,0.005052617853669668
3754039,Watford,55,65,30,tied,middle,low,0.023809523809523808,0.0,0.0114726741760534,0.10807664614799017,107.86764705882354,0.0012928486997635933,0.009270620313565098
3754039,Crystal Palace,60,70,49,tied,late,low,0.026360544217687076,0.004897652283361995,0.03813585228662265,0.1248902784263076,125.60344827586206,0.0025949320330969266,0.007961564859299932
3754039,Watford,60,70,39,tied,late,low,0.02806122448979592,0.021881638604846217,0.015729483282674775,0.09867779980317273,146.34473684210528,0.0012005023640661936,0.006833180485875096
3754039,Crystal Palace,65,75,43,tied,late,low,0.023809523809523808,0.0,0.011342302878598247,0.0978484545261199,118.8970588235294,0.0012928486997635933,0.008410636982065555
3754039,Watford,65,75,47,tied,late,low,0.02806122448979592,0.005886732940030238,0.011290154359616186,0.09951594235390614,109.45833333333333,0.0016529994089834515,0.009135896459840122
3754039,Crystal Palace,70,80,41,tied,late,low,0.017857142857142856,0.0,0.005382472137791286,0.10434780026703575,68.97435897435898,0.0014221335697399526,0.01449814126394052
3754039,Watford,70,80,34,tied,late,low,0.0195578231292517,0.008503401360544217,0.0422308188265635,0.12859251650534462,126.64935064935065,0.001385195035460993,0.007895816242821985
3754039,Crystal Palace,75,85,40,tied,late,low,0.0195578231292517,0.0,0.005614657210401891,0.10632855587473353,73.56363636363636,0.001385195035460993,0.013593672763222936
3754039,Watford,75,85,28,tied,late,low,0.016156462585034014,0.0,0.005440038684719536,0.13327247278367607,59.18181818181818,0.0014590721040189125,0.016897081413210446
3754039,Crystal Palace,80,90,38,trailing,late,low,0.023809523809523808,0.003401360544217687,0.01826241134751773,0.0984461080200802,135.9561403508772,0.0017453457446808508,0.007355313246015871
3754039,Watford,80,90,27,leading,late,low,0.016156462585034014,0.0,0.0009547190398254227,0.09023388754198781,49.0,0.0005540780141843972,0.02040816326530612
3754041,Arsenal,0,10,117,leading,early,high,0.05782312925170068,0.03019980993070964,0.025771432126415333,0.12240646869636572,203.36571598336303,0.0028165632387706857,0.0049172496709416254
3754041,Aston Villa,0,10,28,trailing,early,low,0.02040816326530612,0.027308066083576287,0.020736971939562133,0.13084306778818974,88.53333333333333,0.0027242169030732856,0.011295180722891566
3754041,Arsenal,5,15,58,leading,early,medium,0.0391156462585034,0.0380952380952381,0.041013437849944004,0.13232831949570925,174.36190476190475,0.0014128989361702126,0.0057351977277692815
3754041,Aston Villa,5,15,68,trailing,early,medium,0.04336734693877551,0.050140423774680226,0.033472644376899695,0.12875814656415444,183.94128787878788,0.0022255466903073283,0.00543651733404722
3754041,Arsenal,10,20,59,leading,early,medium,0.04081632653061224,0.0197728845800221,0.039984542644117105,0.11854180144296197,197.87899159663866,0.0018284574468085107,0.005053593572168714
3754041,Aston Villa,10,20,57,trailing,early,medium,0.03486394557823129,0.028890646240817205,0.03302528834443728,0.13340102409453236,150.64086021505378,0.00195774231678487,0.006638305162174508
3754041,Arsenal,15,25,75,leading,early,medium,0.047619047619047616,0.03674370629180285,0.04864141965205794,0.10424563863123133,235.33833833833836,0.0021332003546099287,0.004249201413848398
3754041,Aston Villa,15,25,61,trailing,early,medium,0.039965986394557826,0.048148765721517606,0.03907708100037327,0.12972949932855968,187.37058823529412,0.0018469267139479906,0.005337016921483063
3754041,Arsenal,20,30,98,leading,early,high,0.055272108843537414,0.05751846383888551,0.020757217565728202,0.1446910393298053,172.14121510673235,0.0024194739952718676,0.005809184043344716
3754041,Aston Villa,20,30,61,trailing,early,medium,0.04081632653061224,0.048238752568636634,0.04080547112462006,0.11917462576829278,193.5843137254902,0.0018284574468085107,0.005165707803257434
3754041,Arsenal,25,35,92,leading,early,high,0.05272108843537415,0.05266926244399161,0.037356467409658894,0.1276681203423545,229.29299719887956,0.0029273788416075653,0.004361232188581146
3754041,Aston Villa,25,35,34,trailing,early,low,0.025510204081632654,0.03503401360544217,0.024503546099290778,0.16921762370651405,97.85666666666667,0.0017084072104018911,0.010219027829819123
3754041,Arsenal,30,40,51,leading,middle,medium,0.03316326530612245,0.026152433058137126,0.047068927304964536,0.11738702183157473,215.82988505747127,0.001542183806146572,0.004633278657094775
3754041,Aston Villa,30,40,74,trailing,middle,medium,0.0467687074829932,0.02568266512163658,0.023591410559495662,0.16076342516633152,158.5655172413793,0.0021516696217494086,0.006306541405706333
3754041,Arsenal,35,45,57,leading,middle,medium,0.03826530612244898,0.03816809783480662,0.040752437943262415,0.1276527894609844,189.75974462365593,0.0018838652482269503,0.005269821594581433
3754041,Aston Villa,35,45,99,trailing,middle,high,0.05952380952380952,0.04591408921455349,0.0306807120011125,0.12941573109915164,214.79946524064172,0.004137115839243499,0.004655505072508869
3754041,Arsenal,40,50,80,leading,middle,medium,0.0467687074829932,0.05090413799012643,0.04413960432997387,0.11704528228384997,242.93809523809523,0.0016991725768321514,0.004116274967167807
3754041,Aston Villa,40,50,70,trailing,middle,medium,0.04591836734693878,0.024365641595045295,0.039792299898682874,0.1179307385357403,219.0,0.0035276300236406614,0.0045662100456621
3754041,Arsenal,45,55,77,leading,middle,medium,0.03826530612244898,0.028082607366571255,0.028573743613208268,0.14327389913374627,178.47963875205255,0.0023363622931442075,0.0056028800091265304
3754041,Aston Villa,45,55,55,trailing,middle,medium,0.03231292517006803,0.014716832350075594,0.04498480243161094,0.1190727938055151,188.58198924731184,0.00201315011820331,0.005302733330957556
3754041,Arsenal,50,60,43,leading,middle,low,0.02891156462585034,0.03685483343229901,0.037434225577671,0.13348025559203933,163.32539682539684,0.0016345301418439714,0.006122746489139414
3754041,Aston Villa,50,60,70,trailing,middle,medium,0.0391156462585034,0.014375767361380793,0.051908361328854055,0.11828308061590648,205.43243243243242,0.002317893026004728,0.004867780555190107
3754041,Arsenal,55,65,29,leading,middle,low,0.016156462585034014,0.02943366470015119,0.006668208448967006,0.13021950969868115,77.16666666666667,0.001006575059101655,0.012958963282937365
3754041,Aston Villa,55,65,46,trailing,middle,low,0.022108843537414966,0.011318616808754354,0.02274277141298418,0.140987631968723,116.16161616161615,0.0017822842789598108,0.008608695652173913
3754041,Arsenal,60,70,44,leading,late,low,0.02465986394557823,0.02292630672715951,0.023239614994934144,0.13264142200472415,126.18972332015811,0.001726876477541371,0.007924575581031134
3754041,Arsenal,65,75,52,leading,late,medium,0.02891156462585034,0.05475808644393183,0.016371158392434984,0.1233264558570267,114.7936507936508,0.0020870271867612297,0.008711283185840708
3754041,Arsenal,70,80,76,leading,late,medium,0.04081632653061224,0.017800701988940973,0.03709459958628842,0.10821158298084767,195.6236559139785,0.0018284574468085107,0.005111856208431814
3754041,Aston Villa,70,80,21,trailing,late,low,0.01445578231292517,0.030612244897959183,0.013506466416353776,0.16818531806520895,58.93333333333333,0.0014960106382978723,0.016968325791855206
3754041,Arsenal,75,85,56,leading,late,medium,0.03316326530612245,0.0,0.03321697695035461,0.1299345839339582,156.93793103448274,0.0019946808510638296,0.006371945860432414
3754041,Aston Villa,75,85,47,trailing,late,low,0.02806122448979592,0.022489026110086064,0.018810948581560284,0.11487967996706881,136.83794466403162,0.0016529994089834515,0.00730791450028885
3754041,Arsenal,80,90,38,leading,late,low,0.026360544217687076,0.0,0.029698581560283682,0.1193284139846259,143.16615384615383,0.0012374408983451535,0.0069848911431580315
3754041,Aston Villa,80,90,42,trailing,late,low,0.027210884353741496,0.011427855327844655,0.03806683859875349,0.10320828867530092,190.00923076923078,0.0012189716312056738,0.005262902207180217
3754042,West Bromwich Albion,0,10,36,tied,early,low,0.022108843537414966,0.0,0.012211164493250971,0.11308708653882436,108.23529411764706,0.0013297872340425532,0.00923913043478261
3754042,Liverpool,0,10,85,tied,early,high,0.05357142857142857,0.07374128625263136,0.03596631205673759,0.1135699781007736,228.57207207207205,0.002908909574468085,0.004374987683030172
3754042,West Bromwich Albion,5,15,40,tied,early,low,0.02465986394557823,0.0,0.043764775413711585,0.13990701385075743,151.2804232804233,0.0012743794326241136,0.0066102406267487404
3754042,Liverpool,5,15,70,tied,early,medium,0.04336734693877551,0.06133994265135589,0.03431784247853677,0.12065911969303557,201.1042780748663,0.0017730496453900709,0.004972544639889381
3754042,West Bromwich Albion,10,20,35,leading,early,low,0.025510204081632654,0.0,0.03615946701053084,0.1330145488714476,145.04273504273505,0.0012559101654846334,0.006894519740718916
3754042,Liverpool,10,20,72,trailing,early,medium,0.04591836734693878,0.059404753733013044,0.058226794823939276,0.1142985290168363,254.07610241820768,0.0026226359338061465,0.003935828637492267
3754042,West Bromwich Albion,15,25,26,leading,early,low,0.0195578231292517,0.0,0.02403846153846154,0.14181454119657996,112.8,0.0009326979905437354,0.008865248226950355
3754042,Liverpool,15,25,81,trailing,early,high,0.050170068027210885,0.041457284052361765,0.051698793720070316,0.11987904383883365,255.48358074673865,0.002077792553191489,0.003914145860478219
3754042,West Bromwich Albion,20,30,29,tied,early,low,0.021258503401360544,0.0,0.006458966565349544,0.12131524757542454,72.05714285714286,0.0018007535460992908,0.01387787470261697
3754042,Liverpool,20,30,93,tied,early,high,0.05782312925170068,0.05572839462929661,0.03879469562647754,0.1172620872866462,251.40515515515517,0.0028165632387706857,0.0039776431767393474
3754042,West Bromwich Albion,25,35,36,tied,early,low,0.02295918367346939,0.0,0.028475177304964537,0.14838534950833768,101.6,0.001763815011820331,0.00984251968503937
3754042,Liverpool,25,35,87,tied,early,high,0.04931972789115646,0.0314731580260902,0.024189463019250252,0.13009092742729994,186.04745519713262,0.0030012559101654846,0.005374972739833595
3754042,West Bromwich Albion,30,40,41,tied,middle,low,0.026360544217687076,0.017006802721088433,0.03767730496453901,0.1215157288054525,145.6866096866097,0.0016899379432624112,0.006864048811013767
3754042,Liverpool,30,40,58,tied,middle,medium,0.03316326530612245,0.009051635157747413,0.03174867021276596,0.1315035274755825,151.91877394636018,0.0019946808510638296,0.006582464918740604
3754042,West Bromwich Albion,35,45,25,tied,middle,low,0.017006802721088437,0.0,0.0020117294053464264,0.09817128497077615,47.857142857142854,0.0014406028368794325,0.020895522388059702
3754042,Liverpool,35,45,40,tied,middle,low,0.027210884353741496,0.0,0.02189716312056738,0.13268419990559097,114.18333333333334,0.002123965721040189,0.008757845569989783
3754042,West Bromwich Albion,40,50,45,tied,middle,low,0.02976190476190476,0.0024943310657596376,0.013193575302461411,0.11388645003385822,103.06719367588933,0.002521054964539007,0.009702408344838166
3754042,Liverpool,40,50,54,tied,middle,medium,0.03741496598639456,0.0,0.03938036580813736,0.12678274622265967,171.3983193277311,0.0019023345153664304,0.0058343629267910025
3754042,West Bromwich Albion,45,55,63,tied,middle,medium,0.0391156462585034,0.02369557174881812,0.015164240388204554,0.10882580589949593,142.15384615384616,0.002317893026004728,0.007034632034632034
3754042,Liverpool,45,55,85,tied,middle,high,0.05272108843537415,0.03847620096086381,0.03650086256469236,0.12837454866579498,208.3963963963964,0.002474881796690307,0.004798547466712779
3754042,West Bromwich Albion,50,60,37,tied,middle,low,0.023809523809523808,0.02074829931972789,0.02307237679578105,0.13381029760998603,117.491341991342,0.0017453457446808508,0.008511265451999778
3754042,Liverpool,50,60,74,tied,middle,medium,0.04591836734693878,0.01661257194303925,0.03231045254981425,0.12897906208208684,192.75852272727272,0.0017176418439716313,0.005187838056918837
3754042,West Bromwich Albion,55,65,41,tied,middle,low,0.02891156462585034,0.01292517006802721,0.029140928849233586,0.13333172676303426,129.0952380952381,0.0016345301418439714,0.007746219107340464
3754042,Liverpool,55,65,37,tied,middle,low,0.025510204081632654,0.009523809523809523,0.020065011820330974,0.1124158928102698,111.06521739130434,0.002160904255319149,0.00900371892738305
3754042,West Bromwich Albion,60,70,34,tied,late,low,0.02465986394557823,0.0,0.03117612293144208,0.13611569640855617,130.88666666666666,0.0012743794326241136,0.007640197626445271
3754042,Liverpool,60,70,63,tied,late,medium,0.03316326530612245,0.027087533794608504,0.02266179078014184,0.11505091413377808,149.94871794871796,0.003352171985815603,0.0066689466484268125
3754042,Liverpool,65,75,107,tied,late,high,0.05612244897959184,0.03309074431083116,0.04841290434180937,0.10607440752602879,260.67317073170733,0.0037584958628841605,0.0038362214154721358
3754042,West Bromwich Albion,70,80,33,tied,late,low,0.021258503401360544,0.022108843537414963,0.004107565011820331,0.06861477948291914,90.84444444444445,0.001348256501182033,0.011007827788649706
3754042,Liverpool,70,80,73,tied,late,medium,0.04931972789115646,0.047438040630034074,0.04639479905437352,0.11206438773871746,218.3846153846154,0.0016437647754137116,0.004579077139837971
3754042,West Bromwich Albion,75,85,49,tied,late,low,0.03231292517006803,0.01292517006802721,0.05646380892782645,0.11506588192229113,193.45454545454547,0.0015606530732860519,0.005169172932330827
3754042,Liverpool,75,85,44,tied,late,low,0.03231292517006803,0.0,0.027697184612078225,0.1318462082460541,134.24261083743843,0.0015606530732860519,0.007449199578001008
3754042,West Bromwich Albion,80,90,35,tied,late,low,0.02040816326530612,0.015480155807079874,0.004793800893091673,0.09523098014459228,82.33333333333333,0.0013667257683215128,0.012145748987854251
3754042,Liverpool,80,90,48,tied,late,low,0.02891156462585034,0.005886732940030238,0.0238530585106383,0.12868059594743822,136.28333333333333,0.0016345301418439714,0.007337654396477926
3754043,Tottenham Hotspur,0,10,76,leading,early,medium,0.045068027210884355,0.03783684545249036,0.03057167418869547,0.1315537762270077,191.9510752688172,0.0030936022458628843,0.005209660839875753
3754043,AFC Bournemouth,0,10,52,trailing,early,medium,0.03231292517006803,0.03895781586815708,0.02314135485448765,0.13569779702567142,132.64862298195632,0.002918144208037825,0.007538713765132912
3754043,Tottenham Hotspur,5,15,78,leading,early,medium,0.04251700680272109,0.03829261176255076,0.03459979736575482,0.11493526797408449,216.58064516129033,0.002696513002364066,0.004617217753946976
3754043,AFC Bournemouth,5,15,47,trailing,early,low,0.02891156462585034,0.04263835186695688,0.015851063829787234,0.1619240121956087,100.4901185770751,0.0025395242316784868,0.009951227186910007
3754043,Tottenham Hotspur,10,20,85,leading,early,high,0.05102040816326531,0.026669024379381085,0.042109929078014176,0.11109533932991035,225.112685560054,0.0020593232860520094,0.004442219671059928
3754043,AFC Bournemouth,10,20,30,trailing,early,low,0.01870748299319728,0.02108843537414966,0.011927788523533205,0.16045953097705914,70.32352941176471,0.002308658392434988,0.014219991635299037
3754043,Tottenham Hotspur,15,25,96,leading,early,high,0.06377551020408163,0.03530371799114014,0.031985271245489603,0.13447706299088724,226.01944049312468,0.0022347813238770683,0.004424398174857083
3754043,AFC Bournemouth,15,25,26,trailing,early,low,0.01870748299319728,0.013605442176870748,0.014531298180696884,0.14500623184442682,76.06535947712419,0.0014036643026004727,0.01314658876095549
3754043,Tottenham Hotspur,20,30,93,leading,early,high,0.06037414965986394,0.02402591485752351,0.03887806503930947,0.11314265428982066,247.42439024390245,0.0018561613475177301,0.004041638736642877
3754043,AFC Bournemouth,20,30,33,trailing,early,low,0.0195578231292517,0.0,0.012943262411347519,0.11006065971241649,93.79084967320262,0.001385195035460993,0.010662020905923345
3754043,Tottenham Hotspur,25,35,75,leading,early,medium,0.050170068027210885,0.02812139017351725,0.05011011201170775,0.12229626911438855,226.17073170731706,0.002077792553191489,0.004421438585139653
3754043,AFC Bournemouth,25,35,36,trailing,early,low,0.022108843537414966,0.006122448979591836,0.029097011144883483,0.11892036414862144,113.82065217391305,0.0017822842789598108,0.00878575180251158
3754043,Tottenham Hotspur,30,40,54,leading,middle,medium,0.0391156462585034,0.008660344071989862,0.056032915075468266,0.11829626759446128,215.47672064777328,0.0018653959810874708,0.00464087255919696
3754043,AFC Bournemouth,30,40,47,trailing,middle,low,0.03316326530612245,0.0347539473283944,0.030363475177304963,0.13998714585131586,140.32183908045977,0.0019946808510638296,0.007126474442988205
3754043,Tottenham Hotspur,35,45,57,leading,middle,medium,0.03826530612244898,0.048369879363110824,0.053799392097264434,0.11443011676343036,229.5924369747899,0.0032413563829787233,0.004355544168511978
3754043,AFC Bournemouth,35,45,47,trailing,middle,low,0.03231292517006803,0.011530209438239148,0.03766300617707618,0.1372945480103435,149.59139784946237,0.00201315011820331,0.006684876365727429
3754043,Tottenham Hotspur,40,50,55,leading,middle,medium,0.034013605442176874,0.04651164342822198,0.015901204911156867,0.13240038273178495,129.00166666666667,0.004238696808510638,0.007751837831552564
3754043,AFC Bournemouth,40,50,57,trailing,middle,medium,0.03741496598639456,0.038685758994846525,0.03417224848962438,0.11813436533641952,173.13508064516128,0.0019023345153664304,0.005775836972343523
3754043,Tottenham Hotspur,45,55,45,leading,middle,low,0.030612244897959183,0.012856337243825237,0.03086718246292714,0.13547827435660048,146.07512315270935,0.0020500886524822694,0.006845792619695986
3754043,AFC Bournemouth,45,55,71,trailing,middle,medium,0.04421768707482993,0.041702441011581964,0.046715533644698146,0.11637502577549885,211.80566801619435,0.0022070774231678484,0.004721308968575579
3754043,Tottenham Hotspur,50,60,67,leading,middle,medium,0.041666666666666664,0.023286314828323006,0.039448181754971494,0.11156821855349892,190.27629233511587,0.002262485224586288,0.005255515480818773
3754043,AFC Bournemouth,50,60,51,trailing,middle,medium,0.030612244897959183,0.03836613781022658,0.035432395332875774,0.12802105253437154,151.42857142857142,0.0020500886524822694,0.006603773584905661
3754043,Tottenham Hotspur,55,65,67,leading,middle,medium,0.04336734693877551,0.02012036478270041,0.033461966346822414,0.1325163271150737,178.0,0.002678043735224586,0.0056179775280898875
3754043,AFC Bournemouth,55,65,38,trailing,middle,low,0.02295918367346939,0.030606078359933012,0.02287347699581742,0.14049594537858778,108.76839826839827,0.002216312056737589,0.009193846888619132
3754043,Tottenham Hotspur,60,70,36,leading,late,low,0.02465986394557823,0.02557493121821017,0.03382433169667212,0.15768791437764845,117.37846153846154,0.002179373522458629,0.008519450560973052
3754043,AFC Bournemouth,60,70,48,trailing,late,low,0.026360544217687076,0.0,0.04039228723404255,0.12563985675703465,164.88888888888889,0.002142434988179669,0.006064690026954178
3754043,Tottenham Hotspur,65,75,43,leading,late,low,0.027210884353741496,0.005356591316738733,0.025392603850050658,0.15281674980876309,120.18,0.002123965721040189,0.008320852055250457
3754043,AFC Bournemouth,65,75,59,trailing,late,medium,0.03486394557823129,0.016099773242630386,0.02639873916469661,0.11422300165993418,152.86330049261085,0.001505245271867612,0.006541792547834844
3754043,Tottenham Hotspur,70,80,82,leading,late,high,0.045068027210884355,0.011026799393379633,0.03590425531914893,0.13134697974058518,199.49857142857144,0.0026411052009456264,0.005012567222106854
3754043,AFC Bournemouth,70,80,42,trailing,late,low,0.026360544217687076,0.013700375929299964,0.020656028368794325,0.11231046012097196,119.33596837944664,0.002142434988179669,0.00837970323264441
3754043,Tottenham Hotspur,75,85,61,leading,late,medium,0.03571428571428571,0.01273375243333846,0.04563140267927501,0.12506721520276046,195.78823529411764,0.0023917700945626477,0.005107559187597644
3754043,AFC Bournemouth,75,85,37,trailing,late,low,0.027210884353741496,0.04008746355685131,0.009031471631205674,0.10428806374875518,89.07843137254902,0.0025764627659574466,0.011226062073519701
3754043,Tottenham Hotspur,80,90,46,leading,late,low,0.02891156462585034,0.0485251819715972,0.05982612674445207,0.09764724020204296,194.6225806451613,0.0016345301418439714,0.005138149934530025
3754043,AFC Bournemouth,80,90,54,trailing,late,medium,0.034013605442176874,0.017487313514453172,0.04220843183609141,0.11038769146945629,184.36827956989248,0.00197621158392435,0.005423926514543997
3754045,Leicester City,0,10,59,tied,early,medium,0.03231292517006803,0.03720653948511918,0.02186761229314421,0.11372679056564455,138.14083333333335,0.003370641252955083,0.007238989195808625
3754045,Manchester City,0,10,75,tied,early,medium,0.045068027210884355,0.039512245697396545,0.04975037327360956,0.12099295388078786,219.93409198672356,0.0017361111111111112,0.0045468166893396665
3754045,Leicester City,5,15,30,tied,early,low,0.01870748299319728,0.03843537414965986,0.0190836132885405,0.182790385328692,76.80116959064327,0.0018561613475177306,0.013020635041498516
3754045,Manchester City,5,15,60,tied,early,medium,0.0391156462585034,0.02467966342322578,0.047663746349603665,0.12210457149357976,204.14289958407608,0.0018653959810874708,0.004898529422465418
3754045,Leicester City,10,20,34,tied,early,low,0.016156462585034014,0.0,0.017065602836879433,0.18422874435497028,67.42919389978215,0.0014590721040189125,0.014830371567043615
3754045,Manchester City,10,20,61,tied,early,medium,0.03486394557823129,0.009070294784580499,0.03866233254531126,0.14531342322362115,161.9002525252525,0.001505245271867612,0.006176642620393839
3754045,Leicester City,15,25,44,tied,early,low,0.02295918367346939,0.038120825064419286,0.018280753240401078,0.09653447099342316,121.23157894736842,0.0013113179669030732,0.008248675870452376
3754045,Manchester City,15,25,94,tied,early,high,0.055272108843537414,0.02835204585122499,0.03732229569995527,0.13686759200613072,213.8033033033033,0.0019669769503546097,0.004677196210487875
3754045,Leicester City,20,30,28,tied,early,low,0.01870748299319728,0.017006802721088433,0.003273322422258592,0.09640518040869724,55.357142857142854,0.0009511672576832152,0.01806451612903226
3754045,Manchester City,20,30,97,tied,early,high,0.06037414965986394,0.053182694041038925,0.049383701076963486,0.1191296839012026,271.09629629629626,0.0018561613475177301,0.0036887261598994485
3754045,Leicester City,25,35,28,tied,early,low,0.017857142857142856,0.022781695288293224,0.0053191489361702135,0.13744024980548386,56.266666666666666,0.00187463061465721,0.017772511848341232
3754045,Manchester City,25,35,74,tied,early,medium,0.047619047619047616,0.0491577164910943,0.05127412172191985,0.11093051951572662,238.30243902439025,0.0021332003546099287,0.004196348153606812
3754045,Leicester City,30,40,37,tied,middle,low,0.02806122448979592,0.038087817737272815,0.03697666437886067,0.13104860900798077,148.05291005291005,0.0016529994089834515,0.006754342077049532
3754045,Manchester City,30,40,65,tied,middle,medium,0.04421768707482993,0.0358971804241331,0.025662560656961552,0.12447027715033739,174.08366935483872,0.0026595744680851063,0.005744364211221199
3754045,Leicester City,35,45,46,tied,middle,low,0.025510204081632654,0.022108843537414963,0.02340198217857792,0.14986917535768524,105.94202898550725,0.0017084072104018911,0.009439124487004104
3754045,Manchester City,35,45,41,tied,middle,low,0.02976190476190476,0.01564625850340136,0.03723404255319148,0.12452822061840936,137.0989247311828,0.0020685579196217494,0.007294003231321862
3754045,Leicester City,40,50,44,tied,middle,low,0.0195578231292517,0.0,0.00792331560283688,0.12927036593280297,67.5,0.0009326979905437352,0.014814814814814815
3754045,Manchester City,40,50,46,tied,middle,low,0.02806122448979592,0.008503401360544217,0.00975177304964539,0.10699938117795889,110.39542483660131,0.0021054964539007092,0.009058346407743998
3754045,Leicester City,45,55,45,tied,middle,low,0.026360544217687076,0.01499906011779611,0.029255319148936167,0.12364163031880418,126.5923076923077,0.002142434988179669,0.007899374126511514
3754045,Manchester City,45,55,64,tied,middle,medium,0.04081632653061224,0.03680084132402759,0.07667718964423687,0.11654984318617603,269.47317073170734,0.0018284574468085107,0.0037109445711596247
3754045,Leicester City,50,60,64,tied,middle,medium,0.03826530612244898,0.0452078282055157,0.03573859158965542,0.1349687899542312,159.98863636363637,0.002336362293144208,0.006250443923574117
3754045,Manchester City,50,60,43,tied,middle,low,0.02806122448979592,0.008503401360544217,0.011081560283687944,0.09792148760891758,104.57368421052631,0.0016529994089834515,0.009562635260959284
3754045,Leicester City,55,65,36,tied,middle,low,0.022108843537414966,0.017006802721088433,0.011951667980036775,0.11809969972995364,94.66666666666667,0.0017822842789598108,0.01056338028169014
3754045,Manchester City,55,65,54,tied,middle,medium,0.031462585034013606,0.039541346366490315,0.02957630227439472,0.12852794931939815,155.840930674264,0.00203161938534279,0.0064167994613057245
3754045,Leicester City,60,70,20,tied,late,low,0.011904761904761904,0.0,0.002398831873174802,0.1616221219120945,31.666666666666668,0.0015514184397163121,0.031578947368421054
3754045,Manchester City,60,70,47,tied,late,low,0.030612244897959183,0.009750566893424038,0.039944275582573456,0.10936885980054624,184.73563218390805,0.0015975916075650117,0.005413140866102538
3754045,Leicester City,65,75,44,tied,late,low,0.025510204081632654,0.03640221381897845,0.021118287740628162,0.10389927313274931,133.40555555555557,0.0017084072104018911,0.007495939699329529
3754045,Manchester City,65,75,22,tied,late,low,0.013605442176870748,0.0,0.0037475822050290135,0.1252950897352481,47.644444444444446,0.0015144799054373523,0.020988805970149252
3754045,Leicester City,70,80,30,tied,late,low,0.02040816326530612,0.02562358276643991,0.015460992907801419,0.11949884575084908,95.58823529411765,0.0018192228132387705,0.010461538461538461
3754045,Manchester City,70,80,32,tied,late,low,0.016156462585034014,0.0,0.012644643523702875,0.1914959751824157,57.981617647058826,0.0019115691489361702,0.017246845475873438
3754045,Leicester City,75,85,23,tied,late,low,0.012755102040816327,0.0,0.0013086795001688617,0.11713488917563787,32.857142857142854,0.0010804521276595745,0.030434782608695653
3754045,Manchester City,75,85,70,tied,late,medium,0.04251700680272109,0.010856462561452422,0.04116677374980437,0.12109060872252154,201.08408408408408,0.001339021867612293,0.0049730440106927915
3754045,Leicester City,80,90,31,tied,late,low,0.017006802721088437,0.08940719144800778,0.0038544557508479803,0.12646352640933936,49.39393939393939,0.0027980939716312054,0.020245398773006136
3754045,Manchester City,80,90,78,tied,late,medium,0.04421768707482993,0.021329303446158448,0.038041007455901076,0.11393955003911357,183.42010582010582,0.0026595744680851063,0.005451965015115501
3754048,Crystal Palace,0,10,63,tied,early,medium,0.03826530612244898,0.013180393262107007,0.06748670212765957,0.1050578242206181,254.61428571428573,0.0027888593380614654,0.0039275093979689165
3754048,Everton,0,10,51,tied,early,medium,0.03571428571428571,0.0254254740013416,0.026916727806309607,0.14157901820839353,133.35467980295567,0.002844267139479905,0.0074987994532894975
3754048,Crystal Palace,5,15,62,tied,early,medium,0.04081632653061224,0.023316162494427063,0.030332077423167847,0.10691079487344672,179.625,0.002280954491725768,0.0055671537926235215
3754048,Everton,5,15,53,tied,early,medium,0.03486394557823129,0.03424713639814775,0.03456215524034673,0.11315457372380076,168.90919540229888,0.0024102393617021272,0.005920340793870065
3754048,Crystal Palace,10,20,56,tied,early,medium,0.0391156462585034,0.036119211282369744,0.05180337812616648,0.11273764930964371,190.75391180654339,0.002770390070921986,0.005242356450410142
3754048,Everton,10,20,65,tied,early,medium,0.04081632653061224,0.004285445747941746,0.045933067375886524,0.12236918734291188,192.6886886886887,0.0018284574468085107,0.005189718227911229
3754048,Crystal Palace,15,25,53,tied,early,medium,0.03316326530612245,0.025327167664423646,0.036869002920317064,0.11242313622205274,160.94758064516128,0.003352171985815603,0.006213203056495052
3754048,Everton,15,25,62,tied,early,medium,0.041666666666666664,0.030223517978620017,0.04539940276222471,0.11883797360949655,184.33997155049786,0.002262485224586288,0.005424759435454622
3754048,Crystal Palace,20,30,54,tied,early,medium,0.03231292517006803,0.02795518375504752,0.02656714710592542,0.12479864988025126,149.35179487179488,0.002918144208037825,0.00669560081858012
3754048,Everton,20,30,65,tied,early,medium,0.04081632653061224,0.03183473984185296,0.051916137862386455,0.1192929801251254,213.40540540540542,0.002280954491725768,0.004685916919959473
3754048,Crystal Palace,25,35,41,tied,early,low,0.02806122448979592,0.0,0.021813883516011174,0.12643752149723822,125.76,0.0016529994089834515,0.007951653944020356
3754048,Everton,25,35,84,tied,early,high,0.050170068027210885,0.04906700153953514,0.03310518356278681,0.12895072538507057,196.058229352347,0.0029827866430260047,0.005100525508688773
3754048,Crystal Palace,30,40,49,tied,middle,low,0.031462585034013606,0.019047619047619046,0.019883485309017228,0.1404692774783831,126.68478260869566,0.0015791223404255318,0.007893607893607893
3754048,Everton,30,40,68,tied,middle,medium,0.04251700680272109,0.0162956477039369,0.03050003581918475,0.12182794992089005,166.1505376344086,0.002696513002364066,0.0060186383639658295
3754048,Crystal Palace,35,45,44,tied,middle,low,0.02806122448979592,0.0301842354910137,0.038977541371158386,0.1199249790443745,157.11022927689595,0.0016529994089834515,0.00636495793178157
3754048,Everton,35,45,36,tied,middle,low,0.02295918367346939,0.0184645286686103,0.019844517184942716,0.13392281477619164,101.65656565656566,0.002668809101654846,0.00983704292527822
3754048,Crystal Palace,40,50,49,tied,middle,low,0.034013605442176874,0.01020408163265306,0.03519743147402722,0.12478843345788802,168.52755376344086,0.001523714539007092,0.005933747791792446
3754048,Everton,40,50,46,tied,middle,low,0.02806122448979592,0.03242630385487528,0.026507092198581557,0.12229473938641786,129.70871794871795,0.0016529994089834515,0.007709582022045451
3754048,Crystal Palace,45,55,39,tied,middle,low,0.02806122448979592,0.0,0.027330293819655523,0.12114380029112,128.62433862433863,0.0016529994089834515,0.007774578362813657
3754048,Everton,45,55,75,tied,middle,medium,0.04591836734693878,0.0327894193421431,0.037656783556606246,0.12323172457469944,198.62830687830686,0.0017176418439716313,0.005034529144995772
3754048,Everton,50,60,64,tied,middle,medium,0.04081632653061224,0.027487571812097218,0.04400455927051671,0.12130130473523267,202.6218487394958,0.0018284574468085107,0.004935301924353019
3754048,Crystal Palace,55,65,51,tied,middle,medium,0.03486394557823129,0.0021379980563654036,0.01976428869420108,0.12876817006301847,134.8452380952381,0.0024102393617021272,0.007415908890262205
3754048,Everton,55,65,51,tied,middle,medium,0.02976190476190476,0.015329116109162835,0.04661388277492459,0.12703479275015067,184.01970443349754,0.0020685579196217494,0.005434200663882643
3754048,Crystal Palace,60,70,81,tied,late,high,0.05442176870748299,0.01661145974466233,0.04397901891252955,0.13060384604114705,231.77884615384616,0.0019854462174940897,0.004314457581414645
3754048,Everton,60,70,26,tied,late,low,0.013605442176870748,0.0,0.003126166480029862,0.14744038338535403,40.666666666666664,0.0019669769503546097,0.024590163934426233
3754048,Crystal Palace,65,75,96,tied,late,high,0.055272108843537414,0.028480589381902604,0.045632171074850236,0.10942615620512018,263.8771929824561,0.0019669769503546097,0.0037896416461671435
3754048,Crystal Palace,70,80,103,tied,late,high,0.05272108843537415,0.040805044610808215,0.03273492907801419,0.11389672144048908,240.22355912061792,0.0029273788416075653,0.004162789043925093
3754048,Everton,70,80,20,tied,late,low,0.012755102040816327,0.0,0.0022374197906112796,0.12418369633082438,36.0,0.001532949172576832,0.027777777777777776
3754048,Crystal Palace,75,85,97,tied,late,high,0.05187074829931973,0.040997316360123735,0.035643741445813115,0.11810244049414383,237.6216577540107,0.0020408540189125295,0.004208370606669254
3754048,Everton,75,85,26,tied,late,low,0.017857142857142856,0.0,0.0027862208713272545,0.09780768485594439,64.16666666666667,0.000969636524822695,0.015584415584415583
3754048,Crystal Palace,80,90,85,tied,late,high,0.05357142857142857,0.041973461924635004,0.04939913317572892,0.1039311891225961,250.71666666666667,0.0015514184397163121,0.003988566110483281
3754048,Everton,80,90,23,tied,late,low,0.016156462585034014,0.0,0.002386797599563557,0.08895718972958762,50.714285714285715,0.001006575059101655,0.019718309859154928
3754049,Leicester City,0,10,69,tied,early,medium,0.047619047619047616,0.06316698367908057,0.0483686427835364,0.13573474743650624,225.5344129554656,0.0021332003546099287,0.004433913152745615
3754049,Norwich City,0,10,36,tied,early,low,0.022108843537414966,0.009856525220266015,0.01438897981451173,0.13789516972388063,91.10526315789474,0.0017822842789598108,0.01097631426920855
3754049,Leicester City,5,15,59,tied,early,medium,0.0467687074829932,0.018594104308390022,0.04062878394741394,0.12917035079753503,200.46918578497525,0.0016991725768321514,0.004988297807886582
3754049,Norwich City,5,15,28,tied,early,low,0.01870748299319728,0.022108843537414963,0.004858156028368795,0.11034607134150713,60.31111111111111,0.0014036643026004727,0.01658069270449521
3754049,Leicester City,10,20,57,tied,early,medium,0.04081632653061224,0.01730344922022415,0.035568450462067476,0.14778750631130044,168.88636363636363,0.002280954491725768,0.005921141165388239
3754049,Norwich City,10,20,35,tied,early,low,0.022108843537414966,0.01258503401360544,0.022240209682392847,0.15203703581892886,87.87351778656127,0.0022347813238770687,0.011379992803166606
3754049,Leicester City,15,25,48,tied,early,low,0.030612244897959183,0.01755759679027199,0.02643743667679838,0.13834677481818144,135.66,0.0025025856973995265,0.007371369600471768
3754049,Norwich City,15,25,40,tied,early,low,0.027210884353741496,0.04110112778789989,0.020061728395061724,0.12748488334945976,111.58695652173913,0.002123965721040189,0.008961620884473017
3754049,Leicester City,20,30,47,tied,early,low,0.03316326530612245,0.010649685096933361,0.040336879432624116,0.13112205092477636,177.8720430107527,0.001542183806146572,0.005622018969780137
3754049,Norwich City,20,30,51,tied,early,medium,0.03486394557823129,0.006856713196706792,0.03803891377379618,0.10458838255974193,184.71774193548387,0.001505245271867612,0.005413665138616023
3754049,Leicester City,25,35,57,tied,early,medium,0.03826530612244898,0.01886335674893219,0.04397163120567376,0.1414321000198634,210.20454545454547,0.0018838652482269503,0.004757271056330414
3754049,Norwich City,25,35,52,tied,early,medium,0.03486394557823129,0.028582671997068543,0.04272289766970619,0.13522800832231371,180.43371212121212,0.00195774231678487,0.00554220155559521
3754049,Leicester City,30,40,72,tied,middle,medium,0.039965986394557826,0.04931622054111223,0.03859377995016292,0.11993665623732128,203.45770202020202,0.0018469267139479906,0.00491502651445806
3754049,Norwich City,30,40,40,tied,middle,low,0.02806122448979592,0.0,0.025709219858156024,0.06713494013371515,165.31620553359684,0.0012005023640661936,0.006049013747758517
3754049,Leicester City,35,45,57,tied,middle,medium,0.02976190476190476,0.03780471262567375,0.056051246854266754,0.1340635018921015,208.6451612903226,0.001163563829787234,0.004792826221397649
3754049,Norwich City,35,45,47,tied,middle,low,0.03231292517006803,0.055102040816326525,0.011381061912976807,0.08192051859474579,131.7683823529412,0.00201315011820331,0.007589073965570157
3754049,Leicester City,40,50,39,tied,middle,low,0.023809523809523808,0.008503401360544217,0.02594562647754137,0.13523097360716957,135.70158102766797,0.0012928486997635933,0.007369110900750019
3754049,Norwich City,40,50,46,tied,middle,low,0.031462585034013606,0.03707482993197279,0.013913514578408195,0.08109867083048788,135.24561403508773,0.00203161938534279,0.007393955117395252
3754049,Leicester City,45,55,50,tied,middle,low,0.03231292517006803,0.02864746982852551,0.031323877068557916,0.1142837654196563,156.20689655172413,0.00201315011820331,0.0064017660044150115
3754049,Norwich City,45,55,50,tied,middle,low,0.03486394557823129,0.04666478690225888,0.03452521670606777,0.12510398235824186,163.01612903225808,0.001505245271867612,0.006134362323142376
3754049,Leicester City,50,60,66,tied,middle,medium,0.03826530612244898,0.03033414821974366,0.02692221096476415,0.10607166129035646,170.90172413793104,0.0018838652482269503,0.005851316041685583
3754049,Norwich City,50,60,43,tied,middle,low,0.031462585034013606,0.06972789115646258,0.028590425531914893,0.1187977216198961,147.11111111111111,0.0015791223404255318,0.006797583081570997
3754049,Leicester City,55,65,65,tied,middle,medium,0.03571428571428571,0.0,0.038875851759143376,0.13834491743622296,171.79494949494952,0.00193927304964539,0.005820892889691139
3754049,Norwich City,55,65,29,tied,middle,low,0.021258503401360544,0.0,0.011127415015896307,0.11807031700288452,92.52941176470588,0.001348256501182033,0.010807374443738079
3754049,Leicester City,60,70,36,tied,late,low,0.02465986394557823,0.0,0.026880699088145894,0.13859493187961838,121.84782608695652,0.001726876477541371,0.008206958073148975
3754049,Norwich City,60,70,47,tied,late,low,0.036564625850340135,0.02312925170068027,0.035004298302170646,0.13665966031223747,163.46236559139786,0.0014683067375886522,0.006117616103144323
3754049,Leicester City,65,75,32,tied,late,low,0.023809523809523808,0.0,0.007880220646178092,0.09149582305162392,97.53333333333333,0.0017453457446808508,0.010252904989747095
3754049,Norwich City,65,75,64,tied,late,medium,0.04336734693877551,0.027350876676484642,0.02885097412191827,0.14193274286045585,169.30208333333331,0.002678043735224586,0.005906601858118502
3754049,Leicester City,70,80,56,tied,late,medium,0.03571428571428571,0.030134930772852515,0.05000246256895193,0.11184559611214594,203.92156862745097,0.00193927304964539,0.0049038461538461545
3754049,Norwich City,70,80,53,tied,late,medium,0.03486394557823129,0.013309514170317595,0.03204119957294288,0.1482145093693347,141.50537634408602,0.00195774231678487,0.007066869300911854
3754049,Leicester City,75,85,47,tied,late,low,0.02891156462585034,0.008583692819838834,0.022547281323877066,0.15179783306009906,132.20923076923077,0.0016345301418439714,0.00756376838577546
3754049,Norwich City,75,85,38,tied,late,low,0.02465986394557823,0.022108843537414963,0.018931594600777854,0.1160988012270443,122.85714285714286,0.0012743794326241136,0.00813953488372093
3754049,Leicester City,80,90,46,tied,late,low,0.02806122448979592,0.0,0.043520309477756286,0.11652175118860018,158.48817204301076,0.0021054964539007092,0.00630961911611056
3754049,Norwich City,80,90,46,tied,late,low,0.03231292517006803,0.017006802721088437,0.031914893617021274,0.12912408696306782,155.01231527093597,0.00201315011820331,0.006451100341622308
3754050,Sunderland,0,10,60,tied,early,medium,0.03741496598639456,0.030278658270796656,0.02731454859114434,0.09487133848728968,173.80952380952382,0.0028073286052009453,0.005753424657534246
3754050,Crystal Palace,0,10,42,tied,early,low,0.02465986394557823,0.0,0.004642590518850317,0.085112932093759,92.65384615384616,0.001726876477541371,0.0107928601079286
3754050,Sunderland,5,15,41,tied,early,low,0.02891156462585034,0.011337868480725623,0.009219858156028368,0.09473314000553634,94.40441176470588,0.0020870271867612297,0.01059272529013163
3754050,Crystal Palace,5,15,41,tied,early,low,0.025510204081632654,0.0,0.0063099707968293705,0.09579556894822583,90.2967032967033,0.0012559101654846334,0.011074601436047219
3754050,Sunderland,10,20,46,tied,early,low,0.03316326530612245,0.04621666663129428,0.05410263987391647,0.0873759455474589,195.1764705882353,0.001542183806146572,0.005123568414707655
3754050,Crystal Palace,10,20,24,tied,early,low,0.017006802721088437,0.027210884353741496,0.0042109929078014184,0.11587465433471973,54.90909090909091,0.0014406028368794325,0.018211920529801324
3754050,Sunderland,15,25,59,tied,early,medium,0.03826530612244898,0.021810215996956192,0.028083269439652413,0.12547541059690212,174.6766283524904,0.0009788711583924349,0.005724864336069278
3754050,Crystal Palace,15,25,27,tied,early,low,0.017857142857142856,0.0,0.009819967266775777,0.1254842351091133,81.04761904761905,0.000969636524822695,0.012338425381903642
3754050,Sunderland,20,30,52,tied,early,medium,0.036564625850340135,0.039115646258503396,0.05473750216225567,0.09930013142270834,229.1546218487395,0.0010158096926713947,0.004363865724951777
3754050,Crystal Palace,20,30,31,tied,early,low,0.02040816326530612,0.0,0.018585359675785205,0.12967021618260904,120.14379084967321,0.0009142287234042553,0.008323359808508323
3754050,Sunderland,25,35,38,tied,early,low,0.02891156462585034,0.0,0.028823422440443718,0.10198520308505593,179.2,0.001182033096926714,0.005580357142857143
3754050,Crystal Palace,25,35,26,tied,early,low,0.017006802721088437,0.0,0.003900709219858156,0.12449089778869647,54.24242424242424,0.0014406028368794325,0.018435754189944135
3754050,Sunderland,30,40,49,leading,middle,low,0.031462585034013606,0.0,0.03771312414929436,0.13628686521303274,155.8516129032258,0.0015791223404255318,0.006416359647307199
3754050,Crystal Palace,30,40,28,trailing,middle,low,0.017857142857142856,0.0,0.004875886524822694,0.0,50.34444444444444,0.0014221335697399526,0.019863164864268375
3754050,Sunderland,35,45,54,leading,middle,medium,0.03316326530612245,0.009070294784580499,0.04018043387567793,0.13395170886817453,161.49197860962568,0.0019946808510638296,0.006192258021788801
3754050,Crystal Palace,35,45,33,trailing,middle,low,0.022108843537414966,0.0,0.01021032037172903,0.12259377762608528,90.92647058823529,0.0013297872340425532,0.010997897460779558
3754050,Sunderland,40,50,50,leading,middle,low,0.034013605442176874,0.009750566893424038,0.03720796829370046,0.13348496336659912,159.7956989247312,0.001523714539007092,0.006257990713949262
3754050,Crystal Palace,40,50,46,trailing,middle,low,0.02891156462585034,0.023809523809523808,0.04233827638082957,0.11710522112988811,167.82142857142858,0.0016345301418439714,0.005958714620131943
3754050,Sunderland,45,55,56,leading,middle,medium,0.03231292517006803,0.051022539548978424,0.03731463571889104,0.14382022447592477,156.88064516129032,0.0015606530732860519,0.00637427261324615
3754050,Crystal Palace,45,55,47,trailing,middle,low,0.02891156462585034,0.0,0.02733029381965552,0.1158764828799878,143.15099715099714,0.0016345301418439714,0.006985630696970903
3754050,Sunderland,50,60,58,leading,middle,medium,0.02976190476190476,0.03456090102471961,0.03291223404255319,0.1321937096514043,168.46771130104463,0.0016160608747044917,0.005935855555211067
3754050,Crystal Palace,50,60,38,trailing,middle,low,0.02806122448979592,0.0,0.011497958306468945,0.09101880534162245,124.3,0.0012005023640661936,0.008045052292839904
3754050,Sunderland,55,65,46,tied,middle,low,0.02891156462585034,0.007482993197278911,0.05359445519019987,0.1093593005946521,186.5032258064516,0.0020870271867612297,0.0053618375536183755
3754050,Crystal Palace,55,65,35,tied,middle,low,0.023809523809523808,0.0,0.030230496453900708,0.12633532343321033,123.225,0.0012928486997635933,0.008115236356258876
3754050,Sunderland,60,70,39,tied,late,low,0.02465986394557823,0.020172447225744523,0.02682558444969792,0.1562730643705134,114.95111111111112,0.001726876477541371,0.008699350448499845
3754050,Crystal Palace,60,70,35,tied,late,low,0.023809523809523808,0.0,0.0071476063829787224,0.10256957159485343,86.50549450549451,0.0012928486997635933,0.011559959349593495
3754050,Sunderland,65,75,61,trailing,late,medium,0.039965986394557826,0.030070514136817016,0.049327150390980186,0.10494827749907581,218.2072072072072,0.0013944296690307327,0.004582800049543785
3754050,Crystal Palace,65,75,42,leading,late,low,0.030612244897959183,0.02801719859857177,0.03509595327492699,0.0942286900130813,170.1410934744268,0.002502585697399527,0.005877474862651602
3754050,Sunderland,70,80,59,trailing,late,medium,0.0391156462585034,0.020106627878699095,0.05366884888161484,0.11978955375871812,214.75900900900902,0.0018653959810874708,0.00465638207502648
3754050,Crystal Palace,70,80,30,leading,late,low,0.023809523809523808,0.02040816326530612,0.0358725937183384,0.1459500052257358,125.6123076923077,0.0021978427895981084,0.007961003331373702
3754050,Sunderland,75,85,35,trailing,late,low,0.02465986394557823,0.032889948042608606,0.04946197114208852,0.11525666144225312,169.57264957264957,0.0012743794326241136,0.005897177419354839
3754050,Crystal Palace,75,85,27,leading,late,low,0.017857142857142856,0.0,0.0032136524822695034,0.11269288242053305,51.111111111111114,0.0014221335697399526,0.019565217391304346
3754050,Sunderland,80,90,51,trailing,late,medium,0.03741496598639456,0.019284505865737853,0.05907054871220604,0.12099187590717035,204.70981507823612,0.0014498374704491725,0.004884963623350543
3754050,Crystal Palace,80,90,40,leading,late,low,0.02806122448979592,0.020679466495525912,0.034889041409288495,0.11412139267811269,157.23076923076923,0.0016529994089834515,0.006360078277886498
3754052,West Bromwich Albion,0,10,40,tied,early,low,0.02295918367346939,0.0,0.026259476644656398,0.13421089960009197,119.59239130434783,0.0013113179669030732,0.008361735969097932
3754052,Norwich City,0,10,41,tied,early,low,0.02891156462585034,0.03061224489795918,0.025847739361702128,0.1284039212995267,136.85,0.0016345301418439714,0.007307270734380709
3754052,West Bromwich Albion,5,15,41,tied,early,low,0.026360544217687076,0.032908041284823754,0.03261144883485309,0.13226836415325866,132.82051282051282,0.0016899379432624112,0.007528957528957529
3754052,Norwich City,5,15,51,tied,early,medium,0.03571428571428571,0.0353262352206951,0.05052347180006754,0.12539569856835273,182.4579831932773,0.0014867760047281324,0.005480713874496258
3754052,West Bromwich Albion,10,20,58,tied,early,medium,0.041666666666666664,0.032455325798711854,0.04030897031783556,0.1188472813192195,176.91904761904763,0.001809988179669031,0.0056523026404328046
3754052,Norwich City,10,20,32,tied,early,low,0.023809523809523808,0.0,0.030050134507214474,0.13458828124231909,122.86333333333333,0.0017453457446808508,0.008139124772782768
3754052,West Bromwich Albion,15,25,56,tied,early,medium,0.039965986394557826,0.02092646582442501,0.04003737780333525,0.11030092982234092,182.89915966386553,0.0022994237588652476,0.005467493682517804
3754052,Norwich City,15,25,28,tied,early,low,0.01870748299319728,0.0,0.02677304964539007,0.1569895367258228,109.30526315789474,0.0009511672576832152,0.00914869029275809
3754052,West Bromwich Albion,20,30,60,tied,early,medium,0.03316326530612245,0.017795864436899757,0.04988716956802063,0.11339284849022517,214.18172043010753,0.001542183806146572,0.004668932521374172
3754052,Norwich City,20,30,44,tied,early,low,0.02891156462585034,0.030216774046403293,0.04571143617021276,0.10307155378030049,168.86896551724138,0.0020870271867612297,0.005921751204770073
3754052,West Bromwich Albion,25,35,55,tied,early,medium,0.03231292517006803,0.023247695109739678,0.05654366134751773,0.14144241451961373,217.99764784946237,0.0011081560283687944,0.004587205457787999
3754052,Norwich City,25,35,52,tied,early,medium,0.03486394557823129,0.04065908518603786,0.03990704921555985,0.12899865846843625,185.7896551724138,0.00195774231678487,0.005382431002802576
3754052,West Bromwich Albion,30,40,31,tied,middle,low,0.021258503401360544,0.024211922634890075,0.003943506969919295,0.10138871604148396,64.14545454545454,0.0018007535460992908,0.015589569160997734
3754052,Norwich City,30,40,59,tied,middle,medium,0.034013605442176874,0.01898533053649849,0.04147273936170212,0.14672587122850161,171.78057795698925,0.0010712174940898345,0.0058213798782909085
3754052,West Bromwich Albion,35,45,41,tied,middle,low,0.026360544217687076,0.01784499937534451,0.02753946465339739,0.11216213390547701,139.9011111111111,0.002142434988179669,0.0071479060606301275
3754052,Norwich City,35,45,58,tied,middle,medium,0.030612244897959183,0.017428374500871563,0.05244348404255319,0.10993086300465382,185.12836021505376,0.0015975916075650117,0.005401657524748521
3754052,West Bromwich Albion,40,50,45,tied,middle,low,0.02806122448979592,0.017141782991766982,0.016511524822695037,0.0843602477022804,129.38095238095238,0.0016529994089834515,0.007729112992270887
3754052,Norwich City,40,50,53,tied,middle,medium,0.030612244897959183,0.010981839955004692,0.034295845997973654,0.13110900092351302,166.13300492610838,0.0015975916075650117,0.006019273535952557
3754052,West Bromwich Albion,45,55,33,trailing,middle,low,0.023809523809523808,0.01530612244897959,0.04045508274231678,0.10454349345658473,159.3,0.0012928486997635933,0.006277463904582548
3754052,Norwich City,45,55,41,leading,middle,low,0.025510204081632654,0.02108843537414966,0.0063399957016978285,0.09329034330222445,91.52380952380952,0.002160904255319149,0.010926118626430802
3754052,West Bromwich Albion,50,60,35,trailing,middle,low,0.027210884353741496,0.027210884353741496,0.01861702127659574,0.13405454941032022,103.95652173913044,0.002123965721040189,0.009619406106231703
3754052,Norwich City,50,60,50,leading,middle,low,0.03571428571428571,0.0027210884353741495,0.06146572104018913,0.10853991515117119,215.87936507936507,0.00193927304964539,0.004632216699508838
3754052,West Bromwich Albion,55,65,31,trailing,middle,low,0.023809523809523808,0.0,0.02693891557995882,0.12018445095603046,109.07076923076923,0.0026503398345153664,0.0091683592868427
3754052,Norwich City,55,65,50,leading,middle,low,0.036564625850340135,0.01842818396692819,0.031460819927348206,0.10498505660382611,167.67741935483872,0.0023733008274231674,0.0059638322431704496
3754052,West Bromwich Albion,60,70,31,trailing,late,low,0.025510204081632654,0.030612244897959183,0.008787025448477263,0.06915426583193404,111.0,0.0012559101654846334,0.009009009009009009
3754052,Norwich City,60,70,30,leading,late,low,0.02040816326530612,0.0,0.005655416972364882,0.10959862880543368,76.0,0.0018192228132387705,0.013157894736842105
3754052,West Bromwich Albion,65,75,39,trailing,late,low,0.030612244897959183,0.04285714285714286,0.017704422194409677,0.10885084680909596,130.75324675324674,0.0015975916075650117,0.007647993643226063
3754052,Norwich City,65,75,25,leading,late,low,0.01870748299319728,0.023809523809523808,0.019041011409189023,0.15142361061578402,88.23391812865498,0.0018561613475177306,0.011333510074231177
3754052,West Bromwich Albion,70,80,34,trailing,late,low,0.02465986394557823,0.0,0.008643617021276594,0.10298381122106212,99.08333333333333,0.001726876477541371,0.010092514718250631
3754052,Norwich City,70,80,39,leading,late,low,0.02806122448979592,0.0,0.032552083333333336,0.13865987628872273,153.2748717948718,0.0016529994089834515,0.006524226628212762
3754052,West Bromwich Albion,75,85,29,trailing,late,low,0.02040816326530612,0.01530612244897959,0.0062647754137115826,0.09345110759600504,89.1025641025641,0.0013667257683215128,0.011223021582733812
3754052,Norwich City,75,85,63,leading,late,medium,0.03571428571428571,0.012704622265120183,0.0347406914893617,0.14566966401007914,162.7481182795699,0.00193927304964539,0.006144464283649614
3754052,West Bromwich Albion,80,90,39,trailing,late,low,0.026360544217687076,0.032889948042608606,0.0428302304964539,0.10159120709454583,171.89743589743588,0.0012374408983451535,0.005817422434367542
3754052,Norwich City,80,90,54,leading,late,medium,0.02976190476190476,0.03304622197796448,0.03508699024822695,0.11666656089510145,156.67816091954023,0.0020685579196217494,0.00638251045411195
3754053,Aston Villa,0,10,44,tied,early,low,0.025510204081632654,0.024149659863945575,0.02024708304735758,0.1035262700892707,134.3452380952381,0.002160904255319149,0.007443509082853345
3754053,Tottenham Hotspur,0,10,62,tied,early,medium,0.04591836734693878,0.023944504080202357,0.0447118433950297,0.12648511716556146,214.1039136302294,0.0017176418439716313,0.004670629242803386
3754053,Aston Villa,5,15,51,tied,early,medium,0.031462585034013606,0.01626962856409674,0.024138804457953394,0.11757528129236286,148.9510921177588,0.0015791223404255318,0.006713613077837744
3754053,Tottenham Hotspur,5,15,63,tied,early,medium,0.04421768707482993,0.025364431486880466,0.06244317148572468,0.10659083961127401,248.69230769230768,0.0022070774231678484,0.004021033096195484
3754053,Aston Villa,10,20,60,tied,early,medium,0.036564625850340135,0.034304110658329674,0.03870934522530267,0.12895636737806368,174.82638888888889,0.0019208037825059103,0.005719960278053625
3754053,Tottenham Hotspur,10,20,55,tied,early,medium,0.03486394557823129,0.030910773976826705,0.04909783062161034,0.11516396633683297,185.76827094474154,0.00195774231678487,0.005383050587241882
3754053,Aston Villa,15,25,60,tied,early,medium,0.03231292517006803,0.01935333868993983,0.038203976969419656,0.11318030323298807,183.96120689655177,0.0015606530732860519,0.005435928676866842
3754053,Tottenham Hotspur,15,25,47,tied,early,low,0.03231292517006803,0.0,0.05672560858731071,0.10765160763222646,194.6201680672269,0.002465647163120567,0.0051382136287878135
3754053,Aston Villa,20,30,38,tied,early,low,0.02295918367346939,0.03856901173147571,0.028500131337010768,0.12377006009081526,139.36580086580088,0.0013113179669030732,0.0071753614860142565
3754053,Tottenham Hotspur,20,30,58,tied,early,medium,0.039965986394557826,0.057470848021708154,0.04607818304626815,0.10142593643104587,190.87058823529412,0.0022994237588652476,0.005239151873767258
3754053,Aston Villa,25,35,34,tied,early,low,0.027210884353741496,0.01020408163265306,0.016014641958361928,0.10884840776752977,118.30409356725146,0.0012189716312056738,0.008452792881858627
3754053,Tottenham Hotspur,25,35,70,tied,early,medium,0.04846938775510204,0.06187642316176349,0.032385544600126846,0.12623827071078195,195.25079365079364,0.0016622340425531915,0.005121618106139438
3754053,Aston Villa,30,40,33,tied,middle,low,0.026360544217687076,0.017006802721088433,0.011718749999999998,0.09255126621130597,110.825,0.0012374408983451535,0.009023234829686443
3754053,Tottenham Hotspur,30,40,73,tied,middle,medium,0.04846938775510204,0.04397852127640863,0.034465596615652606,0.12059371639232025,190.30555555555554,0.002114731087470449,0.00525470734199387
3754053,Aston Villa,35,45,22,tied,middle,low,0.01445578231292517,0.0,0.0061653771760154736,0.13825257347106115,55.90909090909091,0.0014960106382978723,0.01788617886178862
3754053,Tottenham Hotspur,35,45,53,tied,middle,medium,0.03571428571428571,0.024399560096078358,0.009751773049645389,0.11432390744364776,104.07142857142857,0.0023917700945626477,0.009608785175017159
3754053,Aston Villa,40,50,54,trailing,middle,medium,0.03571428571428571,0.013713998857315033,0.035380783519081395,0.12089990944542194,169.87058080808083,0.00193927304964539,0.005886834525689863
3754053,Tottenham Hotspur,40,50,50,leading,middle,low,0.036564625850340135,0.0460877640297183,0.04656862745098039,0.1369488925852473,181.9607843137255,0.0019208037825059103,0.0054956896551724135
3754053,Aston Villa,45,55,56,trailing,middle,medium,0.03486394557823129,0.024480151909641402,0.020819481382978726,0.13498134225015584,133.92857142857142,0.00195774231678487,0.0074666666666666675
3754053,Tottenham Hotspur,45,55,82,leading,middle,high,0.05102040816326531,0.05385798479030321,0.02739938303638355,0.11657501344837515,186.23113487819367,0.002511820330969267,0.00536967140673905
3754053,Aston Villa,50,60,24,trailing,middle,low,0.015306122448979591,0.0,0.0006382978723404255,0.0831970830740093,26.6,0.0014775413711583924,0.03759398496240601
3754053,Tottenham Hotspur,50,60,86,leading,middle,high,0.05442176870748299,0.021061314174048357,0.047346610588817416,0.11992183783642628,246.73999999999998,0.0024379432624113476,0.004052849152954527
3754053,Aston Villa,55,65,32,trailing,middle,low,0.021258503401360544,0.015306122448979591,0.010441292356185973,0.1221877249044285,87.19117647058823,0.001348256501182033,0.011469050430089391
3754053,Tottenham Hotspur,55,65,84,leading,middle,high,0.04846938775510204,0.0342445596404826,0.08067690257029324,0.07996505975530935,303.31128584643847,0.0025672281323877067,0.0032969429317782906
3754053,Aston Villa,60,70,37,trailing,late,low,0.02295918367346939,0.007713802346295142,0.028880250954719043,0.13415094658290386,115.94202898550725,0.0017638150118203307,0.008624999999999999
3754053,Tottenham Hotspur,60,70,70,leading,late,medium,0.039965986394557826,0.01959463434279963,0.04550297023701278,0.11490790459653248,212.2972972972973,0.003204417848699764,0.004710375556970083
3754053,Aston Villa,65,75,42,trailing,late,low,0.026360544217687076,0.015668307652226883,0.025650118203309688,0.10113753782738996,143.73517786561266,0.002142434988179669,0.006957239103533617
3754053,Tottenham Hotspur,65,75,67,leading,late,medium,0.04081632653061224,0.015901024872002012,0.03490229757683215,0.14860075108327223,172.56754032258064,0.0018284574468085107,0.005794832551537208
3754053,Aston Villa,70,80,33,trailing,late,low,0.02040816326530612,0.012284944477433004,0.009929078014184396,0.1404175748239525,86.21666666666667,0.0018192228132387705,0.011598685482312004
3754053,Tottenham Hotspur,70,80,92,leading,late,high,0.05187074829931973,0.04664488421033259,0.034457109084768664,0.12805074128904398,206.99327731092436,0.0029458481087470453,0.004831074772046346
3754053,Aston Villa,75,85,25,trailing,late,low,0.015306122448979591,0.0,0.007003546099290781,0.1626439273508988,52.96153846153846,0.0014775413711583924,0.01888162672476398
3754053,Tottenham Hotspur,75,85,83,leading,late,high,0.05102040816326531,0.04800370873243614,0.04486680505102923,0.11589733324048712,228.140243902439,0.00386931146572104,0.0043832687424829615
3754053,Aston Villa,80,90,34,trailing,late,low,0.021258503401360544,0.03753644823000525,0.008358662613981762,0.12039824481366912,84.81666666666666,0.0018007535460992908,0.011790135586559246
3754053,Tottenham Hotspur,80,90,58,leading,late,medium,0.036564625850340135,0.014495827137402101,0.04296051370519456,0.11098612576603253,212.53156565656568,0.0023733008274231674,0.0047051834249220255
3754055,Liverpool,0,10,61,tied,early,medium,0.034013605442176874,0.013605442176870748,0.030793700458906975,0.12031843007185096,156.4655172413793,0.001523714539007092,0.006391184573002755
3754055,Chelsea,0,10,37,tied,early,low,0.02465986394557823,0.013605442176870748,0.017093306737588652,0.10793308454999212,105.95021645021644,0.0012743794326241136,0.009438395064250546
3754055,Liverpool,5,15,59,tied,early,medium,0.03571428571428571,0.01168032294677292,0.04140157836184119,0.13588644293606778,166.7450980392157,0.00193927304964539,0.005997177798682972
3754055,Chelsea,5,15,49,tied,early,low,0.02976190476190476,0.03509560148909285,0.035721735502711724,0.11833087613695824,156.75172413793103,0.002521054964539007,0.006379515156848079
3754055,Liverpool,10,20,69,tied,early,medium,0.04251700680272109,0.04665864762529892,0.034404550827423164,0.11316801472043889,189.63025210084032,0.002696513002364066,0.005273420189665869
3754055,Chelsea,10,20,67,tied,early,medium,0.039965986394557826,0.03555719228621569,0.044917257683215125,0.10705616798536977,223.16919191919192,0.0022994237588652476,0.004480905233380481
3754055,Liverpool,15,25,63,tied,early,medium,0.0391156462585034,0.007832917099785895,0.029543439716312053,0.10656500187520268,177.76041666666666,0.0018653959810874708,0.00562554937005567
3754055,Chelsea,15,25,64,tied,early,medium,0.0391156462585034,0.017401571424284282,0.02068557919621749,0.10705636444214758,171.0978835978836,0.0018653959810874708,0.00584460765365288
3754055,Liverpool,20,30,55,tied,early,medium,0.03741496598639456,0.01750036397856679,0.033983451536643026,0.1390582923478099,156.12563131313132,0.0019023345153664304,0.006405098199374856
3754055,Chelsea,20,30,60,tied,early,medium,0.034013605442176874,0.010606055305665427,0.069089035844355,0.09435760564013405,258.5571428571429,0.001523714539007092,0.003867616995414111
3754055,Liverpool,25,35,51,tied,early,medium,0.03571428571428571,0.029251700680272108,0.03180743606275522,0.12192535806988898,153.31684587813618,0.00193927304964539,0.0065224404681195275
3754055,Chelsea,25,35,54,tied,early,medium,0.03316326530612245,0.027366627968423613,0.05141843971631206,0.14308562901763208,204.93763440860215,0.001542183806146572,0.004879533243787777
3754055,Liverpool,30,40,72,trailing,middle,medium,0.04081632653061224,0.043958626450144776,0.03036963159968478,0.11150341604472562,190.44086021505376,0.002280954491725768,0.005250973970978488
3754055,Chelsea,30,40,50,leading,middle,low,0.031462585034013606,0.010041816168009286,0.026825584449697928,0.14817715670472875,133.61111111111111,0.0020316193853427895,0.007484407484407484
3754055,Liverpool,35,45,60,trailing,middle,medium,0.03316326530612245,0.03359508374696285,0.031149738264099964,0.14531854775712613,149.95590828924162,0.002899674940898345,0.006668626874448692
3754055,Chelsea,35,45,61,leading,middle,medium,0.0391156462585034,0.05482378006943358,0.020767664827948513,0.1556783233375344,137.5536562203229,0.002770390070921986,0.007269890364806274
3754055,Liverpool,40,50,66,trailing,middle,medium,0.04421768707482993,0.03978950400366932,0.03305346961479627,0.13737763487235216,174.94771241830065,0.0026595744680851063,0.005715993574177158
3754055,Chelsea,40,50,63,leading,middle,medium,0.04336734693877551,0.07764570857296732,0.03337646156795093,0.1272350351536347,182.174688057041,0.0022255466903073283,0.005489236790606654
3754055,Liverpool,45,55,86,trailing,middle,high,0.055272108843537414,0.04820263792325834,0.03550376384222968,0.1350323605270468,215.9601706970128,0.0019669769503546097,0.004630483467263865
3754055,Chelsea,45,55,51,leading,middle,medium,0.026360544217687076,0.026169557805443056,0.014068304626815267,0.12697645302968955,102.10238095238095,0.0016899379432624112,0.009794090898491243
3754055,Liverpool,50,60,59,trailing,middle,medium,0.039965986394557826,0.038648919821120856,0.027728526398739163,0.1251218542031147,173.61469534050178,0.0022994237588652476,0.00575988108632596
3754055,Chelsea,50,60,56,leading,middle,medium,0.026360544217687076,0.018856856416852148,0.030680091185410336,0.12178040166631766,116.86051282051281,0.0016899379432624112,0.008557210437163747
3754055,Liverpool,55,65,42,trailing,middle,low,0.030612244897959183,0.08707482993197278,0.05493767461852568,0.11098963741329067,175.4318181818182,0.0020500886524822694,0.0057002202357818365
3754055,Chelsea,55,65,66,leading,middle,medium,0.03826530612244898,0.005442176870748299,0.0271598968407479,0.12571098434042413,153.6451612903226,0.0018838652482269503,0.006508503044299811
3754055,Liverpool,60,70,65,trailing,late,medium,0.041666666666666664,0.025486812243944428,0.04986161563743298,0.10836217647610612,223.02702702702703,0.001809988179669031,0.004483761512360639
3754055,Chelsea,60,70,63,leading,late,medium,0.03741496598639456,0.01815171874229308,0.027606937056737585,0.13244174642744377,158.91310344827585,0.0019023345153664304,0.006292747283269105
3754055,Liverpool,65,75,84,trailing,late,high,0.05272108843537415,0.048853041399893986,0.033604594774807546,0.12754555416169117,204.018018018018,0.002022384751773049,0.004901527863640378
3754055,Chelsea,65,75,35,leading,late,low,0.025510204081632654,0.014285714285714285,0.011672576832151301,0.09924272799960318,101.17582417582418,0.002160904255319149,0.009883784077332465
3754055,Liverpool,70,80,69,trailing,late,medium,0.04081632653061224,0.020611976360186645,0.05497590470994727,0.1020247039693887,230.41066066066065,0.0018284574468085107,0.0043400769614247965
3754055,Chelsea,70,80,33,leading,late,low,0.017857142857142856,0.0,0.005060579196217494,0.1238766395390248,60.22727272727273,0.000969636524822695,0.01660377358490566
3754055,Liverpool,75,85,73,trailing,late,medium,0.047619047619047616,0.03832773276503599,0.03647381233817404,0.10917095943674336,209.14414414414415,0.0025856973995271866,0.004781391341804868
3754055,Chelsea,75,85,42,leading,late,low,0.022108843537414966,0.003401360544217687,0.026288870703764323,0.14914279578423986,109.42210144927536,0.0013297872340425532,0.009138921541034089
3754055,Liverpool,80,90,66,trailing,late,medium,0.045068027210884355,0.03753655758008521,0.030565665049147695,0.11779129335137131,176.14453781512606,0.0030936022458628843,0.005677155888021678
3754055,Chelsea,80,90,38,leading,late,low,0.027210884353741496,0.006575963718820861,0.040199315235999025,0.12547673082187277,145.11494252873564,0.0016714686761229313,0.006891089108910891
3754226,Sunderland,0,10,39,tied,early,low,0.025510204081632654,0.012390670553935858,0.026279128672745695,0.13385599350494154,111.16307692307693,0.002613401300236406,0.00899579273693534
3754226,Liverpool,0,10,73,tied,early,medium,0.04421768707482993,0.02531474023962731,0.03325756198096624,0.11884677594225868,186.52100840336135,0.0026595744680851063,0.005361326365110831
3754226,Sunderland,5,15,54,tied,early,medium,0.03231292517006803,0.041600760040482666,0.033826462765957445,0.11506531106871548,154.10344827586206,0.002918144208037825,0.0064891474602819426
3754226,Liverpool,5,15,53,tied,early,medium,0.03231292517006803,0.012135571053778136,0.041398022781001506,0.11666823355944766,175.5741935483871,0.00201315011820331,0.005695597854045712
3754226,Sunderland,10,20,42,tied,early,low,0.02806122448979592,0.036959660995348594,0.036997635933806144,0.11269929308449603,160.62962962962962,0.0021054964539007092,0.006225501498731843
3754226,Liverpool,10,20,62,tied,early,medium,0.041666666666666664,0.04850153149095973,0.04257781717888101,0.1201518366029943,196.77777777777777,0.002262485224586288,0.005081874647092039
3754226,Sunderland,15,25,21,tied,early,low,0.012755102040816327,0.0,0.0011283043197936814,0.1161789586652522,28.928571428571427,0.0024379432624113476,0.034567901234567905
3754226,Liverpool,15,25,76,tied,early,medium,0.0467687074829932,0.05564282805482706,0.0351394103740787,0.13096226524682122,196.70707070707073,0.0021516696217494086,0.0050837013453835875
3754226,Sunderland,20,30,21,tied,early,low,0.012755102040816327,0.0,0.0019060283687943262,0.12779685453177742,28.928571428571427,0.0024379432624113476,0.034567901234567905
3754226,Liverpool,20,30,50,tied,early,low,0.030612244897959183,0.040899341196629926,0.029969464144996058,0.14092931130448302,144.07275132275132,0.0020500886524822694,0.0069409377610885154
3754226,Sunderland,25,35,22,tied,early,low,0.016156462585034014,0.0,0.017870474057484136,0.18971898326095768,64.96491228070175,0.002364066193853428,0.01539292465568458
3754226,Liverpool,25,35,60,tied,early,medium,0.03826530612244898,0.041318438909848265,0.03029381965552178,0.10957560552024144,175.84482758620695,0.0018838652482269503,0.005686832042357092
3754226,Sunderland,30,40,25,tied,middle,low,0.017857142857142856,0.0,0.01180689877498388,0.15718834163933645,76.475,0.0014221335697399526,0.013076168682576007
3754226,Liverpool,30,40,74,tied,middle,medium,0.04846938775510204,0.03352040565946167,0.051894141381823355,0.11145851515754894,233.37482219061167,0.002114731087470449,0.004284952380952381
3754226,Sunderland,35,45,29,tied,middle,low,0.02040816326530612,0.02060227429514897,0.020759456264775412,0.153683228601268,99.47368421052632,0.0018192228132387705,0.010052910052910053
3754226,Liverpool,35,45,45,tied,middle,low,0.030612244897959183,0.01258503401360544,0.0211960025789813,0.12957877197391662,122.58,0.0020500886524822694,0.008157937673356175
3754226,Sunderland,40,50,45,trailing,middle,low,0.02891156462585034,0.005215419501133788,0.03992048140984312,0.11570176763208928,159.47892720306513,0.0016345301418439714,0.006270420911012878
3754226,Liverpool,40,50,62,leading,middle,medium,0.04336734693877551,0.028682209315995758,0.053358684832649,0.11058686391478863,213.07610241820768,0.0022255466903073283,0.004693158869769848
3754226,Sunderland,45,55,60,trailing,middle,medium,0.0391156462585034,0.004761904761904762,0.04186108000497698,0.11201021158422736,192.23015873015873,0.0018653959810874708,0.0052020973535361874
3754226,Liverpool,45,55,56,leading,middle,medium,0.0391156462585034,0.02074829931972789,0.04831560283687944,0.11720002989156002,191.51260504201682,0.0018653959810874708,0.005221588415971918
3754226,Sunderland,50,60,61,trailing,middle,medium,0.039965986394557826,0.010266474463673977,0.04447000191681043,0.11936243919594208,190.2027027027027,0.002751920803782506,0.0052575488454706925
3754226,Liverpool,50,60,40,leading,middle,low,0.02891156462585034,0.05034013605442177,0.0205483789260385,0.137742884607876,121.08300395256917,0.0016345301418439714,0.008258797414637331
3754226,Sunderland,55,65,45,trailing,middle,low,0.02891156462585034,0.007713802346295142,0.033802333562113936,0.14750170736894394,137.1551724137931,0.0016345301418439714,0.007291011942174732
3754226,Liverpool,55,65,58,leading,middle,medium,0.03741496598639456,0.015257531584062196,0.04559270516717325,0.10331583426855027,209.86357526881721,0.0023548315602836874,0.004765000304217089
3754226,Sunderland,60,70,33,trailing,late,low,0.017857142857142856,0.039115646258503396,0.014916743755781683,0.13294697829587826,92.76666666666667,0.0014221335697399526,0.010779734099892203
3754226,Liverpool,60,70,44,leading,late,low,0.02806122448979592,0.01020408163265306,0.06139184397163121,0.11349537471475192,191.21639784946237,0.0012005023640661936,0.005229677011211471
3754226,Sunderland,65,75,28,trailing,late,low,0.017006802721088437,0.030612244897959183,0.011847195357833655,0.14486410665945285,75.80952380952381,0.0014406028368794325,0.013190954773869347
3754226,Liverpool,65,75,36,leading,late,low,0.025510204081632654,0.0,0.022986322188449846,0.14895424398456697,108.47826086956522,0.0012559101654846334,0.009218436873747494
3754226,Sunderland,70,80,44,trailing,late,low,0.03316326530612245,0.0,0.04574934677118328,0.10620268709135762,179.7860962566845,0.001542183806146572,0.005562165377751339
3754226,Liverpool,70,80,43,leading,late,low,0.030612244897959183,0.04285714285714286,0.03246897163120568,0.14828005037013156,132.99310344827586,0.0015975916075650117,0.00751918689068658
3754226,Sunderland,75,85,52,trailing,late,medium,0.04081632653061224,0.04178814382896015,0.04612091333679294,0.11668456098870654,201.72972972972974,0.002280954491725768,0.0049571275455519825
3754226,Liverpool,75,85,44,leading,late,low,0.02976190476190476,0.03741496598639455,0.008395911556111807,0.0979401235003906,100.55882352941177,0.0020685579196217494,0.009944428195378765
3754226,Sunderland,80,90,33,trailing,late,low,0.022108843537414966,0.007384125484389939,0.01842001576044129,0.12515449937440254,104.42857142857143,0.0022347813238770687,0.009575923392612859
3754226,Liverpool,80,90,39,leading,late,low,0.02295918367346939,0.016651063354735297,0.00818980074299223,0.12151406469113613,81.625,0.002216312056737589,0.01225114854517611
3754014,Stoke City,0,10,67,tied,early,medium,0.041666666666666664,0.02336245088330281,0.04265817469204927,0.11071179225305439,208.34920634920636,0.002262485224586288,0.004799634313576108
3754014,Manchester United,0,10,37,tied,early,low,0.025510204081632654,0.002380952380952381,0.02508274231678487,0.15662467928315277,104.74666666666667,0.002160904255319149,0.009546843177189408
3754014,Stoke City,5,15,60,tied,early,medium,0.03826530612244898,0.019461707092273472,0.056422639044419555,0.10840963968059657,218.78520625889047,0.002336362293144208,0.004570692950860175
3754014,Manchester United,5,15,45,tied,early,low,0.030612244897959183,0.0,0.02839565871480765,0.1184947096780625,150.9757834757835,0.002502585697399527,0.006623578808321932
3754014,Stoke City,10,20,46,tied,early,low,0.031462585034013606,0.02376160937035497,0.03069210075813157,0.147806797916172,131.38177339901478,0.0015791223404255318,0.007611405860407566
3754014,Manchester United,10,20,45,tied,early,low,0.030612244897959183,0.01904761904761905,0.033023049645390073,0.11327577133590655,153.06878306878306,0.0020500886524822694,0.006533010715520222
3754014,Stoke City,15,25,35,leading,early,low,0.026360544217687076,0.039115646258503396,0.01529255319148936,0.10562119470267005,113.43157894736842,0.0012374408983451535,0.008815887156644395
3754014,Manchester United,15,25,50,trailing,early,low,0.03316326530612245,0.06840086879522717,0.03225806451612903,0.12403426892150271,151.60344827586206,0.002447177895981087,0.006596156033208234
3754014,Stoke City,20,30,28,leading,early,low,0.02295918367346939,0.044217687074829926,0.02675405268490375,0.14194990645876185,109.66304347826087,0.0013113179669030732,0.00911884230349886
3754014,Manchester United,20,30,62,trailing,early,medium,0.03741496598639456,0.03587900709640901,0.02270040833870621,0.12985503386936956,144.97536945812809,0.0028073286052009453,0.006897723411484879
3754014,Stoke City,25,35,36,leading,early,low,0.02465986394557823,0.0,0.009523425746830001,0.17375793784674134,76.37037037037037,0.002179373522458629,0.013094083414161009
3754014,Manchester United,25,35,44,trailing,early,low,0.026360544217687076,0.0,0.04123770304278197,0.1418774014869577,157.2487684729064,0.0012374408983451535,0.006359350281158468
3754014,Stoke City,30,40,32,leading,middle,low,0.021258503401360544,0.009523809523809523,0.010152819993245524,0.1694051893196756,73.24509803921569,0.0022532505910165482,0.01365279079105876
3754014,Manchester United,30,40,46,trailing,middle,low,0.031462585034013606,0.029403819542554277,0.034039496209342136,0.11851936001355233,159.49477682811016,0.00203161938534279,0.006269797794555458
3754014,Manchester United,35,45,55,trailing,middle,medium,0.03741496598639456,0.031190106856947196,0.035474030037546934,0.1334308176578721,181.66935483870967,0.0014498374704491725,0.0055045057042659926
3754014,Stoke City,40,50,45,leading,middle,low,0.031462585034013606,0.044557823129251696,0.041875260742594914,0.12206825795716056,155.8820564516129,0.0015791223404255318,0.006415106541209946
3754014,Manchester United,40,50,71,trailing,middle,medium,0.04931972789115646,0.038626534615310654,0.041783354549311987,0.11449520191241454,206.32793522267207,0.002548758865248227,0.004846653454466966
3754014,Stoke City,45,55,50,leading,middle,low,0.034013605442176874,0.03907380948843713,0.030314223798266354,0.11435683824123372,161.5677339901478,0.00197621158392435,0.00618935461495659
3754014,Manchester United,45,55,95,trailing,middle,high,0.05697278911564626,0.0665243109207317,0.04686391843971631,0.12260404699562302,255.6683760683761,0.0032875295508274227,0.0039113167431100646
3754014,Stoke City,50,60,29,leading,middle,low,0.02040816326530612,0.0,0.009915944313107435,0.12823235325121632,84.16666666666667,0.0009142287234042553,0.011881188118811881
3754014,Manchester United,50,60,80,trailing,middle,medium,0.04591836734693878,0.0848742010748007,0.03457977207977208,0.09690203958023358,198.3327731092437,0.0021701388888888886,0.005042031048742458
3754014,Stoke City,55,65,31,leading,middle,low,0.02040816326530612,0.014091350826044704,0.022446808510638298,0.12878919336110684,104.59285714285714,0.0027242169030732856,0.00956088233285529
3754014,Manchester United,55,65,62,trailing,middle,medium,0.036564625850340135,0.062248381075590976,0.029590760973739704,0.10722926279017761,167.98850574712642,0.0023733008274231674,0.005952788231269245
3754014,Stoke City,60,70,28,leading,late,low,0.0195578231292517,0.0,0.01382978723404255,0.13977711920281025,92.6470588235294,0.001385195035460993,0.010793650793650795
3754014,Manchester United,60,70,50,trailing,late,low,0.02976190476190476,0.04062045022489388,0.008712217156366093,0.10836715327118307,93.525,0.0020685579196217494,0.010692328254477412
3754014,Stoke City,65,75,36,leading,late,low,0.021258503401360544,0.019284505865737853,0.0056803257157867085,0.11206875102926359,73.36363636363636,0.001348256501182033,0.013630731102850062
3754014,Manchester United,65,75,39,trailing,late,low,0.027210884353741496,0.04880885246509245,0.01213112415423494,0.13174888981219252,93.6470588235294,0.002123965721040189,0.010678391959798996
3754014,Stoke City,70,80,39,leading,late,low,0.023809523809523808,0.009750566893424035,0.014880952380952384,0.11004388908425834,111.86029411764706,0.0017453457446808508,0.008939722605666207
3754014,Manchester United,70,80,35,trailing,late,low,0.027210884353741496,0.03401360544217687,0.008495862884160755,0.09719748702641502,105.6,0.0016714686761229313,0.00946969696969697
3754014,Stoke City,75,85,32,leading,late,low,0.023809523809523808,0.0,0.022194782168186423,0.13244286938372749,115.05844155844156,0.0012928486997635933,0.008691235397031436
3754014,Manchester United,75,85,42,trailing,late,low,0.02806122448979592,0.023728783034960826,0.014311043566362714,0.1276176029320743,94.75324675324676,0.003010490543735224,0.010553728070175438
3754014,Stoke City,80,90,30,leading,late,low,0.021258503401360544,0.006802721088435374,0.008651259476644656,0.09073611807909958,78.13636363636364,0.001348256501182033,0.012798138452588714
3754014,Manchester United,80,90,56,trailing,late,medium,0.03486394557823129,0.02306289232913339,0.02984633569739953,0.11443519928048888,138.3956989247312,0.0037677304964539,0.007225658078751903
3754091,Stoke City,0,10,64,tied,early,medium,0.04251700680272109,0.01956817635923311,0.027947695035460997,0.11605200837204019,174.95967741935485,0.001791518912529551,0.0057156026734270565
3754091,Watford,0,10,49,tied,early,low,0.031462585034013606,0.018221577731568128,0.01396276595744681,0.12967174230114759,111.93650793650794,0.00203161938534279,0.008933635847986387
3754091,Stoke City,5,15,74,tied,early,medium,0.047619047619047616,0.012870027389949742,0.0534623719464145,0.11048064178160082,226.18660472319007,0.0016807033096926714,0.004421128303436944
3754091,Watford,5,15,36,tied,early,low,0.02465986394557823,0.047917346903403116,0.0024379432624113476,0.10483143949520173,58.21111111111111,0.001726876477541371,0.017178850925749188
3754091,Stoke City,10,20,100,tied,early,high,0.061224489795918366,0.02879912904643698,0.040023352361183186,0.11850094275450967,238.7081300813008,0.002742686170212766,0.004189216344074303
3754091,Watford,10,20,33,tied,early,low,0.02040816326530612,0.05328798185941043,0.004063238770685579,0.12322942484791943,74.2909090909091,0.0013667257683215128,0.013460597161037688
3754091,Stoke City,15,25,87,tied,early,high,0.055272108843537414,0.03781389607570736,0.04521519334684228,0.1254507281422545,243.09401709401712,0.0024194739952718676,0.004113634765487659
3754091,Watford,15,25,29,tied,early,low,0.017857142857142856,0.01530612244897959,0.010718891038039973,0.15115037322145194,92.78846153846153,0.000969636524822695,0.01077720207253886
3754091,Stoke City,20,30,61,tied,early,medium,0.0391156462585034,0.02231407327920959,0.028648749533407986,0.11024518223873281,173.63340501792112,0.002770390070921986,0.005759260436646898
3754091,Stoke City,25,35,68,tied,early,medium,0.04591836734693878,0.042093732866566876,0.03111171728193005,0.11871545004522478,186.86631016042782,0.0017176418439716313,0.005351419413919414
3754091,Stoke City,30,40,68,tied,middle,medium,0.0391156462585034,0.03084893668355559,0.037164269766220115,0.11788625305916896,182.58712121212122,0.002317893026004728,0.005476837541231874
3754091,Watford,30,40,30,tied,middle,low,0.02295918367346939,0.006802721088435374,0.030551009274413527,0.1392120420608397,116.66666666666667,0.0013113179669030732,0.008571428571428572
3754091,Stoke City,35,45,51,tied,middle,medium,0.02806122448979592,0.012427547317841613,0.030894046851493658,0.1252554069276938,142.42328042328043,0.0016529994089834515,0.0070213240211011215
3754091,Watford,35,45,35,tied,middle,low,0.025510204081632654,0.0,0.03720544497826585,0.13352197420031026,155.71692307692308,0.0012559101654846334,0.006421909579513121
3754091,Stoke City,40,50,59,trailing,middle,medium,0.039965986394557826,0.020857631306450634,0.028889733198243832,0.11309452908832597,157.51512096774192,0.002751920803782506,0.006348596844900964
3754091,Watford,40,50,28,leading,middle,low,0.021258503401360544,0.030612244897959183,0.018652482269503542,0.1331500156606569,98.9766081871345,0.001348256501182033,0.010103397341211226
3754091,Stoke City,45,55,62,trailing,middle,medium,0.045068027210884355,0.03632606259421137,0.04379432624113475,0.12000047504265429,207.47083926031294,0.0021886081560283685,0.004819954474398706
3754091,Watford,45,55,34,leading,middle,low,0.02465986394557823,0.01111111111111111,0.027696258253851795,0.11973711371676099,130.92632850241546,0.001726876477541371,0.007637883162526405
3754091,Stoke City,50,60,47,trailing,middle,low,0.031462585034013606,0.03523648401146,0.027887537993920977,0.1140752888673388,154.6031746031746,0.00203161938534279,0.006468172484599589
3754091,Watford,50,60,28,leading,middle,low,0.0195578231292517,0.0,0.026489361702127658,0.15223899191751264,100.12911725955205,0.001385195035460993,0.009987104923813784
3754091,Stoke City,55,65,44,trailing,middle,low,0.030612244897959183,0.020570139590120377,0.020583998226950354,0.12761118482246747,119.49538461538461,0.0020500886524822694,0.008368524049850655
3754091,Watford,55,65,45,leading,middle,low,0.02806122448979592,0.01214847743853214,0.04580378250591016,0.12558910849506846,182.6483870967742,0.0016529994089834515,0.005475000441532293
3754091,Stoke City,60,70,61,trailing,late,medium,0.039965986394557826,0.03672727351958574,0.028699599422117153,0.12349124772464398,166.18064516129033,0.0018469267139479906,0.00601754794626912
3754091,Watford,60,70,43,leading,late,low,0.027210884353741496,0.006749154132517856,0.021169138190414785,0.11412883543561378,151.45256916996047,0.0012189716312056738,0.006602727213414237
3754091,Stoke City,65,75,61,trailing,late,medium,0.041666666666666664,0.023529457532476036,0.05726571497848094,0.13222692970691607,218.5506072874494,0.0013574911347517728,0.004575599273832018
3754091,Watford,65,75,26,leading,late,low,0.017857142857142856,0.0,0.0011398176291793315,0.08265141054699936,49.06666666666667,0.000969636524822695,0.020380434782608696
3754091,Stoke City,70,80,62,trailing,late,medium,0.04251700680272109,0.03984068586653018,0.03693454092390262,0.12640881449796978,185.7098039215686,0.002696513002364066,0.005384745333220712
3754091,Watford,70,80,27,leading,late,low,0.016156462585034014,0.0,0.0010131712259371835,0.07699455081965954,37.8,0.001006575059101655,0.026455026455026457
3754091,Stoke City,75,85,63,trailing,late,medium,0.045068027210884355,0.033237221348056296,0.033967898469578206,0.12690487785736995,180.74603174603175,0.0026411052009456264,0.005532624923157987
3754091,Watford,75,85,27,leading,late,low,0.016156462585034014,0.01020408163265306,0.0024208947081287503,0.09810457581091545,50.6,0.0014590721040189125,0.019762845849802372
3754091,Stoke City,80,90,45,trailing,late,low,0.03231292517006803,0.012244897959183673,0.03309692671394799,0.1180075441684363,158.6551724137931,0.00201315011820331,0.006302977613562269
3754091,Watford,80,90,32,leading,late,low,0.0195578231292517,0.01473922902494331,0.022333606110201853,0.11449326494113948,116.17105263157895,0.001385195035460993,0.008607996375580474
3754135,Stoke City,0,10,35,tied,early,low,0.025510204081632654,0.015774103844010037,0.01832151300236406,0.11651609683789345,118.51428571428572,0.002160904255319149,0.008437801350048216
3754135,Manchester City,0,10,84,tied,early,high,0.047619047619047616,0.019735095992774572,0.028354942375886524,0.13917455105094875,187.27254150702427,0.0025856973995271866,0.005339811122083222
3754135,Stoke City,5,15,49,leading,early,low,0.02976190476190476,0.0,0.010481852315394244,0.11038829674598237,141.0,0.0016160608747044917,0.0070921985815602835
3754135,Manchester City,5,15,78,trailing,early,medium,0.0467687074829932,0.026109978876981518,0.03513463009317202,0.12613392283682986,199.93582887700535,0.0026041666666666665,0.005001604792981705
3754135,Stoke City,10,20,37,leading,early,low,0.02295918367346939,0.0,0.010943040780141845,0.09641055630314427,99.12132352941177,0.0013113179669030732,0.010088646563554763
3754135,Manchester City,10,20,70,trailing,early,medium,0.04591836734693878,0.046670563481601764,0.03727397610376334,0.12962263031492727,210.50084033613444,0.0026226359338061465,0.004750574859478794
3754135,Stoke City,15,25,51,leading,early,medium,0.02806122448979592,0.013352907612358775,0.014588258471237191,0.13066822594023572,103.71212121212122,0.0016529994089834515,0.009642074506939371
3754135,Manchester City,15,25,65,trailing,early,medium,0.04081632653061224,0.03418983592192503,0.03117612293144208,0.10318679723810517,176.46774193548387,0.0027334515366430256,0.005666758065990311
3754135,Stoke City,20,30,60,leading,early,medium,0.03486394557823129,0.01786996953977936,0.025315208825847122,0.12061047801579276,147.9679802955665,0.001505245271867612,0.006758218893050354
3754135,Manchester City,20,30,43,trailing,early,low,0.027210884353741496,0.023809523809523808,0.0530485014870739,0.13817476536622425,162.76129032258063,0.0012189716312056738,0.006143967020770573
3754135,Stoke City,25,35,45,leading,early,low,0.026360544217687076,0.00510204081632653,0.0096757852077001,0.09689469431910996,102.68382352941177,0.0016899379432624112,0.009738632295023272
3754135,Manchester City,25,35,38,trailing,early,low,0.021258503401360544,0.02125764672788697,0.02206461780929866,0.13430752793085124,131.57894736842104,0.001348256501182033,0.007600000000000001
3754135,Stoke City,30,40,42,leading,middle,low,0.025510204081632654,0.0027210884353741495,0.03141622340425532,0.10589066277418796,151.9269230769231,0.0017084072104018911,0.0065821118452697395
3754135,Manchester City,30,40,48,trailing,middle,low,0.025510204081632654,0.0,0.018743667679837893,0.09936115095536574,157.02857142857144,0.0017084072104018911,0.006368267831149927
3754135,Stoke City,35,45,28,leading,middle,low,0.0195578231292517,0.0,0.005626022913256955,0.11396246735778116,75.0,0.001385195035460993,0.013333333333333334
3754135,Manchester City,35,45,61,trailing,middle,medium,0.03826530612244898,0.020740945033347006,0.04863384251682124,0.10626470340114082,227.53475935828877,0.0014313682033096926,0.004394932900890738
3754135,Stoke City,40,50,57,leading,middle,medium,0.039965986394557826,0.030613597749456288,0.035830378250591016,0.11707615881019613,172.24242424242428,0.0022994237588652476,0.005805770584095706
3754135,Manchester City,40,50,72,trailing,middle,medium,0.05187074829931973,0.03650661278437073,0.06092043791511876,0.10801957562638168,278.14363143631437,0.0020408540189125295,0.003595264773225508
3754135,Stoke City,45,55,56,leading,middle,medium,0.03826530612244898,0.010334063250663852,0.040520573765254614,0.11833841371059248,181.9327731092437,0.0018838652482269503,0.005496535796766744
3754135,Manchester City,45,55,64,trailing,middle,medium,0.045068027210884355,0.018729851829847256,0.037531494960806266,0.11658505005482916,192.52380952380952,0.0026411052009456264,0.005194162750432847
3754135,Stoke City,50,60,23,leading,middle,low,0.017006802721088437,0.0,0.0022163120567375884,0.10248836271494656,47.833333333333336,0.0018930998817966902,0.020905923344947733
3754135,Manchester City,50,60,54,trailing,middle,medium,0.03571428571428571,0.02930408554138419,0.026571118991331754,0.1103577600901321,155.4679802955665,0.002844267139479905,0.006432192648922687
3754135,Stoke City,55,65,40,leading,middle,low,0.02295918367346939,0.005442176870748299,0.017927501970055163,0.1284684768320123,110.01904761904763,0.0013113179669030732,0.009089335180055402
3754135,Manchester City,55,65,59,trailing,middle,medium,0.03826530612244898,0.02605820733463964,0.03977048857368006,0.11669421059095869,187.26797385620915,0.0018838652482269503,0.005339941365349714
3754135,Stoke City,60,70,61,leading,late,medium,0.03486394557823129,0.02509045252967107,0.01786086775135586,0.11030270424296633,137.16646153846153,0.002862736406619385,0.007290411874622862
3754135,Manchester City,60,70,69,trailing,late,medium,0.045068027210884355,0.01836734693877551,0.05734302023871302,0.11568839657871455,232.9390243902439,0.0012836140661938533,0.004292968954505
3754135,Stoke City,65,75,54,leading,late,medium,0.034013605442176874,0.08303399432310875,0.023103374167203955,0.11867608399660119,146.72934472934472,0.002428708628841607,0.006815269309929712
3754135,Manchester City,65,75,56,trailing,late,medium,0.03486394557823129,0.0,0.05492232353934482,0.1154678180181743,227.98739495798318,0.0010527482269503546,0.0043862074049501485
3754135,Stoke City,70,80,55,leading,late,medium,0.030612244897959183,0.002785539736162135,0.04654689890140453,0.11258511400882375,200.02298850574712,0.0015975916075650117,0.004999425353407655
3754135,Manchester City,70,80,47,trailing,late,low,0.030612244897959183,0.023809523809523808,0.015070921985815604,0.0990700360286678,140.5751633986928,0.001145094562647754,0.007113632136879301
3754135,Stoke City,75,85,56,leading,late,medium,0.03571428571428571,0.015943837290865952,0.03814589665653494,0.1174088209714955,161.29166666666669,0.00193927304964539,0.006199948333763885
3754135,Manchester City,75,85,35,trailing,late,low,0.023809523809523808,0.0,0.014157532774554052,0.11576367572206858,120.41830065359477,0.0012928486997635933,0.008304385584020843
3754135,Stoke City,80,90,48,leading,late,low,0.02891156462585034,0.025844524507197132,0.019725177304964536,0.14284852646878793,117.22222222222221,0.0029920212765957447,0.008530805687203793
3754135,Manchester City,80,90,33,trailing,late,low,0.021258503401360544,0.0,0.006589834515366429,0.1080068814967773,81.17307692307692,0.001348256501182033,0.012319355602937693
3754293,Stoke City,0,10,30,tied,early,low,0.017857142857142856,0.02884318401320856,0.002078747860112497,0.09355406189419764,68.05555555555556,0.000969636524822695,0.014693877551020407
3754293,Chelsea,0,10,45,tied,early,low,0.025510204081632654,0.03954142783453581,0.03400455927051672,0.1368456533112282,146.85,0.0017084072104018911,0.0068096697310180455
3754293,Chelsea,5,15,34,tied,early,low,0.02040816326530612,0.021427228739708728,0.0046160430423086325,0.10530311202010922,68.75,0.002271719858156028,0.014545454545454545
3754293,Stoke City,10,20,28,tied,early,low,0.0195578231292517,0.029931972789115645,0.014990328820116056,0.1665920406802081,79.92156862745098,0.0018376920803782504,0.012512266928361139
3754293,Chelsea,10,20,42,tied,early,low,0.02891156462585034,0.04285714285714285,0.009225398936170214,0.10490522227812546,105.34313725490196,0.0020870271867612297,0.009492787342950209
3754293,Stoke City,15,25,35,tied,early,low,0.02295918367346939,0.020937463511372528,0.01740215392697662,0.13050261491139756,102.14285714285714,0.002668809101654846,0.009790209790209791
3754293,Chelsea,15,25,53,tied,early,medium,0.036564625850340135,0.03207222221043142,0.02428257157867087,0.09665850277689275,156.33333333333334,0.0037307919621749406,0.006396588486140725
3754293,Stoke City,20,30,34,tied,early,low,0.025510204081632654,0.01899902818270165,0.0313885195035461,0.09691370575896727,140.22333333333333,0.0026134013002364065,0.00713148073311622
3754293,Chelsea,20,30,61,tied,early,medium,0.036564625850340135,0.014793479596188144,0.03328945483200803,0.12047658332496754,167.91756272401435,0.0028257978723404257,0.00595530320817947
3754293,Stoke City,25,35,26,tied,early,low,0.0195578231292517,0.013605442176870748,0.005105160185864515,0.09376068760213899,68.54545454545455,0.001385195035460993,0.014588859416445624
3754293,Chelsea,25,35,63,tied,early,medium,0.036564625850340135,0.023336678099030346,0.03146989292170769,0.10881944792953747,164.68505747126437,0.0019208037825059103,0.00607219632038862
3754293,Stoke City,30,40,25,tied,middle,low,0.02040816326530612,0.0,0.02042173252279635,0.13284222288233177,97.6,0.0013667257683215128,0.010245901639344263
3754293,Chelsea,30,40,72,tied,middle,medium,0.045068027210884355,0.027169718928106577,0.04114952718676122,0.12804677686534557,194.84166666666667,0.0017361111111111112,0.005132372439160001
3754293,Stoke City,35,45,32,tied,middle,low,0.021258503401360544,0.0,0.015336879432624113,0.1195953422667161,96.74736842105263,0.0018007535460992908,0.010336198455010336
3754293,Chelsea,35,45,66,tied,middle,medium,0.0391156462585034,0.01638952140522822,0.03572455434157562,0.11612704890355019,190.35164141414143,0.0018653959810874708,0.00525343512969418
3754293,Stoke City,40,50,64,tied,middle,medium,0.0391156462585034,0.027673286093256373,0.0424883238194084,0.11293203265273181,192.7177177177177,0.0027703900709219855,0.005188936501753019
3754293,Chelsea,40,50,70,tied,middle,medium,0.04336734693877551,0.030404740236847232,0.047117596319723974,0.12014011369162747,206.21621621621622,0.0022255466903073283,0.004849279161205766
3754293,Stoke City,45,55,66,tied,middle,medium,0.04336734693877551,0.03062113189824503,0.03314238952536825,0.11611777499895652,183.67226890756302,0.002678043735224586,0.005444480029281237
3754293,Chelsea,45,55,67,tied,middle,medium,0.045068027210884355,0.036023215144844745,0.05484561494551115,0.11322292268723524,216.9878048780488,0.0017361111111111112,0.004608553925701118
3754293,Stoke City,50,60,21,leading,middle,low,0.015306122448979591,0.0,0.00326241134751773,0.11294379741963162,63.333333333333336,0.000572547281323877,0.015789473684210527
3754293,Chelsea,50,60,47,trailing,middle,low,0.02806122448979592,0.03481327240415766,0.03105523318289276,0.10083080199094428,171.22051282051282,0.0025579934988179667,0.0058404217083982265
3754293,Stoke City,55,65,40,leading,middle,low,0.02976190476190476,0.03129251700680272,0.02968514936600043,0.11479560443624626,135.4126984126984,0.0020685579196217494,0.007384831789942563
3754293,Chelsea,55,65,49,trailing,middle,low,0.026360544217687076,0.009811221566717064,0.022251773049645387,0.12847147693713226,121.1111111111111,0.0016899379432624112,0.008256880733944955
3754293,Stoke City,60,70,48,leading,late,low,0.034013605442176874,0.03129251700680272,0.0371558197747184,0.1242264827355255,151.88709677419354,0.00197621158392435,0.006583837740256983
3754293,Chelsea,60,70,48,trailing,late,low,0.027210884353741496,0.010430839002267572,0.033747044917257676,0.1155158332641854,148.83076923076922,0.0016714686761229313,0.006719040727723796
3754293,Stoke City,65,75,30,leading,late,low,0.02040816326530612,0.017006802721088433,0.012343153300600106,0.1247920798294096,86.76470588235294,0.0013667257683215128,0.01152542372881356
3754293,Chelsea,65,75,62,trailing,late,medium,0.02976190476190476,0.012653061224489795,0.03957502216312056,0.10613433559878421,169.3655172413793,0.0016160608747044917,0.00590438960827429
3754293,Stoke City,70,80,21,leading,late,low,0.013605442176870748,0.0,0.001773049645390071,0.110134139218192,38.4,0.0010619828605200946,0.026041666666666668
3754293,Chelsea,70,80,69,trailing,late,medium,0.036564625850340135,0.021606188254650546,0.052317629179331304,0.11068655275829638,223.746106442577,0.0019208037825059103,0.004469351515873835
3754293,Stoke City,75,85,22,leading,late,low,0.015306122448979591,0.0,0.0013120567375886525,0.09798747978925892,41.142857142857146,0.0010250443262411347,0.024305555555555552
3754293,Chelsea,75,85,54,trailing,late,medium,0.03571428571428571,0.021541950113378686,0.025389085894405042,0.11348475989316278,167.2804232804233,0.00193927304964539,0.005977985829959513
3754293,Stoke City,80,90,40,leading,late,low,0.02465986394557823,0.00782312925170068,0.01705796038151137,0.11347698286001384,101.56190476190476,0.001726876477541371,0.009846211552888222
3754293,Chelsea,80,90,56,trailing,late,medium,0.03571428571428571,0.03609810913062431,0.029333541927409258,0.11047118035970152,154.92337164750958,0.0023917700945626477,0.006454804006430072
3754339,Stoke City,0,10,38,tied,early,low,0.02295918367346939,0.006802721088435374,0.015957446808510637,0.13974487237898753,95.08947368421053,0.0017638150118203307,0.010516411136325898
3754339,AFC Bournemouth,0,10,34,tied,early,low,0.02040816326530612,0.007199097741352378,0.014311043566362716,0.1758818590327084,79.22875816993464,0.0013667257683215128,0.012621679590826596
3754339,Stoke City,5,15,28,tied,early,low,0.01870748299319728,0.006802721088435374,0.01969626888683318,0.14173680873833167,88.50292397660819,0.0014036643026004727,0.011299061715342937
3754339,AFC Bournemouth,5,15,21,tied,early,low,0.013605442176870748,0.01530612244897959,0.0017263904441955954,0.1338702559653778,33.089285714285715,0.0015144799054373523,0.030221262817053427
3754339,Stoke City,10,20,29,tied,early,low,0.02040816326530612,0.00942798064547184,0.02409034844279987,0.14698631573271487,99.85238095238095,0.002271719858156028,0.010014783728360914
3754339,AFC Bournemouth,10,20,34,tied,early,low,0.02040816326530612,0.0,0.02553873431533006,0.1210407983108655,119.42380952380952,0.0013667257683215128,0.008373539614817177
3754339,Stoke City,15,25,45,tied,early,low,0.03316326530612245,0.03792517006802721,0.028552213255074586,0.11426547105850114,150.88,0.002899674940898345,0.006627783669141039
3754339,AFC Bournemouth,15,25,42,tied,early,low,0.02465986394557823,0.029705215419501132,0.02827029156816391,0.1333309300387922,125.62,0.002179373522458629,0.007960515841426524
3754339,Stoke City,20,30,60,tied,early,medium,0.039965986394557826,0.04635475451566737,0.024675810040328188,0.12952953576538082,152.71264367816093,0.002751920803782506,0.006548246274273671
3754339,AFC Bournemouth,20,30,40,tied,early,low,0.02295918367346939,0.012427547317841613,0.009815096251266463,0.12263155711302533,79.43040293040293,0.001763815011820331,0.0125896377596901
3754339,Stoke City,25,35,56,tied,early,medium,0.036564625850340135,0.027923423155360706,0.04039187680588389,0.13468561750726438,176.6042780748663,0.0014683067375886522,0.005662376987130961
3754339,AFC Bournemouth,25,35,47,tied,early,low,0.02976190476190476,0.00816326530612245,0.017779747832939324,0.11041222020388439,135.57971014492753,0.0020685579196217494,0.007375734901122395
3754339,Stoke City,30,40,58,leading,middle,medium,0.039965986394557826,0.05082832136868553,0.032481950035141524,0.11966177971237184,167.0625,0.002751920803782506,0.005985783763561541
3754339,AFC Bournemouth,30,40,39,trailing,middle,low,0.027210884353741496,0.023217090215861422,0.02162751182033097,0.12464892879634283,126.30434782608695,0.0016714686761229313,0.00791738382099828
3754339,Stoke City,35,45,41,leading,middle,low,0.02891156462585034,0.01885596129094368,0.0431528994576554,0.09753736768650532,192.21428571428572,0.0020870271867612297,0.005202526941657376
3754339,AFC Bournemouth,35,45,62,trailing,middle,medium,0.03826530612244898,0.011972252040101179,0.04620740356339734,0.09365634696863971,207.5596638655462,0.0018838652482269503,0.004817891787721258
3754339,Stoke City,40,50,74,leading,middle,medium,0.047619047619047616,0.024579644976624203,0.02881983327112106,0.1268396866780435,183.16190476190476,0.0021332003546099287,0.005459650582362728
3754339,AFC Bournemouth,40,50,106,trailing,middle,high,0.05952380952380952,0.05248642258264021,0.03543988517392773,0.1097469909674455,243.85324798482694,0.0027796247044917254,0.004100827068180868
3754339,Stoke City,45,55,93,leading,middle,high,0.06037414965986394,0.01434993254250024,0.0327314296379246,0.13512611789930312,222.68741109530583,0.002761155437352246,0.0044905996036391106
3754339,AFC Bournemouth,45,55,100,trailing,middle,high,0.061224489795918366,0.06272634954746467,0.049437830687830676,0.1146360516875483,295.76926054974837,0.002290189125295508,0.0033810139638625497
3754339,Stoke City,50,60,59,leading,middle,medium,0.04421768707482993,0.019886327202394246,0.04018344244408073,0.1227607675074318,196.75525525525526,0.0022070774231678484,0.005082456367951526
3754339,AFC Bournemouth,50,60,72,trailing,middle,medium,0.050170068027210885,0.04227260724648699,0.05401616361537191,0.109809545575196,242.12993724621631,0.002077792553191489,0.004130013873431616
3754339,Stoke City,55,65,37,leading,middle,low,0.02891156462585034,0.02562358276643991,0.01706560283687943,0.09970916280727939,131.25494071146244,0.0016345301418439714,0.007618760822103441
3754339,AFC Bournemouth,55,65,80,trailing,middle,medium,0.047619047619047616,0.05435170788272164,0.04358163804902326,0.12715957007986192,217.81650071123755,0.0021332003546099287,0.004591020408163266
3754339,AFC Bournemouth,60,70,75,trailing,late,medium,0.041666666666666664,0.054487993059179604,0.041414615491586704,0.13516037480018278,212.6078431372549,0.002262485224586288,0.0047034953426173575
3754339,Stoke City,65,75,31,leading,late,low,0.025510204081632654,0.04285714285714286,0.04249205184641721,0.11654576114763188,148.8034188034188,0.0017084072104018911,0.006720275703618611
3754339,AFC Bournemouth,65,75,60,trailing,late,medium,0.0391156462585034,0.07450532803462633,0.03984969011564756,0.12124645215188806,209.41382575757575,0.0018653959810874708,0.004775233900543093
3754339,Stoke City,70,80,34,tied,late,low,0.027210884353741496,0.01870748299319728,0.018700132978723406,0.10937727531309549,135.56052631578947,0.0016714686761229313,0.007376778677227107
3754339,AFC Bournemouth,70,80,83,tied,late,high,0.05357142857142857,0.04976296995233595,0.051303479790117054,0.12597441065135456,250.29268292682926,0.0020039154846335696,0.00399532254921068
3754339,Stoke City,75,85,44,tied,late,low,0.030612244897959183,0.007482993197278911,0.03225806451612903,0.12541864707727596,133.9655172413793,0.002502585697399527,0.007464607464607465
3754339,AFC Bournemouth,75,85,75,tied,late,medium,0.050170068027210885,0.041556742532459515,0.030223929603362232,0.1364140703407743,191.4964349376114,0.002530289598108747,0.005222029330863497
3754339,Stoke City,80,90,42,leading,late,low,0.02806122448979592,0.018330932932367795,0.028762805358550043,0.12895527415657573,121.17758784425452,0.0039154846335697395,0.008252351097178683
3754339,AFC Bournemouth,80,90,50,trailing,late,low,0.0391156462585034,0.09251700680272108,0.0301418439716312,0.13615023298719295,153.20967741935485,0.002317893026004728,0.0065270028424044635
3754146,Stoke City,0,10,76,tied,early,medium,0.047619047619047616,0.006336423603025935,0.02980682005607785,0.1083373191001557,216.09058823529412,0.0021332003546099287,0.00462768882331484
3754146,Leicester City,0,10,63,tied,early,medium,0.04336734693877551,0.028284897612344075,0.042443431273218514,0.12316848290666625,198.95714285714286,0.0022255466903073283,0.00502620808501472
3754146,Stoke City,5,15,54,tied,early,medium,0.034013605442176874,0.0037414965986394557,0.04504504504504504,0.10055211062918155,193.218954248366,0.00197621158392435,0.005175475687103594
3754146,Leicester City,5,15,59,tied,early,medium,0.03741496598639456,0.03775510204081632,0.04070191906549853,0.1395369835114438,167.8475935828877,0.0014498374704491725,0.005957785742731979
3754146,Stoke City,10,20,50,leading,early,low,0.03486394557823129,0.014512471655328799,0.04475813784324423,0.10322688985163492,186.80672268907563,0.001505245271867612,0.005353126405757985
3754146,Leicester City,10,20,46,trailing,early,low,0.02806122448979592,0.016217203706839357,0.03414550446122169,0.1352973419124978,143.71428571428572,0.0016529994089834515,0.006958250497017892
3754146,Stoke City,15,25,64,leading,early,medium,0.04421768707482993,0.05309845090359665,0.03800076672417097,0.10967988603901505,191.6235294117647,0.0026595744680851063,0.005218565815324165
3754146,Leicester City,15,25,44,trailing,early,low,0.034013605442176874,0.028802237720444802,0.03291580873941889,0.14865684299272489,141.98709677419356,0.0019762115839243497,0.007042893493275172
3754146,Stoke City,20,30,60,leading,early,medium,0.04251700680272109,0.08950437317784256,0.028560475368986003,0.11911674089358806,169.15322580645162,0.0022440159574468083,0.005911799761620977
3754146,Leicester City,20,30,43,trailing,early,low,0.030612244897959183,0.018512544095443683,0.020788559352389144,0.11195648373456647,137.26666666666668,0.002502585697399527,0.007285089849441476
3754146,Stoke City,25,35,52,leading,early,medium,0.03486394557823129,0.044665807345794534,0.019626674546887313,0.10807237543922071,148.35,0.00195774231678487,0.006740815638692282
3754146,Leicester City,25,35,38,trailing,early,low,0.026360544217687076,0.030158730158730156,0.02307919621749409,0.12741090004984978,128.62922705314008,0.0016899379432624112,0.007774282897516549
3754146,Stoke City,30,40,47,leading,middle,low,0.03231292517006803,0.030495497634588364,0.047998986828774064,0.12260222518210039,164.8613445378151,0.00201315011820331,0.006065703290261743
3754146,Leicester City,30,40,39,trailing,middle,low,0.025510204081632654,0.015873015873015872,0.021705559368565545,0.10853197113063912,136.8939393939394,0.0017084072104018911,0.007304925290536801
3754146,Stoke City,35,45,42,leading,middle,low,0.02976190476190476,0.046938775510204075,0.018631320064058567,0.1285965932090562,121.8840579710145,0.0020685579196217494,0.008204518430439952
3754146,Leicester City,35,45,53,trailing,middle,medium,0.036564625850340135,0.03244033195136278,0.0363833369152518,0.13026691710547336,151.4993686868687,0.0023733008274231674,0.006600687571622043
3754146,Stoke City,40,50,59,leading,middle,medium,0.04081632653061224,0.030666010862148343,0.03504646046755976,0.12256046878646358,180.4298871063577,0.002280954491725768,0.00554231904723485
3754146,Leicester City,40,50,54,trailing,middle,medium,0.0391156462585034,0.05195814121190355,0.0389947793538219,0.11322206277394518,174.68805704099822,0.002317893026004728,0.005724489795918367
3754146,Stoke City,45,55,52,leading,middle,medium,0.03571428571428571,0.02125764672788697,0.049357868506804674,0.12493474606128441,194.709243697479,0.0014867760047281324,0.00513586299761765
3754146,Leicester City,45,55,31,trailing,middle,low,0.02295918367346939,0.021428571428571425,0.01643237082066869,0.11352629656037576,101.56862745098039,0.001763815011820331,0.009845559845559846
3754146,Stoke City,50,60,34,leading,middle,low,0.023809523809523808,0.0,0.02511820330969267,0.12887019925518203,119.60144927536231,0.0012928486997635933,0.008361102696152681
3754146,Leicester City,50,60,33,trailing,middle,low,0.026360544217687076,0.014091350826044704,0.03234385724090597,0.12169954983246914,133.92592592592592,0.0025949320330969266,0.007466814159292036
3754146,Stoke City,55,65,47,leading,middle,low,0.02976190476190476,0.00817601797226422,0.04463019250253293,0.11645369522685256,197.80229885057472,0.0016160608747044917,0.005055552972897588
3754146,Leicester City,55,65,45,trailing,middle,low,0.03231292517006803,0.010006346206875115,0.014750788022064615,0.105957444923857,125.33596837944664,0.00201315011820331,0.007978555660674866
3754146,Stoke City,60,70,47,leading,late,low,0.031462585034013606,0.012856337243825237,0.026752190237797246,0.12022879063599226,145.494708994709,0.00203161938534279,0.00687310216920923
3754146,Leicester City,60,70,38,trailing,late,low,0.02295918367346939,0.0,0.011303191489361703,0.13352664994673674,86.66666666666667,0.001763815011820331,0.011538461538461537
3754146,Stoke City,65,75,43,tied,late,low,0.02806122448979592,0.005886732940030238,0.03517417605340008,0.11083550632768399,171.5793650793651,0.0016529994089834515,0.0058282066700587444
3754146,Leicester City,65,75,36,tied,late,low,0.023809523809523808,0.017006802721088433,0.02329787234042553,0.1628954556436029,99.72332015810277,0.0026503398345153664,0.010027744748315498
3754146,Stoke City,70,80,44,tied,late,low,0.02465986394557823,0.006962141512526584,0.021490584494986552,0.10666980848817917,148.61015873015873,0.001726876477541371,0.006729015085810964
3754146,Leicester City,70,80,46,tied,late,low,0.03316326530612245,0.009750566893424038,0.020306959219858152,0.1413641074232261,127.44539411206078,0.0019946808510638296,0.00784649776453055
3754146,Stoke City,75,85,33,tied,late,low,0.02295918367346939,0.0,0.011643026004728134,0.11587659856771047,98.62745098039215,0.001763815011820331,0.010139165009940358
3754146,Leicester City,75,85,59,tied,late,medium,0.03826530612244898,0.030592165554281618,0.03322512515644556,0.12753350631352406,177.10752688172042,0.0023363622931442075,0.005646287414243216
3754146,Stoke City,80,90,41,tied,late,low,0.026360544217687076,0.0,0.02487642381259402,0.11485415252988397,160.1501976284585,0.0012374408983451535,0.006244138407621304
3754146,Leicester City,80,90,45,tied,late,low,0.02891156462585034,0.025741013230648882,0.025118203309692666,0.13418736692630426,124.61538461538461,0.0016345301418439714,0.008024691358024692
3754347,Manchester United,0,10,61,tied,early,medium,0.03826530612244898,0.03970513643123148,0.022754137115839245,0.11085131850969676,164.38556505223173,0.0014313682033096926,0.006083259194213682
3754347,West Ham United,0,10,48,tied,early,low,0.03571428571428571,0.026552499856038855,0.03168206891611147,0.12235626859657756,151.3548387096774,0.0023917700945626477,0.006606990622335891
3754347,Manchester United,5,15,41,tied,early,low,0.02806122448979592,0.0,0.024490248226950354,0.12775818153233254,124.3076923076923,0.0021054964539007092,0.008044554455445545
3754347,West Ham United,5,15,50,tied,early,low,0.03571428571428571,0.009259259259259259,0.030929866036249018,0.11376936883661612,165.352688172043,0.003296764184397163,0.00604767912185098
3754347,Manchester United,10,20,60,tied,early,medium,0.03741496598639456,0.03348720609934415,0.05260891590678825,0.13186607081725224,209.57450980392161,0.0019023345153664304,0.004771572654210678
3754347,West Ham United,10,20,32,tied,early,low,0.021258503401360544,0.008570891495883491,0.015602836879432624,0.13816656362749336,99.73684210526316,0.0027057476359338057,0.010026385224274405
3754347,Manchester United,15,25,59,tied,early,medium,0.03571428571428571,0.034820794277660334,0.04752758077226162,0.09551925122551642,219.29805107526883,0.00193927304964539,0.004560004045164878
3754347,West Ham United,15,25,34,tied,early,low,0.022108843537414966,0.017998872141355333,0.030482815057283143,0.13815216378798054,116.8677536231884,0.0017822842789598108,0.008556680256080359
3754347,Manchester United,20,30,51,tied,early,medium,0.03486394557823129,0.05276023982771501,0.031015704154002025,0.11489314801680162,164.70114942528735,0.00195774231678487,0.006071603042780376
3754347,West Ham United,20,30,37,tied,early,low,0.02295918367346939,0.06930273887304558,0.024748817966903074,0.14135942398028925,108.05194805194805,0.001763815011820331,0.009254807692307692
3754347,Manchester United,25,35,66,tied,early,medium,0.04421768707482993,0.03637257712859502,0.026165914463786803,0.12696663952591175,167.66989247311827,0.003112071513002364,0.005964099966011043
3754347,West Ham United,25,35,29,tied,early,low,0.01870748299319728,0.0,0.004330332787779596,0.10431980935696854,61.333333333333336,0.0009511672576832152,0.016304347826086956
3754347,Manchester United,30,40,49,tied,middle,low,0.027210884353741496,0.013605442176870748,0.02463272543059777,0.11808440534079248,132.74758454106282,0.002123965721040189,0.007533093754264658
3754347,West Ham United,30,40,21,tied,middle,low,0.015306122448979591,0.0,0.008466312056737587,0.16408982495732477,58.879120879120876,0.0014775413711583924,0.016983949234789103
3754347,Manchester United,35,45,37,tied,middle,low,0.023809523809523808,0.0,0.03747044917257683,0.12218185731267409,136.06837606837607,0.002197842789598109,0.007349246231155779
3754347,West Ham United,35,45,21,tied,middle,low,0.016156462585034014,0.0,0.0030687397708674307,0.10724462995046548,60.166666666666664,0.001006575059101655,0.01662049861495845
3754347,Manchester United,40,50,72,tied,middle,medium,0.045068027210884355,0.01660729532235336,0.04156592520954223,0.10964288391242206,218.0796586059744,0.0021886081560283685,0.004585480399191181
3754347,West Ham United,40,50,36,tied,middle,low,0.027210884353741496,0.03401360544217687,0.033661869002920314,0.11681842989028259,158.91692307692307,0.0012189716312056738,0.0062925960346964065
3754347,Manchester United,45,55,77,tied,middle,medium,0.04591836734693878,0.03672904126761208,0.031853043047996035,0.1104665937705004,212.56417112299465,0.0017176418439716313,0.00470446169134203
3754347,West Ham United,45,55,48,tied,middle,low,0.03231292517006803,0.0027210884353741495,0.03472644376899695,0.1148787288739705,161.59677419354838,0.00201315011820331,0.006188242339554846
3754347,Manchester United,50,60,68,tied,middle,medium,0.04251700680272109,0.04606778707957589,0.041358845547675334,0.12173059812822627,187.0952380952381,0.002696513002364066,0.0053448714685670655
3754347,West Ham United,50,60,62,tied,middle,medium,0.04336734693877551,0.014716479950448794,0.025802538260544978,0.11558355392437532,177.152688172043,0.0022255466903073283,0.0056448480139846555
3754347,Manchester United,55,65,65,tied,middle,medium,0.045068027210884355,0.05578292189251667,0.03682033096926714,0.12628198541144262,191.7057057057057,0.0021886081560283685,0.005216328832356904
3754347,West Ham United,55,65,60,tied,middle,medium,0.04251700680272109,0.017291603978376084,0.0630729977512541,0.11118198211486391,233.7780487804878,0.001791518912529551,0.004277561581237154
3754347,Manchester United,60,70,70,tied,late,medium,0.0467687074829932,0.01760305545494936,0.0411514214705704,0.12069764609788051,196.9068825910931,0.0026041666666666665,0.005078542643309483
3754347,West Ham United,60,70,45,tied,late,low,0.030612244897959183,0.019284505865737853,0.052895981087470456,0.11893896215250092,199.59979838709677,0.0015975916075650117,0.005010025100629789
3754347,Manchester United,65,75,82,tied,late,high,0.04931972789115646,0.01738248595140358,0.04617944739952719,0.10735807014423968,217.658547008547,0.0016437647754137116,0.004594352088368632
3754347,West Ham United,65,75,33,tied,late,low,0.02295918367346939,0.0,0.010952871196522536,0.11161173460620219,95.5326797385621,0.001763815011820331,0.01046762220777888
3754347,Manchester United,70,80,72,tied,late,medium,0.04846938775510204,0.010884353741496598,0.05836288416075649,0.11353764747864997,253.75377468060395,0.0016622340425531915,0.003940828077370218
3754347,West Ham United,70,80,22,tied,late,low,0.01445578231292517,0.0,0.0048969942586963855,0.13735653923789287,51.81818181818182,0.0014960106382978723,0.01929824561403509
3754347,Manchester United,75,85,64,tied,late,medium,0.045068027210884355,0.017154028335029034,0.05374926122931443,0.11321333540418647,220.03846153846155,0.0021886081560283685,0.004544660024471246
3754347,Manchester United,80,90,49,tied,late,low,0.02976190476190476,0.031046060111393325,0.043074676679182314,0.09070892477328728,178.75862068965517,0.0016160608747044917,0.0055941358024691355
3754347,West Ham United,80,90,32,tied,late,low,0.02040816326530612,0.025446537013968075,0.008564463019250252,0.12348156176833304,78.1875,0.0018192228132387705,0.012789768185451638
3754255,Liverpool,0,10,84,tied,early,high,0.05612244897959184,0.049134574903258114,0.04816097641431634,0.12127734397058679,248.66076042820228,0.0019485076832151296,0.004021543239383512
3754255,West Bromwich Albion,0,10,69,tied,early,medium,0.04421768707482993,0.028960644651848593,0.040229058846080114,0.10862486781442757,212.1546218487395,0.0026595744680851063,0.004713543317066988
3754255,Liverpool,5,15,80,tied,early,medium,0.05272108843537415,0.09086181007493817,0.0416717180901578,0.12076943579344987,229.83670715249661,0.00383237293144208,0.004350915101374561
3754255,West Bromwich Albion,5,15,43,tied,early,low,0.027210884353741496,0.0227891156462585,0.018557919621749408,0.12287153738241262,113.07789855072464,0.002123965721040189,0.008843461125618802
3754255,Liverpool,10,20,65,tied,early,medium,0.04251700680272109,0.030242901862095776,0.03463530802391879,0.13871812599573657,173.3199643493761,0.002696513002364066,0.005769675777132132
3754255,West Bromwich Albion,10,20,30,tied,early,low,0.022108843537414966,0.02312925170068027,0.017983789260385002,0.11715212719587012,113.60526315789474,0.0017822842789598108,0.008802409080379893
3754255,Liverpool,15,25,88,leading,early,high,0.05697278911564626,0.03057805272958808,0.038551450386556774,0.1249427577228281,214.8148148148148,0.0023825354609929078,0.004655172413793104
3754255,West Bromwich Albion,15,25,28,trailing,early,low,0.02295918367346939,0.030612244897959183,0.01987531457332418,0.11131856127815053,116.35714285714286,0.0013113179669030732,0.008594229588704726
3754255,Liverpool,20,30,82,leading,early,high,0.05272108843537415,0.0338148231825803,0.024253407036573495,0.1350524302177351,183.65120967741936,0.002474881796690307,0.005445104346203248
3754255,West Bromwich Albion,20,30,26,trailing,early,low,0.01870748299319728,0.0,0.0029652726828075324,0.09238418889445851,55.0,0.0014036643026004727,0.01818181818181818
3754255,Liverpool,25,35,65,tied,early,medium,0.0391156462585034,0.06387048874931654,0.027759308510638295,0.12572402879781674,168.4212643678161,0.003675384160756501,0.00593749253547993
3754255,West Bromwich Albion,25,35,38,tied,early,low,0.025510204081632654,0.026998308212032997,0.011410432395332877,0.1151142914621517,105.20261437908496,0.0017084072104018911,0.009505467196819085
3754255,Liverpool,30,40,79,tied,middle,medium,0.04846938775510204,0.024502025512624183,0.028393420015760437,0.12240513610353336,185.19904931669637,0.004377216312056738,0.005399595752189676
3754255,West Bromwich Albion,30,40,35,tied,middle,low,0.02465986394557823,0.022108843537414963,0.027139098604438344,0.0,125.27173913043478,0.001726876477541371,0.007982646420824295
3754255,Liverpool,35,45,68,tied,middle,medium,0.045068027210884355,0.020055374581654625,0.030297724586288412,0.11367289620967916,191.39156268568036,0.0017361111111111112,0.005224890721239816
3754255,West Bromwich Albion,35,45,31,tied,middle,low,0.01870748299319728,0.0,0.027674992291088496,0.1487767958455661,108.4888888888889,0.0014036643026004727,0.009217533797623923
3754255,Liverpool,40,50,82,tied,middle,high,0.05442176870748299,0.042038455802937205,0.0370104010871488,0.11169115804336352,229.48790896159318,0.0024379432624113476,0.004357528048100167
3754255,West Bromwich Albion,40,50,27,tied,middle,low,0.02040816326530612,0.014285714285714285,0.02787234042553191,0.11643416927222545,101.1699604743083,0.0018192228132387705,0.009884356930770433
3754255,Liverpool,45,55,85,tied,middle,high,0.05357142857142857,0.025406734863791497,0.039878063954211763,0.12737947538278138,223.22285443338075,0.002456412529550827,0.004479828028981875
3754255,Liverpool,50,60,81,tied,middle,high,0.04931972789115646,0.01647871908897394,0.049273049645390074,0.12268542193282235,234.79615384615386,0.0016437647754137116,0.004259013546939244
3754255,West Bromwich Albion,50,60,23,tied,middle,low,0.015306122448979591,0.03155197954512507,0.003154985398414685,0.16633323754618595,39.32727272727273,0.0023825354609929078,0.025427646786870088
3754255,Liverpool,55,65,70,tied,middle,medium,0.04081632653061224,0.024305670988586887,0.04818274858168475,0.13358433749651247,204.63963963963963,0.001375960401891253,0.00488663878494387
3754255,West Bromwich Albion,55,65,24,tied,middle,low,0.016156462585034014,0.022781695288293224,0.00538563829787234,0.14415072166627468,54.88636363636363,0.0019115691489361702,0.01821946169772257
3754255,Liverpool,60,70,45,tied,late,low,0.030612244897959183,0.014716832350075594,0.031216419514291854,0.1372650016021002,146.58620689655172,0.0015975916075650117,0.006821924253116914
3754255,West Bromwich Albion,60,70,39,tied,late,low,0.02806122448979592,0.043527975493409865,0.02363047199804353,0.11651466037128036,138.68577075098815,0.0025579934988179667,0.007210545065906661
3754255,Liverpool,65,75,36,tied,late,low,0.02295918367346939,0.058503401360544216,0.020731042007637753,0.11582707538336455,112.83157894736843,0.002216312056737589,0.008862767049165034
3754255,West Bromwich Albion,65,75,35,tied,late,low,0.025510204081632654,0.038046647230320696,0.02370490286771508,0.14884924954280587,105.25296442687747,0.002613401300236406,0.009500920049570018
3754255,Liverpool,70,80,33,trailing,late,low,0.02295918367346939,0.03435374149659864,0.00410428158655109,0.1105539133833454,64.32727272727273,0.001763815011820331,0.015545505935556812
3754255,Liverpool,75,85,68,trailing,late,medium,0.0391156462585034,0.03573416372963315,0.04400540357987166,0.11248477840780623,196.6751893939394,0.002317893026004728,0.005084525420219655
3754255,Liverpool,80,90,79,trailing,late,medium,0.047619047619047616,0.042408979941259986,0.04755520959464913,0.09944130780178362,242.46018893387316,0.0025856973995271866,0.004124388438354029
3754255,West Bromwich Albion,80,90,25,leading,late,low,0.01870748299319728,0.0,0.006928027318098239,0.120741020747385,74.56043956043956,0.0014036643026004727,0.013411938098747236
3754278,AFC Bournemouth,0,10,62,tied,early,medium,0.041666666666666664,0.02221868004895628,0.02811550151975684,0.1359091378624511,160.79133064516128,0.002714982269503546,0.006219240776151218
3754278,Watford,0,10,81,tied,early,high,0.04421768707482993,0.04070906182938785,0.047568389057750765,0.11899033078264445,213.96974789915967,0.0026595744680851063,0.004673557873570441
3754278,AFC Bournemouth,5,15,62,tied,early,medium,0.03826530612244898,0.05421213933233188,0.037303302304964536,0.12244172306949529,191.80651340996167,0.002336362293144208,0.005213587287636208
3754278,Watford,5,15,62,tied,early,medium,0.03231292517006803,0.011774262973406838,0.04732478097622028,0.09979691024079242,182.83064516129033,0.00201315011820331,0.005469542587446518
3754278,AFC Bournemouth,10,20,81,tied,early,high,0.04421768707482993,0.045493658845963875,0.03687943262411347,0.11946479205437761,189.44539141414143,0.0026595744680851063,0.005278565989572832
3754278,Watford,10,20,59,tied,early,medium,0.03571428571428571,0.013832199546485261,0.04942974889783401,0.1017753362190236,190.98851540616246,0.0014867760047281324,0.005235916923451481
3754278,AFC Bournemouth,15,25,102,tied,early,high,0.05782312925170068,0.02997347357022802,0.04714041688289223,0.1045921245881239,283.63967611336034,0.002364066193853428,0.0035255998515536903
3754278,Watford,15,25,42,tied,early,low,0.026360544217687076,0.03344259863088149,0.01947584219858156,0.10749584755104016,130.37878787878788,0.0016899379432624112,0.0076699593259732714
3754278,AFC Bournemouth,20,30,87,tied,early,high,0.05187074829931973,0.03945561518056882,0.043713602029637325,0.11777490848452474,260.22190611664297,0.002945848108747045,0.003842874010582936
3754278,Watford,20,30,46,tied,early,low,0.02976190476190476,0.004421768707482993,0.021169138190414785,0.11683873967974887,126.27692307692308,0.0016160608747044917,0.007919103313840156
3754278,AFC Bournemouth,25,35,75,leading,early,medium,0.04421768707482993,0.025508558568805528,0.03083668775158136,0.12482085981517047,183.64289958407608,0.0022070774231678484,0.005445350744650905
3754278,Watford,25,35,56,trailing,early,medium,0.03741496598639456,0.01836734693877551,0.04869896492236918,0.11870333074115806,182.31531531531533,0.0014498374704491725,0.005485002717794139
3754278,AFC Bournemouth,30,40,63,leading,middle,medium,0.03741496598639456,0.03825073019746668,0.026731518752795346,0.11348333811395904,173.5270935960591,0.0019023345153664304,0.005762788849145518
3754278,Watford,30,40,68,trailing,middle,medium,0.039965986394557826,0.00912442849680386,0.03229659180457052,0.12307086258487443,165.71836007130125,0.0022994237588652476,0.0060343343946304105
3754278,AFC Bournemouth,35,45,34,leading,middle,low,0.02295918367346939,0.03571428571428571,0.013652482269503548,0.09696058318007246,119.41176470588235,0.0013113179669030732,0.008374384236453203
3754278,Watford,35,45,54,trailing,middle,medium,0.03316326530612245,0.010856462561452422,0.03182534565513288,0.14249356788275266,147.9225806451613,0.0019946808510638296,0.0067602930914166075
3754278,AFC Bournemouth,40,50,57,tied,middle,medium,0.03231292517006803,0.007309544108477414,0.027925531914893616,0.11253489850225147,166.86560846560846,0.00201315011820331,0.005992846633859267
3754278,Watford,40,50,38,tied,middle,low,0.02295918367346939,0.018425093028476794,0.03805237315875614,0.11896252016324041,141.97101449275362,0.0013113179669030732,0.007043691302572479
3754278,AFC Bournemouth,45,55,65,tied,middle,medium,0.03826530612244898,0.023264231971358816,0.04731594056062142,0.11811768604953435,200.1752100840336,0.0018838652482269503,0.004995623581862108
3754278,Watford,45,55,44,tied,middle,low,0.025510204081632654,0.009488660182800038,0.021877144818119424,0.10906469093349003,137.40711462450594,0.0017084072104018911,0.007277643539293522
3754278,AFC Bournemouth,50,60,53,tied,middle,medium,0.02891156462585034,0.028157960350448874,0.03217563621193158,0.11390685483606926,158.31128747795412,0.0016345301418439714,0.006316668987606184
3754278,Watford,50,60,41,tied,middle,low,0.022108843537414966,0.0,0.025202634245187434,0.12930773597525672,121.20395256916996,0.0013297872340425532,0.008250556015731495
3754278,AFC Bournemouth,55,65,65,tied,middle,medium,0.03741496598639456,0.057544769176529315,0.04302107959022852,0.10363146815943709,193.5719696969697,0.0023548315602836874,0.005166037218949964
3754278,Watford,55,65,50,tied,middle,low,0.02806122448979592,0.022970068018339854,0.020667109929078012,0.1200733381956231,137.40579710144928,0.0021054964539007092,0.007277713321379601
3754278,AFC Bournemouth,60,70,55,tied,late,medium,0.03571428571428571,0.040085495496473784,0.03701241134751773,0.10536906848730708,176.8790322580645,0.00193927304964539,0.005653581361418867
3754278,Watford,60,70,62,tied,late,medium,0.0391156462585034,0.012471655328798185,0.03171225937183384,0.12712559786781635,163.21370967741936,0.0018653959810874708,0.006126936284803716
3754278,AFC Bournemouth,65,75,53,tied,late,medium,0.03571428571428571,0.030275018170886285,0.059493003641939796,0.10058422679920033,218.04204204204206,0.0023917700945626477,0.004586271485235787
3754278,Watford,65,75,41,tied,late,low,0.027210884353741496,0.0,0.025574897915323445,0.1192675298683923,137.15076923076924,0.0016714686761229313,0.007291246017857944
3754278,AFC Bournemouth,70,80,50,tied,late,low,0.031462585034013606,0.029608432349800252,0.025637339467126704,0.08813240370208822,162.17663817663816,0.002484116430260047,0.0061661162251422956
3754278,Watford,70,80,35,tied,late,low,0.02040816326530612,0.013418165943609369,0.02034977433913604,0.13904468449690402,97.03552631578947,0.0013667257683215128,0.010305503952703162
3754278,AFC Bournemouth,75,85,34,tied,late,low,0.021258503401360544,0.0,0.0026595744680851063,0.09436129009039076,60.044444444444444,0.001348256501182033,0.016654330125832718
3754278,Watford,75,85,30,tied,late,low,0.017006802721088437,0.008503401360544217,0.020530048525569243,0.18874000814828218,81.71929824561404,0.0018930998817966902,0.01223701159295835
3754278,AFC Bournemouth,80,90,47,tied,late,low,0.027210884353741496,0.019284505865737853,0.03654770075497598,0.12394762196443443,159.33190883190883,0.002123965721040189,0.006276206739322849
3754278,Watford,80,90,25,tied,late,low,0.01870748299319728,0.0,0.004994089834515366,0.10189326029838312,83.52272727272727,0.0009511672576832152,0.01197278911564626
3753979,Crystal Palace,0,10,64,tied,early,medium,0.03571428571428571,0.028568985842918143,0.04865022250034765,0.12107258782516431,203.11051693404636,0.0014867760047281324,0.004923427969634473
3753979,Sunderland,0,10,41,tied,early,low,0.026360544217687076,0.0,0.0344401461422738,0.10143695393898897,139.52136752136752,0.002142434988179669,0.007167360940945847
3753979,Crystal Palace,5,15,73,tied,early,medium,0.04421768707482993,0.01940663455222569,0.03903917595406957,0.14055123536192102,200.2547899159664,0.0017545803782505912,0.004993638356513886
3753979,Sunderland,5,15,37,tied,early,low,0.026360544217687076,0.013081628755622752,0.012437421777221527,0.09195904492490407,130.53333333333333,0.0012374408983451535,0.007660878447395302
3753979,Crystal Palace,10,20,59,tied,early,medium,0.03826530612244898,0.0453098566780698,0.024735949058186536,0.1418877528473803,145.6514778325123,0.0032413563829787233,0.006865704453407064
3753979,Sunderland,10,20,26,tied,early,low,0.0195578231292517,0.0,0.01049645390070922,0.1431310364093169,84.57142857142857,0.001385195035460993,0.011824324324324325
3753979,Crystal Palace,15,25,41,tied,early,low,0.025510204081632654,0.02412823308157857,0.01902862208713272,0.1254131599558253,121.55844155844156,0.002160904255319149,0.008226495726495727
3753979,Sunderland,15,25,30,tied,early,low,0.017006802721088437,0.03856901173147571,0.005550416281221091,0.12722627604580813,68.0,0.0014406028368794325,0.014705882352941176
3753979,Crystal Palace,20,30,52,tied,early,medium,0.03316326530612245,0.0335936518003071,0.038320470031984424,0.14027951332767966,174.08735632183908,0.0019946808510638296,0.005744242552292415
3753979,Sunderland,20,30,49,tied,early,low,0.02806122448979592,0.02999812023559222,0.010745755426606489,0.09899237825033641,108.4154411764706,0.0016529994089834515,0.009223778358031808
3753979,Crystal Palace,25,35,81,tied,early,high,0.05187074829931973,0.07550664456084039,0.0366795951536643,0.1237402648794442,210.19819819819818,0.0020408540189125295,0.004757414709411966
3753979,Sunderland,25,35,45,tied,early,low,0.027210884353741496,0.0,0.015614275909402883,0.11567811767509303,112.34848484848484,0.002123965721040189,0.00890087660148348
3753979,Crystal Palace,30,40,75,tied,middle,medium,0.0467687074829932,0.031140634343614762,0.0375215641173088,0.12967800576715235,191.90540540540542,0.0021516696217494086,0.005210900640799944
3753979,Sunderland,30,40,37,tied,middle,low,0.02295918367346939,0.02382639888401723,0.006731021801943788,0.11171357806841588,69.15384615384616,0.0031213061465721038,0.014460511679644048
3753979,Crystal Palace,35,45,54,tied,middle,medium,0.03231292517006803,0.020017029502702427,0.025574897915323448,0.11861928513247987,152.19356261022926,0.00201315011820331,0.0065705801405084386
3753979,Sunderland,35,45,37,tied,middle,low,0.02465986394557823,0.010884353741496598,0.03726813966175668,0.12903233312526338,126.0,0.002179373522458629,0.007936507936507936
3753979,Crystal Palace,40,50,50,tied,middle,low,0.030612244897959183,0.004905610783358531,0.028507313829787235,0.13582638403325717,153.27380952380952,0.0020500886524822694,0.006524271844660194
3753979,Sunderland,40,50,48,tied,middle,low,0.03231292517006803,0.0,0.045454545454545456,0.1272026149211418,160.71969696969697,0.0015606530732860519,0.006222012726844214
3753979,Crystal Palace,45,55,57,tied,middle,medium,0.03741496598639456,0.013605442176870748,0.060549645390070926,0.11409315636366721,210.20064102564103,0.0019023345153664304,0.004757359421553887
3753979,Sunderland,45,55,46,tied,middle,low,0.030612244897959183,0.0,0.04440935283687944,0.1386491013272522,156.33064516129033,0.0015975916075650117,0.006396698478204797
3753979,Crystal Palace,50,60,57,tied,middle,medium,0.03826530612244898,0.018585145638442938,0.043673012318029114,0.1270267988542036,213.03030303030303,0.0014313682033096926,0.004694167852062589
3753979,Sunderland,50,60,28,tied,middle,low,0.01870748299319728,0.0,0.004091653027823241,0.10448566108344097,65.16666666666667,0.0014036643026004727,0.015345268542199487
3753979,Crystal Palace,55,65,60,tied,middle,medium,0.039965986394557826,0.03299319727891156,0.04769503546099291,0.11000723112854667,188.03378378378378,0.0013944296690307327,0.005318193251643968
3753979,Sunderland,55,65,26,tied,middle,low,0.017857142857142856,0.0,0.004021023302938196,0.09106855623055721,65.8,0.00187463061465721,0.015197568389057751
3753979,Crystal Palace,60,70,42,tied,late,low,0.02806122448979592,0.005668934240362812,0.0392488716956802,0.12367338734631159,161.82758620689654,0.0016529994089834515,0.006179416151715321
3753979,Crystal Palace,65,75,45,tied,late,low,0.03316326530612245,0.017264607924240373,0.03435283687943262,0.1320122862390377,156.2712643678161,0.001542183806146572,0.006399129130012652
3753979,Sunderland,65,75,25,tied,late,low,0.0195578231292517,0.0,0.008865248226950355,0.11446301746120682,79.54285714285714,0.001385195035460993,0.01257183908045977
3753979,Crystal Palace,70,80,68,tied,late,medium,0.04336734693877551,0.04606406807697407,0.03515652983738091,0.13724364683045168,160.2651515151515,0.003130540780141844,0.006239659654927914
3753979,Sunderland,70,80,29,tied,late,low,0.021258503401360544,0.0,0.0192080378250591,0.11178998924160768,109.4921052631579,0.001348256501182033,0.009133078568510106
3753979,Crystal Palace,75,85,56,trailing,late,medium,0.036564625850340135,0.03019881136373677,0.02870124113475177,0.12524981568724022,158.53870967741938,0.0028257978723404257,0.006307607788878262
3753979,Crystal Palace,80,90,47,trailing,late,low,0.03486394557823129,0.028182701652089408,0.051322599194939617,0.10213515459673045,202.65953654188948,0.0024102393617021272,0.004934384125532139
3753972,Swansea City,0,10,57,tied,early,medium,0.03571428571428571,0.0034013605442176874,0.032875295508274234,0.12586161153653527,169.08602150537635,0.00193927304964539,0.005914149443561208
3753972,AFC Bournemouth,0,10,59,tied,early,medium,0.03826530612244898,0.052721088435374146,0.04900512214342002,0.10996936776805898,186.87857142857143,0.0018838652482269503,0.005351068302564691
3753972,Swansea City,5,15,51,trailing,early,medium,0.02976190476190476,0.004081632653061224,0.0314581990113905,0.12107325580387676,150.15343915343917,0.0016160608747044917,0.0066598541174812355
3753972,AFC Bournemouth,5,15,67,leading,early,medium,0.03826530612244898,0.0424593044554431,0.039098352106800176,0.12181102039235393,167.1898395721925,0.002336362293144208,0.0059812247117337555
3753972,Swansea City,10,20,63,trailing,early,medium,0.036564625850340135,0.017423506603985166,0.03779898484216382,0.14754260759700635,181.02318548387098,0.0014683067375886522,0.005524154253097591
3753972,AFC Bournemouth,10,20,67,leading,early,medium,0.04081632653061224,0.0321258273057687,0.03063998649105032,0.12318965669587585,171.873835125448,0.0022809544917257677,0.005818221250896716
3753972,Swansea City,15,25,49,trailing,early,low,0.030612244897959183,0.016957251920691297,0.029927855221325506,0.14535632958597683,146.9881291547958,0.0015975916075650117,0.006803270480073137
3753972,AFC Bournemouth,15,25,64,leading,early,medium,0.04081632653061224,0.007876734347037954,0.035616733755031625,0.12069419763987366,172.26162464985995,0.002280954491725768,0.005805123468634446
3753972,Swansea City,20,30,31,trailing,early,low,0.0195578231292517,0.0045351473922902496,0.02574615839243499,0.13696135707490315,97.92207792207792,0.001385195035460993,0.010212201591511937
3753972,AFC Bournemouth,20,30,57,leading,early,medium,0.036564625850340135,0.022652121342285905,0.04533589440504334,0.10936706368458236,215.61647727272728,0.0019208037825059103,0.004637864474221642
3753972,Swansea City,25,35,42,trailing,early,low,0.02976190476190476,0.04251700680272108,0.04104609929078015,0.1379272817842602,148.6344827586207,0.0020685579196217494,0.006727913882702301
3753972,AFC Bournemouth,25,35,30,leading,early,low,0.022108843537414966,0.008503401360544217,0.006680597771023303,0.0986907998609817,73.18181818181819,0.0013297872340425532,0.013664596273291925
3753972,Swansea City,30,40,35,trailing,middle,low,0.02465986394557823,0.017006802721088433,0.019776322967812326,0.15163150136317133,90.4927536231884,0.0035368646572104022,0.011050608584240871
3753972,AFC Bournemouth,30,40,38,leading,middle,low,0.02295918367346939,0.02040816326530612,0.022680260047281325,0.15730548463020702,107.29220779220779,0.0013113179669030732,0.00932034134237124
3753972,Swansea City,35,45,26,tied,middle,low,0.0195578231292517,0.0,0.03318686401480111,0.14613311861421124,104.44664031620553,0.0027426861702127656,0.00957426679280984
3753972,AFC Bournemouth,35,45,77,tied,middle,medium,0.04931972789115646,0.04296137374456676,0.04740322104018912,0.11850927264570879,228.30448717948718,0.002548758865248227,0.004380115399194171
3753972,Swansea City,40,50,52,tied,middle,medium,0.030612244897959183,0.02150837781796843,0.03551024428684003,0.12902710309444873,144.0536398467433,0.002955082742316785,0.006941858609500505
3753972,AFC Bournemouth,40,50,125,tied,middle,high,0.07738095238095238,0.06506595858538095,0.046470394194293246,0.10978981205996274,328.6775562938353,0.002844267139479905,0.0030424955426710284
3753972,Swansea City,45,55,64,tied,middle,medium,0.03316326530612245,0.02098969908832533,0.02990174349881796,0.12483944604967395,149.65862068965518,0.002899674940898345,0.006681873689546323
3753972,AFC Bournemouth,45,55,106,tied,middle,high,0.06717687074829932,0.0454104687927066,0.0462779702017703,0.11000853893771341,286.1552233296419,0.002160904255319149,0.0034946068373808126
3753972,Swansea City,50,60,50,tied,middle,low,0.031462585034013606,0.03329896451136199,0.024905806737588652,0.11196578924605968,150.3676923076923,0.00203161938534279,0.0066503647469280435
3753972,AFC Bournemouth,50,60,70,tied,middle,medium,0.0467687074829932,0.05482332739077587,0.050130867950016894,0.09905438147110945,237.3684210526316,0.0021516696217494086,0.004212860310421286
3753972,Swansea City,55,65,59,tied,middle,medium,0.0391156462585034,0.032938538907526,0.03659909909909911,0.11477508295687516,163.8655462184874,0.0027703900709219855,0.006102564102564103
3753972,AFC Bournemouth,55,65,69,tied,middle,medium,0.045068027210884355,0.04187722877508111,0.06069001182033096,0.11000970505787247,239.10128205128206,0.0017361111111111112,0.004182328055378313
3753972,Swansea City,60,70,56,tied,late,medium,0.03826530612244898,0.019284505865737853,0.04580378250591017,0.12912467710921638,177.2972972972973,0.0018838652482269503,0.005640243902439024
3753972,AFC Bournemouth,60,70,79,tied,late,medium,0.04336734693877551,0.02360463585498063,0.04666308946124176,0.10702922903248846,214.6638655462185,0.0017730496453900709,0.004658445879819926
3753972,Swansea City,65,75,32,tied,late,low,0.023809523809523808,0.0,0.04251909438079651,0.1436163822044768,135.43384615384616,0.0017453457446808508,0.007383678662304616
3753972,AFC Bournemouth,65,75,80,tied,late,medium,0.04421768707482993,0.04179854215502359,0.033697926650054305,0.13206349250667737,188.57754010695186,0.001302083333333333,0.005302858439201453
3753972,Swansea City,70,80,36,tied,late,low,0.023809523809523808,0.010713614369854364,0.005224164133738602,0.11611327985603362,69.61538461538461,0.0012928486997635933,0.014364640883977901
3753972,AFC Bournemouth,70,80,51,tied,late,medium,0.02806122448979592,0.007285257771500967,0.02640986044383437,0.1287316841703003,133.46769230769232,0.0021054964539007092,0.007492449915854024
3753972,Swansea City,75,85,71,tied,late,medium,0.04421768707482993,0.04431582261402698,0.0345729127783999,0.11721594838598746,200.27083333333331,0.0026595744680851063,0.00499323832310413
3753972,AFC Bournemouth,75,85,24,tied,late,low,0.015306122448979591,0.0,0.0032377428307123037,0.12202290449891398,46.8,0.0014775413711583924,0.021367521367521368
3753972,Swansea City,80,90,49,tied,late,low,0.03486394557823129,0.028413510801105633,0.04217325227963526,0.11552017454302105,169.7459677419355,0.0024102393617021272,0.005891156139392356
3753978,Southampton,0,10,46,tied,early,low,0.03486394557823129,0.03469995522012298,0.046175278622087125,0.10974497830364094,187.26988636363637,0.001505245271867612,0.0053398868308075055
3753978,Swansea City,0,10,77,tied,early,medium,0.04251700680272109,0.04201517066063391,0.028350884733863456,0.14688925391770302,176.4021505376344,0.001791518912529551,0.005668865129774343
3753978,Southampton,5,15,44,leading,early,low,0.03231292517006803,0.006122448979591836,0.012365884706310238,0.08738745998732611,136.6140350877193,0.0015606530732860519,0.007319892127905484
3753978,Swansea City,5,15,63,trailing,early,medium,0.039965986394557826,0.04796135973288878,0.02385273258239466,0.1344165542702145,151.32375478927202,0.0022994237588652476,0.006608347786456686
3753978,Southampton,10,20,59,leading,early,medium,0.0391156462585034,0.004761904761904762,0.0491907619567194,0.10796574132348202,195.4099099099099,0.0018653959810874708,0.005117447730573293
3753978,Swansea City,10,20,57,trailing,early,medium,0.03571428571428571,0.023385213490444087,0.028540379775795013,0.13069825670125995,154.53981937602626,0.0023917700945626477,0.006470824180056793
3753978,Southampton,15,25,54,leading,early,medium,0.03316326530612245,0.0,0.05070429472025217,0.11409107968701784,187.6149732620321,0.0019946808510638296,0.00533006498688861
3753978,Swansea City,15,25,69,trailing,early,medium,0.0467687074829932,0.03324373558977421,0.027282366847448197,0.12440902741568205,179.3548387096774,0.0026041666666666665,0.005575539568345324
3753978,Southampton,20,30,41,leading,early,low,0.02465986394557823,0.0,0.0299113475177305,0.16356874088927267,119.34,0.001726876477541371,0.008379420144126026
3753978,Swansea City,20,30,68,trailing,early,medium,0.045068027210884355,0.024360296566185734,0.03545447434292866,0.11863646101273474,188.24717765894238,0.0030936022458628843,0.005312164636070955
3753978,Southampton,25,35,59,leading,early,medium,0.0391156462585034,0.02951848803711834,0.02880757933949423,0.12460882752903224,185.23809523809524,0.002317893026004728,0.005398457583547558
3753978,Swansea City,25,35,50,trailing,early,low,0.034013605442176874,0.055102040816326525,0.02270040833870621,0.11625560748330233,139.10256410256412,0.0019762115839243497,0.007188940092165898
3753978,Southampton,30,40,73,leading,middle,medium,0.04591836734693878,0.053950044673759856,0.0659704203425013,0.10394469498012804,264.4201219512195,0.0012651447990543734,0.0037818604447375642
3753978,Swansea City,30,40,31,trailing,middle,low,0.022108843537414966,0.055740476155103795,0.017846130126426146,0.16628107497810954,85.8,0.0017822842789598108,0.011655011655011656
3753978,Southampton,35,45,51,leading,middle,medium,0.034013605442176874,0.13877551020408163,0.029407294832826742,0.1135140946833265,171.28205128205127,0.001523714539007092,0.005838323353293414
3753978,Swansea City,35,45,43,trailing,middle,low,0.025510204081632654,0.005713927663922327,0.018814026792750196,0.14138994822802983,106.75541125541126,0.002160904255319149,0.009367206666531498
3753978,Southampton,40,50,56,leading,middle,medium,0.041666666666666664,0.01564625850340136,0.04106428441534824,0.102953493635645,187.19219219219218,0.002262485224586288,0.0053421031523221306
3753978,Swansea City,40,50,81,trailing,middle,high,0.04251700680272109,0.020538888145137348,0.045811769216024534,0.11867214492437855,217.02364864864865,0.002696513002364066,0.004607792773860116
3753978,Southampton,45,55,63,leading,middle,medium,0.04251700680272109,0.019290881545747644,0.03015350877192982,0.12863429940658408,168.93404634581105,0.0022440159574468083,0.005919469885620225
3753978,Swansea City,45,55,71,trailing,middle,medium,0.03741496598639456,0.04486777316104243,0.03190668505384817,0.10855980092069056,185.08028673835125,0.0023548315602836874,0.005403060572375836
3753978,Southampton,50,60,59,leading,middle,medium,0.041666666666666664,0.03265306122448979,0.037779888551165146,0.13938219836278037,169.19915966386554,0.002262485224586288,0.005910194837767635
3753978,Swansea City,50,60,49,trailing,middle,low,0.026360544217687076,0.007142409579902909,0.03638035198318886,0.1463336194983281,135.41310541310543,0.0012374408983451535,0.007384809593940668
3753978,Southampton,55,65,52,leading,middle,medium,0.03741496598639456,0.043197278911564614,0.03250591016548463,0.10839777111868225,161.26436781609195,0.0019023345153664304,0.006200997861724875
3753978,Swansea City,55,65,55,trailing,middle,medium,0.031462585034013606,0.04151617433562621,0.041881581775198795,0.11886195375722053,166.55698924731183,0.0015791223404255318,0.006003950987101189
3753978,Southampton,60,70,30,leading,late,low,0.02040816326530612,0.024781341107871717,0.006524822695035462,0.12324827402229824,65.0,0.0027242169030732856,0.015384615384615385
3753978,Swansea City,60,70,54,trailing,late,medium,0.02891156462585034,0.009070294784580499,0.021387411347517732,0.11029117686765368,127.72765700483093,0.001182033096926714,0.007829157940023732
3753978,Southampton,65,75,47,leading,late,low,0.025510204081632654,0.022026683639832102,0.01057715822939594,0.11358232794473326,116.83333333333333,0.0012559101654846334,0.008559201141226819
3753978,Swansea City,65,75,59,trailing,late,medium,0.036564625850340135,0.025048012973491154,0.021196002578981302,0.13056138947106644,146.0,0.0023733008274231674,0.00684931506849315
3753978,Southampton,70,80,51,leading,late,medium,0.02976190476190476,0.013927698680810674,0.04333225875779067,0.12332685717370113,174.27956989247312,0.0016160608747044917,0.005737907206317868
3753978,Swansea City,70,80,50,trailing,late,low,0.03741496598639456,0.03500567486244376,0.025326797385620912,0.10323828748052626,159.68253968253967,0.0019023345153664304,0.006262425447316104
3753978,Southampton,75,85,27,leading,late,low,0.0195578231292517,0.0,0.006648936170212765,0.12481149243165418,71.20879120879121,0.001385195035460993,0.014043209876543209
3753978,Swansea City,75,85,59,trailing,late,medium,0.0391156462585034,0.03279655986007553,0.018543144208037828,0.12642988310779907,139.09591642924977,0.002317893026004728,0.007189283666056749
3753978,Southampton,80,90,27,leading,late,low,0.0195578231292517,0.0,0.008832413974257946,0.13332737221845947,68.15441176470588,0.0018376920803782504,0.01467256446218578
3753978,Swansea City,80,90,90,trailing,late,high,0.04846938775510204,0.022928227350426083,0.029432624113475178,0.12590365804904305,186.4810606060606,0.0030197251773049646,0.005362474863399078
3753974,Newcastle United,0,10,21,tied,early,low,0.015306122448979591,0.0,0.00849197461739455,0.16611513964775404,52.81318681318681,0.0019300384160756499,0.018934665002080735
3753974,Everton,0,10,74,tied,early,medium,0.047619047619047616,0.020372962122846037,0.03765760441292356,0.13049356088218617,191.66190476190476,0.0021332003546099287,0.005217520932197073
3753974,Newcastle United,5,15,28,tied,early,low,0.01870748299319728,0.023809523809523808,0.0052385557704706645,0.13657654332110236,59.294871794871796,0.002308658392434988,0.016864864864864864
3753974,Everton,5,15,95,tied,early,high,0.055272108843537414,0.052030841033541296,0.033002528237457314,0.13852098437181148,213.14285714285714,0.0024194739952718676,0.004691689008042895
3753974,Newcastle United,10,20,25,tied,early,low,0.015306122448979591,0.017006802721088433,0.005530226274907126,0.10425225562345428,58.18181818181818,0.0010250443262411347,0.0171875
3753974,Everton,10,20,109,tied,early,high,0.06377551020408163,0.02867072850041035,0.026001318421531187,0.1103202145535029,231.92691622103388,0.002687278368794326,0.004311703084289568
3753974,Newcastle United,15,25,34,tied,early,low,0.02040816326530612,0.02125764672788697,0.0014367816091954023,0.08941848041322058,52.648809523809526,0.0013667257683215128,0.018993781797625776
3753974,Everton,15,25,89,tied,early,high,0.05697278911564626,0.056809984008784536,0.023724522394735163,0.12026940861381594,191.57070707070707,0.0032875295508274227,0.00522000474545886
3753974,Newcastle United,20,30,40,tied,early,low,0.022108843537414966,0.022892850322339814,0.00934017223910841,0.11394714013935821,99.55,0.0013297872340425532,0.010045203415369162
3753974,Everton,20,30,71,tied,early,medium,0.05102040816326531,0.0172075298751302,0.03846662311807888,0.12238777051702147,212.44238975817925,0.002511820330969267,0.004707158496655439
3753974,Newcastle United,25,35,53,tied,early,medium,0.02976190476190476,0.009070294784580499,0.029672507300792655,0.10965336132578783,161.56647673314342,0.001163563829787234,0.006189402778471693
3753974,Everton,25,35,67,tied,early,medium,0.04081632653061224,0.02209467416591576,0.040301172182821116,0.11140736813550123,202.24598930481284,0.0018284574468085107,0.0049444738233738765
3753974,Newcastle United,30,40,58,tied,middle,medium,0.03741496598639456,0.03378113579894368,0.028921816953731843,0.11663331480117445,181.61576354679804,0.0019023345153664304,0.005506129977216014
3753974,Everton,30,40,62,tied,middle,medium,0.03486394557823129,0.01292449872359586,0.024758668242710793,0.14631204287623828,136.3968253968254,0.00195774231678487,0.0073315489351797975
3753974,Newcastle United,35,45,38,tied,middle,low,0.02806122448979592,0.0336734693877551,0.02338591342626559,0.12676969189365841,119.11333333333333,0.0021054964539007092,0.008395365758101528
3753974,Everton,35,45,48,tied,middle,low,0.030612244897959183,0.041372530993537805,0.02819047036765305,0.13734850326842485,128.94586894586894,0.002502585697399527,0.007755192222713213
3753974,Newcastle United,40,50,64,tied,middle,medium,0.03571428571428571,0.011564625850340135,0.038736209613869185,0.11770195112384324,176.8324420677362,0.00193927304964539,0.005655070915194097
3753974,Everton,40,50,63,tied,middle,medium,0.0391156462585034,0.016321583706934713,0.044576602311531384,0.13084568836820418,188.47698412698412,0.0014128989361702126,0.005305687612903769
3753974,Newcastle United,45,55,71,tied,middle,medium,0.045068027210884355,0.020546091118966492,0.04964539007092198,0.10044480599116476,237.3734817813765,0.0017361111111111112,0.004212770493550794
3753974,Everton,45,55,75,tied,middle,medium,0.041666666666666664,0.02295240385600677,0.04377410725395048,0.12180796257352366,200.82503556187766,0.001809988179669031,0.004979458846862162
3753974,Newcastle United,50,60,27,tied,middle,low,0.0195578231292517,0.022108843537414963,0.00503419452887538,0.10591012013167649,72.61538461538461,0.001385195035460993,0.013771186440677966
3753974,Everton,50,60,65,tied,middle,medium,0.041666666666666664,0.045893784370070814,0.03521140821672736,0.12929652172405617,175.01176470588234,0.002714982269503546,0.0057139015864479704
3753974,Newcastle United,55,65,25,tied,middle,low,0.01870748299319728,0.0,0.01784131205673759,0.132599858293843,92.37581699346406,0.0018561613475177306,0.010825344040754236
3753974,Everton,55,65,56,tied,middle,medium,0.03826530612244898,0.03380156495886846,0.03995630059459847,0.13984201693743067,176.94128787878788,0.0018838652482269503,0.005651592186245652
3753974,Newcastle United,60,70,27,tied,late,low,0.01870748299319728,0.0,0.014113475177304964,0.12750781227390529,88.61764705882354,0.0018561613475177306,0.011284434118818453
3753974,Everton,60,70,51,tied,late,medium,0.03826530612244898,0.03231292517006803,0.048315602836879426,0.10223554000691525,188.6283422459893,0.0018838652482269503,0.005301430252172311
3753974,Newcastle United,65,75,40,tied,late,low,0.025510204081632654,0.0,0.008643617021276594,0.0870340011495363,108.16483516483517,0.0012559101654846334,0.009245148836736767
3753974,Everton,65,75,54,tied,late,medium,0.039965986394557826,0.026944316103761575,0.03977213028631468,0.08660691799364824,225.95454545454547,0.0018469267139479906,0.004425668879501106
3753974,Newcastle United,70,80,48,tied,late,low,0.03316326530612245,0.0333947685256645,0.013494877856579986,0.1058884574157982,140.49122807017542,0.0019946808510638296,0.007117882117882119
3753974,Everton,70,80,45,tied,late,low,0.03231292517006803,0.031746031746031744,0.030096381160210947,0.08691886901439992,184.71384615384616,0.0015606530732860519,0.0054137793176972275
3753974,Newcastle United,75,85,41,tied,late,low,0.031462585034013606,0.02789115646258503,0.0305806289848843,0.13046213742336693,143.5960591133005,0.00203161938534279,0.006963979416809605
3753974,Everton,75,85,33,tied,late,low,0.022108843537414966,0.006349206349206349,0.01946660756501182,0.13943588462747025,95.74603174603175,0.0017822842789598108,0.010444297082228117
3753974,Newcastle United,80,90,54,tied,late,medium,0.03571428571428571,0.03257022274511345,0.03013532540675845,0.11774290237291409,159.5655172413793,0.002844267139479905,0.006267018195963176
3753974,Everton,80,90,37,tied,late,low,0.027210884353741496,0.014251297873613298,0.01730251895328931,0.12193285005496311,115.0995670995671,0.002123965721040189,0.008688129983451181
3753993,Sunderland,0,10,47,tied,early,low,0.02976190476190476,0.014285714285714287,0.029792606920266494,0.11216183002593011,143.5,0.0016160608747044917,0.006968641114982578
3753993,Norwich City,0,10,67,tied,early,medium,0.04251700680272109,0.020894071914480075,0.039258673567184196,0.13438896958057817,175.17567567567568,0.0022440159574468083,0.005708555118413948
3753993,Sunderland,5,15,47,tied,early,low,0.031462585034013606,0.015856149267384458,0.03156565656565656,0.12743833359483034,151.57881773399015,0.00203161938534279,0.006597227864350595
3753993,Norwich City,5,15,36,tied,early,low,0.021258503401360544,0.0,0.011891660552702372,0.1223725254785821,95.94117647058823,0.0018007535460992908,0.010423053341508278
3753993,Sunderland,10,20,55,tied,early,medium,0.036564625850340135,0.02969596437207447,0.017224550469231322,0.12656494441300714,131.81692307692308,0.0023733008274231674,0.007586279338476442
3753993,Norwich City,10,20,43,tied,early,low,0.02891156462585034,0.020917696002507424,0.025225660863958735,0.12762946152454077,144.48,0.0016345301418439714,0.006921373200442968
3753993,Sunderland,15,25,47,tied,early,low,0.034013605442176874,0.05229384411416809,0.020537825059101653,0.13411172260295237,129.24216524216524,0.002881205673758865,0.007737412926549687
3753993,Norwich City,15,25,45,tied,early,low,0.03486394557823129,0.03333333333333333,0.03454913880445796,0.12235752916275539,162.26451612903224,0.001505245271867612,0.0061627768279591275
3753993,Sunderland,20,30,46,trailing,early,low,0.03316326530612245,0.05131128708965553,0.04530972960992907,0.11545455669467175,173.90725806451613,0.001542183806146572,0.0057501912866053
3753993,Norwich City,20,30,45,leading,early,low,0.031462585034013606,0.026530612244897955,0.03465072828490811,0.11947042582654593,151.32635467980296,0.00203161938534279,0.006608234250510673
3753993,Sunderland,25,35,42,trailing,early,low,0.02976190476190476,0.004988662131519274,0.04178105696636925,0.14345572650357538,152.53333333333333,0.0020685579196217494,0.006555944055944056
3753993,Norwich City,25,35,53,leading,early,medium,0.030612244897959183,0.008638917289622855,0.025378945904602972,0.12471174834228345,143.0911680911681,0.0015975916075650117,0.006988551518168243
3753993,Sunderland,30,40,31,trailing,middle,low,0.022108843537414966,0.004081632653061224,0.034403982542280415,0.12992732880448438,110.93230769230769,0.0017822842789598108,0.009014506421102266
3753993,Norwich City,30,40,66,leading,middle,medium,0.03741496598639456,0.009686680974532248,0.04855623100303951,0.12836685991127306,196.66666666666669,0.0019023345153664304,0.005084745762711864
3753993,Sunderland,35,45,38,trailing,middle,low,0.02891156462585034,0.023469387755102038,0.015285837094347731,0.09920733005687177,127.36842105263158,0.0020870271867612293,0.007851239669421488
3753993,Norwich City,35,45,44,leading,middle,low,0.027210884353741496,0.0,0.01089904046725073,0.10281893851568054,106.76470588235294,0.0016714686761229313,0.009366391184573003
3753993,Sunderland,40,50,65,trailing,middle,medium,0.04421768707482993,0.006574730780175727,0.04171332586786115,0.13235545166532187,191.27358937885256,0.0017545803782505912,0.005228113317930767
3753993,Norwich City,40,50,69,leading,middle,medium,0.039965986394557826,0.006955580909595764,0.035661786991574226,0.10372155426609769,194.2192234848485,0.0018469267139479906,0.0051488209151346566
3753993,Sunderland,45,55,81,trailing,middle,high,0.04846938775510204,0.021775161265223678,0.03666007455901072,0.12319091718515257,209.31481481481484,0.002114731087470449,0.004777492701052818
3753993,Norwich City,45,55,77,leading,middle,medium,0.047619047619047616,0.014526982627247081,0.035589305711086226,0.12408299055803955,200.29603174603176,0.0016807033096926714,0.004992610144508327
3753993,Sunderland,50,60,82,trailing,middle,high,0.04931972789115646,0.04610287602531518,0.03133026643664942,0.12661164208658496,191.94117647058823,0.003453752955082742,0.005209929512718358
3753993,Norwich City,50,60,40,leading,middle,low,0.02806122448979592,0.0,0.03202570921985816,0.1303135068956025,150.37179487179486,0.0016529994089834515,0.006650183306334726
3753993,Sunderland,55,65,59,trailing,middle,medium,0.03741496598639456,0.014058956916099773,0.03270221209050996,0.14004711267654918,153.83648989898992,0.0019023345153664304,0.00650040832741703
3753993,Norwich City,55,65,59,leading,middle,medium,0.02976190476190476,0.021138960637118315,0.032681617788000765,0.09354652714292451,219.6676923076923,0.0016160608747044917,0.004552330793366204
3753993,Sunderland,60,70,33,trailing,late,low,0.02465986394557823,0.005886732940030238,0.013977541371158392,0.13495854288761652,99.2984126984127,0.001726876477541371,0.010070654432686467
3753993,Norwich City,60,70,66,leading,late,medium,0.03571428571428571,0.027444361744837803,0.032501564455569454,0.12303946886836904,180.08735632183908,0.0014867760047281324,0.0055528606806403025
3753993,Sunderland,65,75,46,trailing,late,low,0.02976190476190476,0.016434730216936495,0.03664302600472813,0.13314215481298128,160.24137931034483,0.0016160608747044917,0.006240585323864859
3753993,Norwich City,65,75,50,leading,late,low,0.034013605442176874,0.02312925170068027,0.022081601043449906,0.1430963978573467,123.72649572649573,0.00197621158392435,0.008082343188726167
3753993,Sunderland,70,80,34,trailing,late,low,0.022108843537414966,0.0,0.02702258996585237,0.14333508132106676,115.08152173913044,0.0013297872340425532,0.008689492325855962
3753993,Norwich City,70,80,68,leading,late,medium,0.03741496598639456,0.01707269626446542,0.0552178318135765,0.09400605550682696,221.34453781512605,0.0019023345153664304,0.0045178435839028095
3753993,Sunderland,75,85,27,trailing,late,low,0.01870748299319728,0.006802721088435374,0.00331625952193328,0.0974849870112632,53.333333333333336,0.0014036643026004727,0.01875
3753993,Norwich City,75,85,84,leading,late,high,0.0467687074829932,0.02586555087077308,0.03407210401891252,0.12930885757620791,201.0433576839827,0.0026041666666666665,0.004974051426120162
3753993,Sunderland,80,90,37,trailing,late,low,0.02465986394557823,0.006802721088435374,0.028718031377605844,0.09054627220756521,157.57312252964428,0.0012743794326241136,0.006346259970902523
3753993,Norwich City,80,90,66,leading,late,medium,0.045068027210884355,0.07576897749864593,0.03366850192858032,0.11000542055956866,189.83957219251337,0.0021886081560283685,0.0052676056338028165
3753983,Swansea City,0,10,86,tied,early,high,0.04931972789115646,0.03480591338177622,0.02560456067769898,0.11873147984873023,195.32510080645162,0.0030012559101654846,0.005119669698729114
3753983,Arsenal,0,10,66,tied,early,medium,0.041666666666666664,0.024588123717824123,0.05274822695035461,0.10671130266098545,230.94807965860596,0.002262485224586288,0.004329977549405168
3753983,Swansea City,5,15,97,tied,early,high,0.05782312925170068,0.07034003366697976,0.03553486997635934,0.1341178774115128,219.53690476190476,0.0028165632387706857,0.0045550428119797625
3753983,Arsenal,5,15,51,tied,early,medium,0.03486394557823129,0.027217638448592624,0.04931294326241135,0.11033768827695983,177.83015873015873,0.002862736406619385,0.005623343122115806
3753983,Swansea City,10,20,70,tied,early,medium,0.045068027210884355,0.017646108321739004,0.05430742192360334,0.10910511376381964,233.39212897107632,0.0017361111111111112,0.0042846346378884416
3753983,Arsenal,10,20,51,tied,early,medium,0.03231292517006803,0.0,0.04185471738663228,0.12043203086274608,152.5464015151515,0.00201315011820331,0.006555382428347064
3753983,Swansea City,15,25,41,tied,early,low,0.027210884353741496,0.0045351473922902496,0.0267434988179669,0.12535442829079138,150.90458937198068,0.0012189716312056738,0.006626703695107604
3753983,Arsenal,15,25,64,tied,early,medium,0.034013605442176874,0.027196917888072308,0.03237853590935029,0.13723349858399259,155.5935960591133,0.002881205673758865,0.006426999730889173
3753983,Swansea City,20,30,48,tied,early,low,0.031462585034013606,0.011337868480725623,0.04835359675785208,0.1180616152551648,183.30934343434342,0.0015791223404255318,0.00545525929701545
3753983,Arsenal,20,30,64,tied,early,medium,0.03571428571428571,0.023394448642183277,0.04016226090694176,0.12368983237747874,170.71448863636363,0.0023917700945626473,0.005857733622891757
3753983,Swansea City,25,35,55,tied,early,medium,0.039965986394557826,0.006802721088435374,0.05043859649122807,0.12317563662816018,196.8364153627312,0.0013944296690307327,0.005080360756200496
3753983,Arsenal,25,35,43,tied,early,low,0.02806122448979592,0.0045351473922902496,0.03498606889564336,0.13321649897475693,126.93650793650794,0.0016529994089834515,0.007877954232837313
3753983,Swansea City,30,40,50,tied,middle,low,0.036564625850340135,0.017006802721088433,0.04789696611505121,0.13655123615571768,182.0690476190476,0.0019208037825059103,0.005492421765682826
3753983,Arsenal,30,40,52,tied,middle,medium,0.03316326530612245,0.036466588420764924,0.025301527887225284,0.14099565618999835,129.74358974358975,0.002899674940898345,0.007707509881422925
3753983,Swansea City,35,45,59,tied,middle,medium,0.0391156462585034,0.029890534513248614,0.039759295078444015,0.11676350485260242,182.9905303030303,0.002770390070921986,0.005464763659321665
3753983,Arsenal,35,45,50,tied,middle,low,0.02891156462585034,0.03805594805805299,0.03102836879432624,0.1304703924277844,137.90769230769232,0.0025395242316784868,0.007251227130745203
3753983,Swansea City,40,50,91,tied,middle,high,0.05952380952380952,0.04601147323568258,0.05111932768263853,0.10491910568207467,268.4030487804878,0.0032321217494089833,0.00372574009327981
3753983,Arsenal,40,50,42,tied,middle,low,0.022108843537414966,0.0,0.003185948581560284,0.06984605174837634,73.28888888888889,0.0013297872340425532,0.01364463311097635
3753983,Swansea City,45,55,85,trailing,middle,high,0.05952380952380952,0.02648253626804449,0.03994717789598108,0.12029874770569107,229.53568376068378,0.00187463061465721,0.0043566210866046
3753983,Arsenal,45,55,50,leading,middle,low,0.027210884353741496,0.010798646612028567,0.03806977689125296,0.10920295054890766,179.7150997150997,0.0016714686761229313,0.005564362714013951
3753983,Swansea City,50,60,64,trailing,middle,medium,0.0391156462585034,0.043771042124316574,0.032739854215918046,0.13944355653808874,182.96781609195403,0.002770390070921986,0.005465442072596148
3753983,Arsenal,50,60,35,leading,middle,low,0.02040816326530612,0.0,0.017082651391162027,0.1414633811261366,98.87982456140351,0.0013667257683215128,0.010113286551990277
3753983,Swansea City,55,65,76,trailing,middle,medium,0.0467687074829932,0.045463104395607294,0.022606382978723402,0.12387927859717622,173.43103448275863,0.0030566637115839244,0.005765980713788647
3753983,Arsenal,55,65,28,leading,middle,low,0.022108843537414966,0.0,0.010543313069908813,0.12462572769677249,86.79411764705883,0.0013297872340425532,0.011521518129447645
3753983,Swansea City,60,70,66,trailing,late,medium,0.045068027210884355,0.05459057326338156,0.024573845962423787,0.11664803057907354,183.3777777777778,0.0021886081560283685,0.005453223460979156
3753983,Arsenal,60,70,29,leading,late,low,0.022108843537414966,0.013605442176870748,0.00950354609929078,0.14045293219872687,75.13235294117646,0.0013297872340425532,0.013309845370914074
3753983,Swansea City,65,75,50,trailing,late,low,0.03231292517006803,0.05529458671906212,0.019315495379325164,0.1107029152189474,130.64615384615385,0.002465647163120567,0.007654262835609986
3753983,Arsenal,65,75,57,leading,late,medium,0.03316326530612245,0.013378684807256236,0.028064051418439716,0.1436509973904467,138.4758620689655,0.002447177895981087,0.007221475173066388
3753983,Swansea City,70,80,55,trailing,late,medium,0.03486394557823129,0.0473424723732221,0.034484920123217994,0.11334273946716777,173.10766283524904,0.002862736406619385,0.005776751783378448
3753983,Arsenal,70,80,55,leading,late,medium,0.031462585034013606,0.011463910616712357,0.02678379540081668,0.11426914279384442,140.72413793103448,0.002484116430260047,0.007106101445724088
3753983,Swansea City,75,85,40,trailing,late,low,0.027210884353741496,0.033443346827121835,0.022467863475177305,0.1153307954809333,127.3695652173913,0.0025764627659574466,0.007851169141491723
3753983,Arsenal,75,85,60,leading,late,medium,0.03741496598639456,0.010786067113952703,0.036404712880347745,0.14379774322772998,187.79870967741934,0.0019023345153664304,0.005324850217116474
3753983,Swansea City,80,90,44,trailing,late,low,0.02806122448979592,0.0,0.023966740034238203,0.1339749089505739,135.2826086956522,0.0012005023640661936,0.0073919331512132406
3753983,Arsenal,80,90,81,leading,late,high,0.047619047619047616,0.02064344469611605,0.05304373522458629,0.10757056749664626,268.58951866846604,0.0016807033096926714,0.0037231534758225314
3754015,Manchester United,0,10,74,tied,early,medium,0.04591836734693878,0.0245530780743466,0.04549629416650693,0.11654839978460743,215.32882882882882,0.0021701388888888886,0.004644059996234546
3754015,Manchester City,0,10,52,tied,early,medium,0.03571428571428571,0.018695760602458686,0.03249746707193516,0.10899617400921423,180.8919540229885,0.0023917700945626477,0.005528161854412363
3754015,Manchester United,5,15,60,tied,early,medium,0.03571428571428571,0.015476441840414825,0.036191072173550276,0.12023109311371175,165.8014112903226,0.00193927304964539,0.006031311749506003
3754015,Manchester City,5,15,75,tied,early,medium,0.05102040816326531,0.05512551850705527,0.04493132950579759,0.0872548296916175,256.32732732732734,0.002511820330969267,0.003901261759433907
3754015,Manchester United,10,20,48,tied,early,low,0.030612244897959183,0.009812868763296494,0.02186761229314421,0.09982744891127353,128.37025641025642,0.002502585697399527,0.007789966523118223
3754015,Manchester City,10,20,62,tied,early,medium,0.03826530612244898,0.054415390466920184,0.014146460290077309,0.09599733733507426,147.86231884057972,0.0027888593380614654,0.0067630482724822345
3754015,Manchester United,15,25,57,tied,early,medium,0.03316326530612245,0.0,0.06233113812901047,0.09736083657966496,268.8303624480095,0.0010896867612293143,0.0037198179212119134
3754015,Manchester City,15,25,57,tied,early,medium,0.03231292517006803,0.03680223857618081,0.020597850177304963,0.14202225497380816,130.5928205128205,0.002465647163120567,0.007657388791153556
3754015,Manchester United,20,30,80,tied,early,medium,0.041666666666666664,0.023517044698024687,0.03454984239558708,0.11619849575571568,184.99465240641712,0.0031674793144208036,0.005405561658090998
3754015,Manchester City,20,30,50,tied,early,low,0.026360544217687076,0.02678503735432236,0.022248363338788872,0.16593775941175523,117.02898550724638,0.002142434988179669,0.008544891640866872
3754015,Manchester United,25,35,70,tied,early,medium,0.036564625850340135,0.04418154161430744,0.03484535066981876,0.11302873659346252,181.6236559139785,0.0028257978723404257,0.005505890711029542
3754015,Manchester City,25,35,38,tied,early,low,0.022108843537414966,0.017346938775510204,0.012374408983451537,0.12948889305248654,90.22222222222223,0.0022347813238770687,0.01108374384236453
3754015,Manchester United,30,40,44,tied,middle,low,0.027210884353741496,0.013605442176870748,0.03383569739952719,0.11401809017475255,140.5242165242165,0.0016714686761229313,0.007116211175087179
3754015,Manchester City,30,40,30,tied,middle,low,0.01870748299319728,0.0,0.0054255319148936165,0.1245943163010636,69.53846153846153,0.0014036643026004727,0.014380530973451329
3754015,Manchester United,35,45,65,tied,middle,medium,0.04081632653061224,0.019078058939446352,0.028909152313407637,0.12362380251676668,172.17849462365592,0.0018284574468085107,0.0058079262580717685
3754015,Manchester United,40,50,96,tied,middle,high,0.05782312925170068,0.0631865697261264,0.05604211227438177,0.10561492068564839,272.7402356902357,0.0019115691489361697,0.003666492395114553
3754015,Manchester City,40,50,34,tied,middle,low,0.025510204081632654,0.01530612244897959,0.010781285746968659,0.11512688703810707,96.7483660130719,0.0012559101654846334,0.010336091876372234
3754015,Manchester United,45,55,100,tied,middle,high,0.061224489795918366,0.027868504141324052,0.044556462697234595,0.11369664980229575,264.17054263565893,0.002290189125295508,0.0037854334174540756
3754015,Manchester City,45,55,38,tied,middle,low,0.02806122448979592,0.011904761904761904,0.029078014184397163,0.13184853182461412,118.5952380952381,0.0021054964539007092,0.008432041758682994
3754015,Manchester United,50,60,105,tied,middle,high,0.05952380952380952,0.07091663805601826,0.04353557631320993,0.1156338909205761,261.60934959349595,0.0032321217494089833,0.0038224933533677562
3754015,Manchester City,50,60,37,tied,middle,low,0.026360544217687076,0.00782312925170068,0.02342141386410432,0.1310085946151034,116.93,0.002142434988179669,0.008552125203112973
3754015,Manchester United,55,65,95,tied,middle,high,0.05357142857142857,0.05372833958781219,0.0444323210280657,0.11226899505129591,259.5334008097166,0.002456412529550827,0.0038530686103603862
3754015,Manchester City,55,65,37,tied,middle,low,0.023809523809523808,0.0,0.013888888888888888,0.12410906734468727,97.0,0.0026503398345153664,0.010309278350515464
3754015,Manchester United,60,70,53,tied,late,medium,0.0391156462585034,0.020181405895691607,0.05486603624901497,0.11642099169897138,215.31481481481484,0.002317893026004728,0.004644362260256299
3754015,Manchester City,60,70,40,tied,late,low,0.022108843537414966,0.010798646612028569,0.017525913802509546,0.14933963016132581,100.17894736842105,0.0013297872340425532,0.009982137228118105
3754015,Manchester United,65,75,54,tied,late,medium,0.036564625850340135,0.009946654257002606,0.03877912867274569,0.12099227008978113,171.2354797979798,0.0019208037825059103,0.005839911221551632
3754015,Manchester City,65,75,57,tied,late,medium,0.03316326530612245,0.03551250189665085,0.026009494394875318,0.12824487244820854,141.06216931216932,0.0024471778959810875,0.007089072888047035
3754015,Manchester United,70,80,54,tied,late,medium,0.03741496598639456,0.027597783971164077,0.0343397997496871,0.11348804517819512,166.72681451612902,0.0023548315602836874,0.005997835458574426
3754015,Manchester City,70,80,50,tied,late,low,0.02891156462585034,0.024872294027937412,0.02669764408575854,0.12701716107481437,122.66096866096866,0.0025395242316784868,0.008152552608352301
3754015,Manchester United,75,85,36,tied,late,low,0.02465986394557823,0.00942798064547184,0.02741407528641571,0.15953579142409366,117.56521739130434,0.002179373522458629,0.008505917159763314
3754015,Manchester City,75,85,54,tied,late,medium,0.031462585034013606,0.018030249718905027,0.033993641477133775,0.13219534864118151,181.26495726495727,0.00203161938534279,0.0055167861184458695
3754015,Manchester United,80,90,31,tied,late,low,0.02040816326530612,0.006122448979591836,0.024453309692671395,0.13550493823824894,95.43506493506493,0.0018192228132387705,0.01047832891066204
3754015,Manchester City,80,90,50,tied,late,low,0.02806122448979592,0.031194306207111555,0.012493433149461518,0.1252003293389419,103.83284600389864,0.0021054964539007092,0.009630863820899725
3754038,Norwich City,0,10,27,tied,early,low,0.01870748299319728,0.013605442176870748,0.007092198581560283,0.1419013058342435,67.48351648351648,0.0014036643026004727,0.01481843347988927
3754038,Arsenal,0,10,96,tied,early,high,0.05102040816326531,0.028909689963391556,0.0403633994059526,0.12319606733968899,224.28160143949617,0.003416814420803782,0.004458680487305898
3754038,Norwich City,5,15,44,tied,early,low,0.02806122448979592,0.01085964854379736,0.0233451536643026,0.12812432706069968,123.04,0.0021054964539007092,0.00812743823146944
3754038,Arsenal,5,15,69,tied,early,medium,0.036564625850340135,0.0291628693653626,0.0263741134751773,0.16050911517162078,145.20833333333334,0.0028257978723404257,0.006886657101865136
3754038,Norwich City,10,20,39,tied,early,low,0.026360544217687076,0.028373693145650625,0.03004685916919959,0.1380064489415089,122.48615384615384,0.002142434988179669,0.00816418810289389
3754038,Arsenal,10,20,64,tied,early,medium,0.036564625850340135,0.03055633227462527,0.04350515028706518,0.10342144160907807,218.06810035842295,0.0019208037825059103,0.004585723443072927
3754038,Arsenal,15,25,93,tied,early,high,0.055272108843537414,0.028451010947934563,0.03920550489699426,0.11742808314877588,236.79667116509222,0.0028719710401891255,0.004223032338587269
3754038,Norwich City,20,30,23,tied,early,low,0.017857142857142856,0.014285714285714285,0.006591119333950047,0.1318916060975603,59.35164835164835,0.002327127659574468,0.016848731716348826
3754038,Arsenal,20,30,98,tied,early,high,0.06037414965986394,0.04510440376921198,0.04416767571931038,0.12693807951122138,256.5404471544715,0.002308658392434988,0.0038980208037053387
3754038,Norwich City,25,35,40,trailing,early,low,0.02891156462585034,0.005399323306014284,0.026988876224248566,0.14765050785692854,122.73230769230769,0.0020870271867612297,0.00814781387886081
3754038,Arsenal,25,35,83,leading,early,high,0.04591836734693878,0.028433748632307278,0.047479736575481254,0.11085877809199131,267.4005681818182,0.0021701388888888886,0.003739707835325365
3754038,Norwich City,30,40,51,trailing,middle,medium,0.03486394557823129,0.024123024594779333,0.026044129235618593,0.13652977482668271,136.1904761904762,0.0024102393617021272,0.007342657342657342
3754038,Arsenal,30,40,69,leading,middle,medium,0.03826530612244898,0.01952787573700353,0.007662693722090885,0.09321930145587182,123.05213032581455,0.002336362293144208,0.008126637038726785
3754038,Norwich City,35,45,58,trailing,middle,medium,0.03571428571428571,0.016742524156019192,0.025161660408844388,0.11818742919605081,158.66402116402116,0.00193927304964539,0.0063026260942059195
3754038,Arsenal,35,45,47,leading,middle,low,0.02976190476190476,0.011337868480725623,0.03940558062898489,0.12106120603914573,174.69179894179894,0.001163563829787234,0.005724367177266085
3754038,Norwich City,40,50,76,tied,middle,medium,0.045068027210884355,0.00981496468976298,0.04929608413650967,0.12840930717115834,218.87827260458837,0.0017361111111111112,0.004568749506747692
3754038,Arsenal,40,50,79,tied,middle,medium,0.0391156462585034,0.031008501764536837,0.049780831363278176,0.12420199285166916,224.92275132275134,0.0018653959810874708,0.004445970868305167
3754038,Norwich City,45,55,59,tied,middle,medium,0.03741496598639456,0.007285257771500967,0.0402610056865376,0.12341084013802443,186.21746880570413,0.0019023345153664304,0.00537006547459509
3754038,Arsenal,45,55,93,tied,middle,high,0.04846938775510204,0.01612773061404695,0.03877068557919622,0.1088415370568607,241.9388888888889,0.002114731087470449,0.0041332751613125445
3754038,Norwich City,50,60,33,tied,middle,low,0.021258503401360544,0.01292517006802721,0.02268846861045442,0.12459210155875236,104.08441558441558,0.0018007535460992908,0.009607586249922017
3754038,Arsenal,50,60,58,tied,middle,medium,0.02976190476190476,0.012418443603832855,0.03283589440504334,0.1264268451223515,147.91798941798942,0.0020685579196217494,0.0067605029241857885
3754038,Norwich City,55,65,35,tied,middle,low,0.022108843537414966,0.0,0.009013002364066193,0.11224242748326937,89.95,0.0013297872340425532,0.011117287381878822
3754038,Arsenal,55,65,39,tied,middle,low,0.023809523809523808,0.0,0.0311114804964539,0.11993491079696213,149.10326086956522,0.0012928486997635933,0.006706761436121742
3754038,Norwich City,60,70,54,tied,late,medium,0.036564625850340135,0.04495138128675363,0.030985309017223905,0.13493283343137297,157.1215053763441,0.0019208037825059103,0.0063645011394510105
3754038,Arsenal,60,70,45,tied,late,low,0.02891156462585034,0.0,0.029013539651837523,0.1392354390947059,133.29802955665025,0.0020870271867612297,0.007501986363384393
3754038,Norwich City,65,75,61,tied,late,medium,0.04251700680272109,0.04675157161672348,0.042291455589327925,0.1303803746591386,197.08235294117648,0.0022440159574468083,0.005074021012416428
3754038,Arsenal,65,75,67,tied,late,medium,0.04081632653061224,0.02319886986230863,0.03908308004052685,0.13944410215656144,175.73837535014005,0.0027334515366430256,0.005690276799291027
3754038,Norwich City,70,80,57,tied,late,medium,0.036564625850340135,0.04619989589845422,0.03747364385662258,0.12295467139177675,188.67002688172042,0.0019208037825059103,0.005300258957544499
3754038,Arsenal,70,80,74,tied,late,medium,0.04421768707482993,0.0476034300931861,0.05165205098715737,0.11890139417587779,223.46996996996998,0.0026595744680851063,0.004474874186157453
3754038,Norwich City,75,85,57,tied,late,medium,0.03571428571428571,0.016031673881083282,0.043361493533583644,0.1342387571767931,189.1290322580645,0.00193927304964539,0.00528739553129797
3754038,Arsenal,75,85,92,tied,late,high,0.05187074829931973,0.05692943962013048,0.04709375820856318,0.11939897553331646,272.4435185185185,0.0024933510638297874,0.00367048555765891
3754038,Norwich City,80,90,46,tied,late,low,0.034013605442176874,0.004081632653061224,0.02576462765957447,0.13178840841495681,138.38888888888889,0.00197621158392435,0.0072260136491368926
3754038,Arsenal,80,90,82,tied,late,high,0.047619047619047616,0.04575954639580809,0.022354753205817035,0.12912881076303415,174.19909688013135,0.0025856973995271866,0.0057405578898501
3754001,Newcastle United,0,10,69,tied,early,medium,0.0391156462585034,0.05427032524903507,0.029427698975571317,0.1214678475891698,164.1048387096774,0.002770390070921986,0.006093665536389995
3754001,Chelsea,0,10,45,tied,early,low,0.02976190476190476,0.03330836655644328,0.023429584599797364,0.14431714053009553,116.51384615384616,0.002521054964539007,0.008582670927192542
3754001,Newcastle United,5,15,61,tied,early,medium,0.039965986394557826,0.04248234633151655,0.045877659574468085,0.11418646215324789,197.4982174688057,0.002751920803782506,0.005063336838257526
3754001,Chelsea,5,15,50,tied,early,low,0.03231292517006803,0.017726018167136145,0.03263519503546099,0.1418429240078188,155.58949096880133,0.00201315011820331,0.006427169301559828
3754001,Newcastle United,10,20,48,tied,early,low,0.03571428571428571,0.04128536518660998,0.04446262956901254,0.10189089743170197,200.91666666666666,0.0014867760047281324,0.004977187888842804
3754001,Chelsea,10,20,47,tied,early,low,0.030612244897959183,0.021060544194105482,0.03265843056508808,0.1474943887859813,141.6211001642036,0.0015975916075650115,0.0070610947015701956
3754001,Newcastle United,15,25,41,tied,early,low,0.02891156462585034,0.019284505865737853,0.05417933130699089,0.1068193021711743,177.11647727272728,0.0020870271867612297,0.005646002085171224
3754001,Chelsea,15,25,49,tied,early,low,0.031462585034013606,0.03789008231149487,0.029497098646034812,0.13496916297761039,137.69334975369458,0.0015791223404255318,0.007262514869373116
3754001,Newcastle United,20,30,40,tied,early,low,0.02891156462585034,0.0,0.028895917193789533,0.1054738963036839,151.89743589743588,0.0016345301418439714,0.006583389601620527
3754001,Chelsea,20,30,46,tied,early,low,0.02806122448979592,0.002947845804988662,0.01976428869420108,0.09845295847447438,136.62845849802372,0.0016529994089834515,0.007319119391326988
3754001,Newcastle United,25,35,29,tied,early,low,0.02040816326530612,0.02040816326530612,0.005319148936170213,0.10790449010166119,79.33333333333333,0.0013667257683215128,0.012605042016806723
3754001,Chelsea,25,35,45,tied,early,low,0.03316326530612245,0.019727891156462583,0.014641091768751342,0.12068504166982487,118.73517786561264,0.0019946808510638296,0.008422103861517977
3754001,Newcastle United,30,40,26,tied,middle,low,0.017857142857142856,0.029931972789115645,0.009123817966903073,0.13649407222581147,75.35238095238095,0.00187463061465721,0.013270980788675429
3754001,Chelsea,30,40,45,tied,middle,low,0.03316326530612245,0.042067543842893775,0.04720073071136901,0.12511001150573964,186.27956989247312,0.001542183806146572,0.005368275225121219
3754001,Newcastle United,35,45,34,tied,middle,low,0.022108843537414966,0.027161718050740084,0.02203383569739953,0.13867664101509056,103.37662337662337,0.0026872783687943258,0.009673366834170855
3754001,Chelsea,35,45,52,tied,middle,medium,0.03231292517006803,0.023281840102455164,0.017272935255090365,0.1177983135114989,133.0144927536232,0.002465647163120567,0.00751797777293528
3754001,Newcastle United,40,50,45,leading,middle,low,0.031462585034013606,0.07455460067598121,0.02934111187371311,0.11821063518567991,159.68376068376068,0.00203161938534279,0.006262377562489964
3754001,Chelsea,40,50,128,trailing,middle,high,0.07397959183673469,0.05832815414429506,0.03978366045412062,0.1088953851761555,299.1089700996678,0.002918144208037825,0.0033432631581285723
3754001,Newcastle United,45,55,31,leading,middle,low,0.021258503401360544,0.0443452469875432,0.014531298180696883,0.13746342117205626,92.05228758169935,0.0018007535460992908,0.010863391082078955
3754001,Chelsea,45,55,135,trailing,middle,high,0.07397959183673469,0.08539584260240768,0.03420104588821343,0.12870392356821211,272.9668803418803,0.0033706412529550824,0.003663448103108843
3754001,Chelsea,50,60,63,trailing,middle,medium,0.041666666666666664,0.027664496693090256,0.0378090856814261,0.11821161820980682,182.87394957983193,0.002262485224586288,0.005468247403731275
3754001,Newcastle United,55,65,20,leading,middle,low,0.012755102040816327,0.0,0.0007656350741457124,0.0979513887423316,34.0,0.0006279550827423167,0.029411764705882353
3754001,Chelsea,55,65,61,trailing,middle,medium,0.041666666666666664,0.03955917672975788,0.043127694340147404,0.12054601839525242,201.72192513368984,0.001809988179669031,0.004957319336196384
3754001,Chelsea,60,70,64,trailing,late,medium,0.041666666666666664,0.05061320536336459,0.03893110435663626,0.1262386175261405,188.9701680672269,0.003619976359338061,0.005291840559956776
3754001,Chelsea,65,75,62,trailing,late,medium,0.041666666666666664,0.03386741723469285,0.033323893485684264,0.12630857372569798,177.20486111111111,0.002714982269503546,0.005643186048790046
3754001,Newcastle United,70,80,27,leading,late,low,0.02040816326530612,0.012856337243825237,0.007907801418439714,0.1410440121377745,70.525,0.0018192228132387705,0.014179369018078694
3754001,Chelsea,70,80,66,trailing,late,medium,0.04336734693877551,0.015116552290953912,0.050209886646056856,0.1222090604737013,210.69343229869546,0.0022255466903073283,0.004746232424475016
3754001,Newcastle United,75,85,28,leading,late,low,0.02040816326530612,0.01530612244897959,0.007880220646178092,0.10068874142269722,92.42307692307692,0.0013667257683215128,0.010819808572617561
3754001,Chelsea,75,85,60,trailing,late,medium,0.04081632653061224,0.02012261325329334,0.044594471722131296,0.1061336080760083,199.65715715715714,0.0027334515366430256,0.005008585788952534
3754001,Chelsea,80,90,56,tied,late,medium,0.036564625850340135,0.043744775444389254,0.03844890990281061,0.12004992803885248,174.06417112299465,0.0023733008274231674,0.005745007680491552
3754007,Stoke City,0,10,99,tied,early,high,0.06377551020408163,0.0475485843683313,0.049112787948760235,0.10960812485473498,297.49317091177556,0.0022347813238770683,0.003361421698975939
3754007,West Bromwich Albion,0,10,29,tied,early,low,0.021258503401360544,0.0,0.015111218568665376,0.1760987114319317,73.62105263157895,0.0018007535460992908,0.013583071203889048
3754007,Stoke City,5,15,64,tied,early,medium,0.04421768707482993,0.046743951386729946,0.05673758865248227,0.127910120227932,239.1150406504065,0.0017545803782505912,0.004182087405626777
3754007,West Bromwich Albion,5,15,27,tied,early,low,0.0195578231292517,0.0,0.01080246913580247,0.1284204000198321,87.60416666666667,0.001385195035460993,0.011414982164090369
3754007,Stoke City,10,20,68,tied,early,medium,0.04251700680272109,0.03629055200711528,0.03354888054512585,0.14081586965625253,170.5499108734403,0.0022440159574468083,0.005863386236197265
3754007,West Bromwich Albion,10,20,27,tied,early,low,0.01870748299319728,0.0,0.009567080378250591,0.12457070596679753,84.41758241758242,0.0014036643026004727,0.011845873470450402
3754007,Stoke City,15,25,89,tied,early,high,0.05272108843537415,0.04323624419035969,0.03153319542947202,0.1302162104162986,196.4575163398693,0.002474881796690307,0.0050901590258832915
3754007,West Bromwich Albion,15,25,25,tied,early,low,0.017006802721088437,0.017006802721088433,0.004593810444874274,0.1375729194313332,54.981818181818184,0.0014406028368794325,0.018187830687830687
3754007,Stoke City,20,30,80,tied,early,medium,0.04931972789115646,0.02671397640129794,0.0381182344158268,0.11669047767262226,219.92380952380952,0.002548758865248227,0.004547029274207518
3754007,West Bromwich Albion,20,30,29,tied,early,low,0.021258503401360544,0.029761233417473408,0.012138570649208948,0.10241033438523577,92.1375,0.0018007535460992908,0.01085334418667752
3754007,Stoke City,25,35,51,tied,early,medium,0.03486394557823129,0.0,0.04723207249802994,0.11536729436346202,185.02495543672015,0.001505245271867612,0.005404676345629533
3754007,West Bromwich Albion,25,35,29,tied,early,low,0.02040816326530612,0.0,0.004749240121580547,0.09995391041315276,70.5,0.0018192228132387705,0.014184397163120567
3754007,West Bromwich Albion,30,40,49,tied,middle,low,0.031462585034013606,0.016776829452031607,0.040780141843971635,0.12010370964066887,176.8128078817734,0.0020316193853427895,0.005655698882790516
3754007,West Bromwich Albion,35,45,79,tied,middle,medium,0.04846938775510204,0.029302202415217315,0.04188510318829468,0.11837570622795276,244.331512605042,0.0025672281323877067,0.004092799939467833
3754007,Stoke City,40,50,47,tied,middle,low,0.02976190476190476,0.0626228427170836,0.01606174384647476,0.12700585091057945,117.56884057971014,0.0020685579196217494,0.00850565502788992
3754007,West Bromwich Albion,40,50,106,tied,middle,high,0.06802721088435375,0.03052115265336667,0.03648770397278441,0.11658561551367225,240.62804878048777,0.003499926122931442,0.004155791500899578
3754007,Stoke City,45,55,56,trailing,middle,medium,0.03741496598639456,0.039300970987192645,0.04138276764606552,0.13701613717722305,170.42941176470592,0.0019023345153664304,0.005867531839988954
3754007,West Bromwich Albion,45,55,102,leading,middle,high,0.06887755102040816,0.05338138872218756,0.05037005695250376,0.11179903243418247,296.3252290345314,0.0030289598108747045,0.0033746704702064634
3754007,Stoke City,50,60,33,trailing,middle,low,0.02295918367346939,0.0,0.022231314784506274,0.1521793192678684,96.42572463768116,0.002216312056737589,0.010370676536344338
3754007,West Bromwich Albion,50,60,81,leading,middle,high,0.05442176870748299,0.036340041457664,0.05541464856137924,0.11412286667045199,279.54756097560977,0.0024379432624113476,0.0035772088173834896
3754007,West Bromwich Albion,55,65,77,leading,middle,medium,0.05102040816326531,0.10826220030864009,0.046928352574699156,0.13117933535411455,253.12660028449503,0.0029643173758865248,0.003950592307865219
3754007,Stoke City,60,70,24,trailing,late,low,0.017006802721088437,0.03101464372332545,0.010026173590003377,0.15243013225483049,65.79047619047618,0.0014406028368794325,0.015199768384481761
3754007,West Bromwich Albion,60,70,50,leading,late,low,0.03571428571428571,0.01597897419985785,0.06646719858156028,0.08551691148858713,248.54603174603176,0.0014867760047281324,0.004023399581055536
3754007,Stoke City,65,75,51,trailing,late,medium,0.03316326530612245,0.040536260253564466,0.02891214824982842,0.14105016455427044,143.4039408866995,0.002447177895981087,0.006973309058431521
3754007,West Bromwich Albion,65,75,40,leading,late,low,0.02891156462585034,0.0,0.0362669245647969,0.1279187488829513,153.64655172413794,0.0016345301418439714,0.006508444145205633
3754007,Stoke City,70,80,39,trailing,late,low,0.026360544217687076,0.011904761904761904,0.018498817966903072,0.12633556660787518,109.4703557312253,0.002142434988179669,0.009134893125361063
3754007,West Bromwich Albion,70,80,77,leading,late,medium,0.04421768707482993,0.015826890503796712,0.0363855116514691,0.11622774940081716,221.1868686868687,0.003112071513002364,0.004521064048407352
3754007,Stoke City,75,85,40,trailing,late,low,0.02465986394557823,0.022675736961451247,0.00694921070693205,0.08886072558375784,98.9090909090909,0.0008218823877068558,0.01011029411764706
3754007,West Bromwich Albion,75,85,70,leading,late,medium,0.0391156462585034,0.024965857680338256,0.033732269503546096,0.13286607594961095,186.4823754789272,0.003675384160756501,0.005362437053001835
3754007,Stoke City,80,90,48,trailing,late,low,0.02976190476190476,0.031292517006802724,0.037677304964539,0.12556791393216088,161.3793103448276,0.0016160608747044917,0.006196581196581196
3754007,West Bromwich Albion,80,90,65,leading,late,medium,0.0391156462585034,0.041043083900226755,0.04883274231678487,0.10038679496365624,225.12121212121212,0.002317893026004728,0.004442051420110379
3754008,Manchester United,0,10,78,tied,early,medium,0.047619047619047616,0.06397994572314143,0.04230453208787407,0.12320600929419946,219.06045519203414,0.0021332003546099287,0.004564949886200929
3754008,Sunderland,0,10,41,tied,early,low,0.02465986394557823,0.01836734693877551,0.003196862239415431,0.08779952895155206,70.22727272727273,0.002179373522458629,0.014239482200647248
3754008,Manchester United,5,15,80,tied,early,medium,0.04931972789115646,0.05203494838952363,0.06442620942166867,0.10085207269103234,275.09268292682924,0.002096261820330969,0.0036351384899102747
3754008,Sunderland,5,15,29,tied,early,low,0.017006802721088437,0.0,0.008826703669441877,0.13696350689889755,64.6,0.0014406028368794325,0.015479876160990714
3754008,Manchester United,10,20,57,tied,early,medium,0.036564625850340135,0.029231755290906318,0.04091523134076326,0.09970916672878227,197.8481182795699,0.0019208037825059103,0.005054382162922303
3754008,Sunderland,10,20,29,tied,early,low,0.01870748299319728,0.0,0.004569012547735952,0.11568640029714888,59.333333333333336,0.0014036643026004727,0.016853932584269662
3754008,Manchester United,15,25,42,tied,early,low,0.02806122448979592,0.012856337243825237,0.03572963679346658,0.1182087509572315,172.07846153846154,0.0012005023640661936,0.005811302536410046
3754008,Sunderland,15,25,43,tied,early,low,0.02976190476190476,0.017570327566561156,0.04315289945765541,0.11521814251372971,176.24137931034483,0.0016160608747044917,0.005674036392095481
3754008,Manchester United,20,30,59,tied,early,medium,0.04081632653061224,0.06701453772536141,0.04685802824100696,0.1155280353476679,212.18823529411765,0.0018284574468085107,0.004712796628964294
3754008,Sunderland,20,30,44,tied,early,low,0.031462585034013606,0.019284505865737853,0.04328774062816616,0.11468141863022799,184.09195402298852,0.0011266252955082741,0.005432067932067932
3754008,Manchester United,25,35,52,tied,early,medium,0.036564625850340135,0.026313874666650246,0.03186116483988824,0.13508208611714725,158.96774193548387,0.0023733008274231674,0.006290584415584416
3754008,Sunderland,25,35,21,tied,early,low,0.01445578231292517,0.0,0.010441292356185973,0.18759204207528724,47.65833333333333,0.0024010047281323877,0.020982689281342892
3754008,Manchester United,30,40,42,tied,middle,low,0.030612244897959183,0.009070294784580499,0.02304964539007092,0.09586177415688772,156.91111111111113,0.0015975916075650117,0.006373034980880894
3754008,Sunderland,30,40,23,tied,middle,low,0.015306122448979591,0.0,0.009840425531914894,0.16478354426290512,53.25,0.0023825354609929078,0.018779342723004695
3754008,Manchester United,35,45,59,tied,middle,medium,0.041666666666666664,0.02663657226551234,0.02863352048857368,0.12034977130422744,181.3978494623656,0.002262485224586288,0.005512744516893894
3754008,Sunderland,35,45,29,tied,middle,low,0.01870748299319728,0.0,0.00668303327877796,0.11019884882026644,77.56410256410257,0.0014036643026004727,0.012892561983471074
3754008,Manchester United,40,50,95,leading,middle,high,0.05952380952380952,0.030565128855006198,0.046630333832577135,0.11134808442101146,253.92558139534884,0.0027796247044917254,0.003938161702751218
3754008,Sunderland,40,50,61,trailing,middle,medium,0.039965986394557826,0.025024298820003496,0.04794232922732363,0.1216181150196353,189.58890469416787,0.0022994237588652476,0.005274570268830515
3754008,Manchester United,45,55,88,leading,middle,high,0.05697278911564626,0.039425757000949406,0.040394134160756504,0.12471971897358355,220.6239316239316,0.0032875295508274227,0.0045325998527873555
3754008,Sunderland,45,55,60,trailing,middle,medium,0.04336734693877551,0.030734174704524105,0.03725937183383991,0.13443127811456979,184.98179271708685,0.0017730496453900709,0.005405937445580987
3754008,Manchester United,50,60,72,leading,middle,medium,0.05102040816326531,0.03816651458568599,0.024907243236143944,0.13728663880014993,177.56691919191917,0.002511820330969267,0.0056316796200038405
3754008,Sunderland,50,60,31,trailing,middle,low,0.025510204081632654,0.0,0.014640324214792302,0.09694679920337394,133.78947368421052,0.0012559101654846334,0.007474429583005508
3754008,Manchester United,55,65,87,leading,middle,high,0.055272108843537414,0.050760350152139526,0.03490344719448063,0.1154147887517206,219.6693657219973,0.00377696513002364,0.004552296114268162
3754008,Sunderland,55,65,31,trailing,middle,low,0.026360544217687076,0.06802721088435373,0.01645981087470449,0.12397863063936523,112.92857142857143,0.0012374408983451535,0.008855154965211892
3754008,Manchester United,60,70,85,leading,late,high,0.04846938775510204,0.01649831288731456,0.03574665090622537,0.12461211270373132,202.55855855855856,0.0025672281323877067,0.004936843977939869
3754008,Sunderland,60,70,23,trailing,late,low,0.01870748299319728,0.023809523809523808,0.009026434558349452,0.15262202753645668,69.43809523809524,0.0014036643026004727,0.014401316691811822
3754008,Manchester United,65,75,67,leading,late,medium,0.03741496598639456,0.02067638425242628,0.08588209219858156,0.11457409480646737,279.35,0.0014498374704491725,0.0035797386790764273
3754008,Sunderland,65,75,23,trailing,late,low,0.01445578231292517,0.0,0.007512131392310562,0.1545381814914718,52.36363636363637,0.0014960106382978723,0.01909722222222222
3754008,Manchester United,70,80,55,leading,late,medium,0.03741496598639456,0.05175940736062013,0.03962273443656422,0.10298598487543548,185.8181818181818,0.0019023345153664304,0.00538160469667319
3754008,Sunderland,70,80,36,trailing,late,low,0.022108843537414966,0.008240909718059589,0.02656028368794326,0.17315859066766592,104.48616600790514,0.0013297872340425532,0.009570644978248534
3754008,Manchester United,75,85,77,leading,late,medium,0.045068027210884355,0.015936006665999196,0.030386507439855374,0.13149799530421652,182.8639112903226,0.0017361111111111112,0.00546854758242788
3754008,Sunderland,75,85,27,trailing,late,low,0.0195578231292517,0.023809523809523808,0.016342892383595434,0.13150270048248902,83.32163742690058,0.001385195035460993,0.012001684446939923
3754008,Manchester United,80,90,86,leading,late,high,0.047619047619047616,0.025145170343508487,0.04157723653104392,0.11697372580282697,226.72222222222223,0.0021332003546099287,0.0044106836559666745
3754008,Sunderland,80,90,20,trailing,late,low,0.016156462585034014,0.006802721088435374,0.02014381402679275,0.1701183958598316,68.43137254901961,0.0014590721040189125,0.014613180515759312
3754029,Tottenham Hotspur,0,10,78,leading,early,medium,0.055272108843537414,0.04061075232974323,0.028546857004303813,0.11082614874088674,201.0589947089947,0.0028719710401891255,0.004973664577639825
3754029,Aston Villa,0,10,54,trailing,early,medium,0.03826530612244898,0.02395439789082273,0.033365570599613155,0.14010040621624198,167.09677419354838,0.0018838652482269503,0.005984555984555984
3754029,Tottenham Hotspur,5,15,77,leading,early,medium,0.05102040816326531,0.024829196212293868,0.04070906012395374,0.12414320145086753,223.72072072072072,0.002511820330969267,0.004469858655820884
3754029,Aston Villa,5,15,48,trailing,early,low,0.030612244897959183,0.004285445747941746,0.03819879015435962,0.1327860329726801,156.83602150537635,0.0015975916075650117,0.0063760862485645236
3754029,Tottenham Hotspur,10,20,72,leading,early,medium,0.045068027210884355,0.03047788015349491,0.025885703966377724,0.12005882862214873,174.078853046595,0.0030936022458628843,0.00574452314281008
3754029,Aston Villa,10,20,39,trailing,early,low,0.02465986394557823,0.0,0.018348377390930582,0.11474672948089622,120.35786435786436,0.001726876477541371,0.00830855553424132
3754029,Tottenham Hotspur,15,25,69,leading,early,medium,0.04251700680272109,0.037389194599867656,0.03626692456479691,0.12045184701385377,180.27982954545453,0.002696513002364066,0.005546932247059102
3754029,Aston Villa,15,25,31,trailing,early,low,0.02295918367346939,0.01530612244897959,0.004580378250591016,0.1052112274181266,77.8974358974359,0.0013113179669030732,0.012837393021724819
3754029,Tottenham Hotspur,20,30,77,leading,early,medium,0.05272108843537415,0.04870313870114377,0.03003482205609865,0.1225667706896669,197.14089635854342,0.002474881796690307,0.005072514219379846
3754029,Aston Villa,20,30,31,trailing,early,low,0.02465986394557823,0.017006802721088433,0.025470540098199674,0.1361085748040943,108.96739130434783,0.001726876477541371,0.00917705735660848
3754029,Tottenham Hotspur,25,35,66,leading,early,medium,0.04591836734693878,0.041876333649172655,0.029796521445457618,0.13549278706902068,178.14772727272728,0.0017176418439716313,0.005613318874784716
3754029,Aston Villa,25,35,25,trailing,early,low,0.021258503401360544,0.027210884353741496,0.029218380614657206,0.1460594865650387,110.60606060606061,0.001348256501182033,0.00904109589041096
3754029,Tottenham Hotspur,30,40,51,leading,middle,medium,0.034013605442176874,0.009523809523809523,0.03173758865248227,0.13263583764903047,158.08172043010754,0.00197621158392435,0.006325842085215214
3754029,Tottenham Hotspur,35,45,60,leading,middle,medium,0.0391156462585034,0.011427855327844655,0.04064375340971086,0.11922195551959187,199.47899159663865,0.0014128989361702126,0.0050130592299267
3754029,Aston Villa,35,45,24,trailing,middle,low,0.015306122448979591,0.0,0.000591016548463357,0.07856714085044493,33.6,0.0014775413711583924,0.02976190476190476
3754029,Tottenham Hotspur,40,50,74,leading,middle,medium,0.050170068027210885,0.05531227381917401,0.04920304232804233,0.11732382194530429,235.52884615384616,0.002077792553191489,0.004245764441722801
3754029,Aston Villa,40,50,41,trailing,middle,low,0.02806122448979592,0.008940719144800777,0.017626199415936586,0.1090765002841765,119.6086956521739,0.0025579934988179667,0.008360596146855689
3754029,Tottenham Hotspur,45,55,82,leading,middle,high,0.05697278911564626,0.05702759097971419,0.041852267461495556,0.11699175120899787,245.41463414634146,0.0019300384160756499,0.004074736632876168
3754029,Aston Villa,45,55,39,trailing,middle,low,0.026360544217687076,0.0,0.01985278315065549,0.10762286182628297,131.26262626262627,0.0016899379432624112,0.007618314736437091
3754029,Tottenham Hotspur,50,60,70,leading,middle,medium,0.039965986394557826,0.024793709740970057,0.029261309181521946,0.1100453169008966,185.74344827586205,0.0018469267139479906,0.005383769975643083
3754029,Aston Villa,50,60,33,trailing,middle,low,0.022108843537414966,0.01292517006802721,0.006553951367781155,0.10344835061288579,71.13636363636364,0.0017822842789598108,0.014057507987220446
3754029,Tottenham Hotspur,55,65,64,leading,middle,medium,0.034013605442176874,0.018441174935918053,0.04683806146572104,0.10094707445629,187.79737903225808,0.002428708628841607,0.005324887946536407
3754029,Aston Villa,55,65,41,trailing,middle,low,0.027210884353741496,0.046658709233156306,0.008477393617021276,0.0968053763890536,99.5,0.002123965721040189,0.010050251256281407
3754029,Tottenham Hotspur,60,70,38,leading,late,low,0.025510204081632654,0.015306122448979591,0.03235049470274057,0.12362578655947917,128.74666666666667,0.0012559101654846334,0.007767191383595691
3754029,Aston Villa,60,70,31,trailing,late,low,0.02040816326530612,0.03197278911564625,0.004921741257031058,0.0960879891544252,74.66666666666667,0.0018192228132387705,0.013392857142857142
3754029,Tottenham Hotspur,65,75,29,leading,late,low,0.02040816326530612,0.02108843537414966,0.007439099599136601,0.14296515622068098,66.2625,0.002271719858156028,0.015091492171288436
3754029,Aston Villa,65,75,39,trailing,late,low,0.026360544217687076,0.0,0.027456195244055067,0.11403645644325429,137.82153846153847,0.002142434988179669,0.007255759957135202
3754029,Tottenham Hotspur,70,80,49,leading,late,low,0.03571428571428571,0.008711713797780692,0.018423093971631204,0.1458851066952513,129.7744539411206,0.0023917700945626473,0.007705676807961801
3754029,Aston Villa,70,80,52,trailing,late,medium,0.03571428571428571,0.009135082604470358,0.03622771707878091,0.10493604145518279,167.2159090909091,0.0023917700945626477,0.005980292218824329
3754029,Tottenham Hotspur,75,85,43,leading,late,low,0.031462585034013606,0.022652792686717254,0.018901584799929955,0.1474489322321286,112.88666666666667,0.0020316193853427895,0.008858442095316837
3754029,Aston Villa,75,85,59,trailing,late,medium,0.039965986394557826,0.046955915222040755,0.04400900431094423,0.11882503131331387,195.13636363636363,0.003204417848699764,0.005124621476822735
3754029,Tottenham Hotspur,80,90,45,leading,late,low,0.02976190476190476,0.006802721088435374,0.010602357676825762,0.09016957432352525,122.9298245614035,0.0020685579196217494,0.008134722420436707
3754029,Aston Villa,80,90,50,trailing,late,low,0.03571428571428571,0.01619020765270365,0.03912689285029711,0.12678250817587386,157.00840336134453,0.0023917700945626477,0.006369085848854635
3753995,Chelsea,0,10,63,tied,early,medium,0.03316326530612245,0.04479830846370324,0.019979129728132386,0.1314436369982907,137.28153846153847,0.0024471778959810875,0.007284300651104411
3753995,Southampton,0,10,38,tied,early,low,0.02806122448979592,0.021428571428571425,0.043743667679837894,0.11874442224500803,167.32758620689654,0.0016529994089834515,0.005976300875837197
3753995,Chelsea,5,15,37,leading,early,low,0.02465986394557823,0.018542046865634074,0.030823786142935076,0.17058900322750795,116.11897435897436,0.0012743794326241136,0.008611856981345393
3753995,Southampton,5,15,46,trailing,early,low,0.03231292517006803,0.019803167045251036,0.03339665653495441,0.10120993952843096,159.97318007662835,0.0015606530732860519,0.006251047828898522
3753995,Chelsea,10,20,61,leading,early,medium,0.039965986394557826,0.014663880055706596,0.027047961888387415,0.12855532962471952,148.7311827956989,0.0018469267139479906,0.006723539618276461
3753995,Southampton,10,20,65,trailing,early,medium,0.04336734693877551,0.02284539522342159,0.037529550827423167,0.11277956427114418,184.26507936507937,0.0022255466903073283,0.005426964259563948
3753995,Chelsea,15,25,98,leading,early,high,0.05697278911564626,0.029614908960091297,0.04007606553338261,0.1302623313600473,235.83614484930277,0.0023825354609929078,0.004240232135065604
3753995,Southampton,15,25,49,trailing,early,low,0.031462585034013606,0.0,0.015760441292356184,0.10540642298901202,130.3896103896104,0.0015791223404255318,0.007669322709163346
3753995,Chelsea,20,30,97,leading,early,high,0.05697278911564626,0.04091768929229811,0.04338349766476388,0.11897521760805484,250.48333333333335,0.0019300384160756499,0.003992281588928072
3753995,Southampton,20,30,34,trailing,early,low,0.02465986394557823,0.08435374149659863,0.01752364066193853,0.11976266716645552,102.94372294372295,0.001726876477541371,0.009714045416316233
3753995,Chelsea,25,35,64,leading,early,medium,0.04591836734693878,0.030613974825995413,0.040636381061912974,0.1282597625144498,188.95345345345345,0.0030751329787234044,0.005292308670327313
3753995,Southampton,25,35,54,trailing,early,medium,0.03571428571428571,0.04054975828063233,0.040436970944863884,0.12872244799082813,176.8279569892473,0.00193927304964539,0.0056552143508665255
3753995,Chelsea,30,40,37,leading,middle,low,0.02976190476190476,0.040474847787327774,0.020455739427370636,0.1540231727791493,109.44,0.0016160608747044917,0.009137426900584795
3753995,Southampton,30,40,63,trailing,middle,medium,0.041666666666666664,0.040982593553810356,0.047125793206420304,0.11011840749923658,192.43598862019914,0.002714982269503546,0.005196533180566593
3753995,Chelsea,35,45,38,leading,middle,low,0.02465986394557823,0.02274120120708966,0.01583080040526849,0.18739657320841607,80.96904761904761,0.001726876477541371,0.012350398447378482
3753995,Southampton,35,45,55,trailing,middle,medium,0.03571428571428571,0.0646366629894785,0.04540081667741242,0.14117786623996237,188.6818181818182,0.00193927304964539,0.005299927728258251
3753995,Chelsea,40,50,83,tied,middle,high,0.04336734693877551,0.02605326552146116,0.033975242973469925,0.12022764450203664,186.73677956030897,0.003130540780141844,0.005355131444135447
3753995,Southampton,40,50,55,tied,middle,medium,0.03486394557823129,0.017395263481580523,0.026085321298087254,0.1263560327337492,150.47988505747128,0.00195774231678487,0.006645406458265701
3753995,Chelsea,45,55,89,tied,middle,high,0.0467687074829932,0.018067635925209463,0.04241342406236023,0.13336821663010678,209.86736736736736,0.0016991725768321514,0.004764914205311043
3753995,Southampton,45,55,60,tied,middle,medium,0.03826530612244898,0.01752510528020732,0.032019190654985395,0.12482274736201623,159.9250672043011,0.002336362293144208,0.006252928433805314
3753995,Chelsea,50,60,52,tied,middle,medium,0.02976190476190476,0.0383935373795936,0.01917944025013345,0.12353703216309775,115.245,0.0020685579196217494,0.008677166037572128
3753995,Southampton,50,60,59,tied,middle,medium,0.036564625850340135,0.0,0.05134845091452034,0.11971413564491533,193.22698412698412,0.0014683067375886522,0.005175260611337928
3753995,Chelsea,55,65,39,trailing,middle,low,0.026360544217687076,0.008570891495883491,0.023153942428035045,0.11450000315397897,129.65579710144928,0.0016899379432624112,0.0077127287969819755
3753995,Southampton,55,65,56,leading,middle,medium,0.039965986394557826,0.01292517006802721,0.043980280228334195,0.10554656378551004,189.00900900900902,0.0018469267139479906,0.005290753098188751
3753995,Chelsea,60,70,37,trailing,late,low,0.027210884353741496,0.028231292517006804,0.02863475177304964,0.12342055346929574,127.8876923076923,0.002123965721040189,0.00781936073718527
3753995,Southampton,60,70,35,leading,late,low,0.027210884353741496,0.00782312925170068,0.03361406619385343,0.12396781765725434,137.7920227920228,0.0016714686761229313,0.007257314173472551
3753995,Chelsea,65,75,37,trailing,late,low,0.026360544217687076,0.010094754727247522,0.023477622890682323,0.12985478366827588,114.29,0.002142434988179669,0.008749671887304225
3753995,Southampton,65,75,24,leading,late,low,0.016156462585034014,0.0,0.01553345667591736,0.13927068179379623,91.56190476190476,0.001006575059101655,0.010921572706469733
3753995,Chelsea,70,80,52,trailing,late,medium,0.03571428571428571,0.03456773579801175,0.022436900292031704,0.10788837005283092,146.21428571428572,0.0023917700945626477,0.006839276990718124
3753995,Southampton,70,80,23,leading,late,low,0.013605442176870748,0.01530612244897959,0.003595350669818755,0.15432910197075872,43.06666666666667,0.0015144799054373523,0.023219814241486066
3753995,Chelsea,75,85,71,trailing,late,medium,0.04591836734693878,0.062106248269822965,0.0150709219858156,0.12184738817642243,148.01709401709402,0.00398012706855792,0.00675597644069754
3753995,Southampton,75,85,20,leading,late,low,0.01445578231292517,0.0,0.00826079948420374,0.13210026333676558,60.46153846153846,0.0014960106382978723,0.016539440203562343
3753995,Chelsea,80,90,76,trailing,late,medium,0.050170068027210885,0.06585576931945303,0.0386988051881669,0.11546518744746467,225.94285714285715,0.0029827866430260047,0.004425897824987354
3753995,Southampton,80,90,21,leading,late,low,0.017006802721088437,0.0,0.005060579196217494,0.12217993747893584,60.0,0.000988105791962175,0.016666666666666666
3753999,Watford,0,10,39,tied,early,low,0.02806122448979592,0.08027210884353742,0.03897652237710931,0.15848117153290037,152.87179487179486,0.0016529994089834513,0.006541429050654144
3753999,Arsenal,0,10,106,tied,early,high,0.061224489795918366,0.037298681256264794,0.04744650542522883,0.12239689913092586,272.86504723346826,0.003195183215130023,0.0036648153002329462
3753999,Watford,5,15,39,tied,early,low,0.02806122448979592,0.0,0.0559032123487693,0.12851511279524738,180.75100806451613,0.0016529994089834515,0.00553247260254873
3753999,Arsenal,5,15,98,tied,early,high,0.05272108843537415,0.05260520519924313,0.02802403467297084,0.13967343245727315,197.76917562724014,0.0029273788416075653,0.005056399698428348
3753999,Watford,10,20,55,tied,early,medium,0.036564625850340135,0.02686332794135445,0.05035460992907801,0.09626207271661873,212.50714285714287,0.0019208037825059103,0.004705724177338577
3753999,Arsenal,10,20,51,tied,early,medium,0.034013605442176874,0.04180370424488445,0.021142033941236073,0.14784431623288782,123.32923076923079,0.0019762115839243497,0.00810837782545781
3753999,Watford,15,25,52,tied,early,medium,0.03486394557823129,0.02682891152925346,0.051885031728256814,0.09628702669103585,216.13636363636363,0.001505245271867612,0.0046267087276551004
3753999,Arsenal,15,25,54,tied,early,medium,0.03571428571428571,0.027539385499871578,0.024396481178396077,0.11416220534966404,145.53563218390806,0.0023917700945626477,0.006871169520439754
3753999,Watford,20,30,36,tied,early,low,0.023809523809523808,0.0,0.024231678486997633,0.1532563695565864,103.98666666666666,0.0017453457446808508,0.009616617515066034
3753999,Arsenal,20,30,73,tied,early,medium,0.047619047619047616,0.04017974850574429,0.045013297872340416,0.12694893226177842,225.48127074442866,0.0021332003546099287,0.004434958152836775
3753999,Watford,25,35,36,tied,early,low,0.026360544217687076,0.00782312925170068,0.018284574468085103,0.12286761528650668,108.02717391304348,0.0016899379432624112,0.009256930120239473
3753999,Arsenal,25,35,83,tied,early,high,0.047619047619047616,0.08174824347517146,0.022085139217231414,0.13093128451962638,182.70344827586206,0.0025856973995271866,0.005473350445417485
3753999,Watford,30,40,46,tied,middle,low,0.031462585034013606,0.027181245166104113,0.028297300388927017,0.13904424775257807,133.29310344827587,0.002484116430260047,0.007502263614021471
3753999,Arsenal,30,40,76,tied,middle,medium,0.041666666666666664,0.026182540780217752,0.06182344158268009,0.12804368958566156,270.2916073968706,0.0013574911347517728,0.0036997079177959634
3753999,Watford,35,45,42,tied,middle,low,0.02976190476190476,0.030803307097445522,0.030600391293714845,0.12982313649853197,144.35185185185185,0.0020685579196217494,0.006927517639512508
3753999,Arsenal,35,45,59,tied,middle,medium,0.034013605442176874,0.012406902446813745,0.041827998210976935,0.1143089855414946,180.16666666666666,0.002428708628841607,0.005550416281221092
3753999,Watford,40,50,32,tied,middle,low,0.022108843537414966,0.0,0.00927441352973268,0.1306376194423023,81.17647058823529,0.0017822842789598108,0.012318840579710146
3753999,Arsenal,40,50,66,tied,middle,medium,0.039965986394557826,0.022829609727462067,0.06117760047281323,0.09798969070676686,227.5801282051282,0.0022994237588652476,0.004394056756566439
3753999,Watford,45,55,31,tied,middle,low,0.022108843537414966,0.014625850340136052,0.020355973813420622,0.14303371315536328,95.55194805194805,0.0017822842789598108,0.010465511382942575
3753999,Arsenal,45,55,89,tied,middle,high,0.06037414965986394,0.06817795636652071,0.046262180706913444,0.10342346725762443,264.94573170731707,0.0018561613475177301,0.0037743578413434874
3753999,Watford,50,60,27,tied,middle,low,0.021258503401360544,0.0,0.03419452887537994,0.1292465874191678,122.82608695652173,0.0018007535460992908,0.008141592920353982
3753999,Arsenal,50,60,62,tied,middle,medium,0.045068027210884355,0.04594491583812025,0.04964539007092198,0.09859569744346224,233.12087087087087,0.0017361111111111112,0.00428962021403015
3753999,Watford,55,65,35,tied,middle,low,0.022108843537414966,0.029624910457932162,0.018193031144002465,0.16632782500657384,86.13333333333334,0.0022347813238770687,0.011609907120743033
3753999,Arsenal,55,65,55,tied,middle,medium,0.03316326530612245,0.032527307224396035,0.027684903748733537,0.10769391389870332,175.87230769230771,0.001542183806146572,0.005685943472974272
3753999,Watford,60,70,30,trailing,late,low,0.017006802721088437,0.020894071914480075,0.01427304964539007,0.16564130414089845,60.73529411764706,0.0027980939716312054,0.01646489104116223
3753999,Arsenal,60,70,95,leading,late,high,0.055272108843537414,0.037468916468694935,0.049300630417651696,0.13326814547858726,274.93049932523616,0.0019669769503546097,0.003637282885872273
3753999,Watford,65,75,34,trailing,late,low,0.021258503401360544,0.0,0.014832242225859245,0.13704246720815103,78.75555555555556,0.0031582446808510636,0.012697516930022572
3753999,Arsenal,65,75,84,leading,late,high,0.04846938775510204,0.027543600050197986,0.04296993392738074,0.12532380641536248,219.26126126126127,0.0016622340425531915,0.004560769167556907
3753999,Watford,70,80,32,trailing,late,low,0.022108843537414966,0.0,0.01577402787967718,0.12029597201891179,88.66666666666667,0.0026872783687943258,0.011278195488721804
3753999,Arsenal,70,80,68,leading,late,medium,0.041666666666666664,0.03840564960626431,0.04230222674176053,0.12643058166626625,199.14438502673798,0.002714982269503546,0.005021482277121374
3753999,Watford,75,85,20,trailing,late,low,0.015306122448979591,0.0,0.001631205673758865,0.09925531240806124,44.57142857142857,0.0010250443262411347,0.022435897435897436
3753999,Arsenal,75,85,78,leading,late,medium,0.05102040816326531,0.06530335072789561,0.03858482642777156,0.1351919812151308,210.76339497392127,0.002511820330969267,0.004744656917885265
3753999,Watford,80,90,33,trailing,late,low,0.022108843537414966,0.0,0.019878614293507908,0.1415707088521513,98.46666666666667,0.0013297872340425532,0.010155721056194989
3753999,Arsenal,80,90,63,leading,late,medium,0.041666666666666664,0.09380089781757087,0.04076816177880008,0.1328036006106323,206.0235294117647,0.002262485224586288,0.004853814527181361
3754017,Aston Villa,0,10,52,tied,early,medium,0.02891156462585034,0.014284819159805819,0.0723457984096282,0.1173356707435641,227.28535353535355,0.001182033096926714,0.004399755569135048
3754017,Swansea City,0,10,42,tied,early,low,0.02465986394557823,0.0,0.021877144818119428,0.11670637699159839,131.35714285714286,0.0012743794326241136,0.007612833061446438
3754017,Aston Villa,5,15,42,tied,early,low,0.025510204081632654,0.0151870911542334,0.010859929078014184,0.11950968670299077,91.03313840155946,0.002160904255319149,0.010985010706638116
3754017,Swansea City,5,15,57,tied,early,medium,0.036564625850340135,0.02814406116520708,0.033092705167173254,0.11617744356027494,157.64014336917563,0.0023733008274231674,0.006343561853138585
3754017,Aston Villa,10,20,46,tied,early,low,0.02976190476190476,0.04705872952922873,0.016599413059427734,0.1318920679277125,101.6268115942029,0.0029735520094562647,0.00983992299190702
3754017,Swansea City,10,20,65,tied,early,medium,0.04336734693877551,0.032536027342794795,0.03690259408344515,0.11630136478353321,193.4884135472371,0.0022255466903073283,0.0051682681234856784
3754017,Aston Villa,15,25,55,tied,early,medium,0.03486394557823129,0.025583925506397258,0.024059298660362487,0.10732767877070387,152.7195767195767,0.003315233451536643,0.006547949002217296
3754017,Swansea City,15,25,65,tied,early,medium,0.0391156462585034,0.03277964326795142,0.02734375,0.11923376708460338,156.04904214559386,0.0032228871158392434,0.006408241833788376
3754017,Aston Villa,20,30,53,tied,early,medium,0.036564625850340135,0.01557367668969857,0.04528664302600473,0.09203574899465451,218.5032258064516,0.0014683067375886522,0.004576591472776662
3754017,Swansea City,20,30,51,tied,early,medium,0.03486394557823129,0.01735503894676884,0.022779611967066113,0.14248900657987212,129.0603038936372,0.0024102393617021272,0.007748315863444212
3754017,Aston Villa,25,35,47,tied,early,low,0.034013605442176874,0.04571634643564625,0.03025749979620119,0.12699735611249865,150.06410256410257,0.002428708628841607,0.006663818880820162
3754017,Swansea City,25,35,44,tied,early,low,0.034013605442176874,0.028373693145650625,0.029980657640232104,0.12531994517626383,140.76774193548388,0.0019762115839243497,0.007103900270406526
3754017,Aston Villa,30,40,49,tied,middle,low,0.03316326530612245,0.02984422847796715,0.020060790273556228,0.09212186149248819,166.53463203463204,0.0019946808510638296,0.006004757015297833
3754017,Swansea City,30,40,48,tied,middle,low,0.031462585034013606,0.014214291677824259,0.039962876773049646,0.13623328931289486,152.9485887096774,0.002936613475177305,0.0065381446696325595
3754017,Aston Villa,35,45,57,tied,middle,medium,0.03231292517006803,0.009271023432817037,0.017307755450485948,0.10798479856446279,151.47946859903382,0.00201315011820331,0.006601554713972493
3754017,Swansea City,35,45,51,tied,middle,medium,0.03231292517006803,0.013735017816650472,0.03070330969267139,0.13003163718337077,138.13793103448276,0.002918144208037825,0.007239141288067898
3754017,Aston Villa,40,50,60,tied,middle,medium,0.036564625850340135,0.029401072313778726,0.06486007283879625,0.09561555959106473,253.75425425425428,0.0019208037825059103,0.003940820629545109
3754017,Swansea City,40,50,69,tied,middle,medium,0.045068027210884355,0.03581539445401749,0.028140830800405265,0.13756047008511207,169.86710858585857,0.0017361111111111112,0.005886954857388147
3754017,Aston Villa,45,55,43,tied,middle,low,0.02976190476190476,0.019069668196444574,0.04186059397163121,0.08363721738389363,215.89128205128208,0.001163563829787234,0.004631961006014423
3754017,Swansea City,45,55,78,tied,middle,medium,0.05357142857142857,0.034700427119239534,0.03612394239143959,0.12605486669308372,206.25770507349452,0.002456412529550827,0.004848303725883483
3754017,Aston Villa,50,60,41,tied,middle,low,0.02806122448979592,0.007482993197278911,0.02498388136686009,0.11726727489174207,129.88,0.0021054964539007092,0.0076994148444718205
3754017,Swansea City,50,60,47,tied,middle,low,0.03231292517006803,0.015019978502829242,0.03494385342789598,0.10990691456033347,154.752688172043,0.00201315011820331,0.0064619232907170655
3754017,Aston Villa,55,65,36,tied,middle,low,0.026360544217687076,0.0,0.031914893617021274,0.1436449027758277,126.29629629629629,0.0016899379432624112,0.007917888563049853
3754017,Swansea City,55,65,37,tied,middle,low,0.02295918367346939,0.0,0.039361702127659576,0.1367365606153512,137.65846153846155,0.0013113179669030732,0.007264355484029593
3754017,Aston Villa,60,70,32,leading,late,low,0.02295918367346939,0.020181405895691607,0.010911074740861974,0.1308029409087866,83.9673202614379,0.002216312056737589,0.011909395189538414
3754017,Swansea City,60,70,44,trailing,late,low,0.02976190476190476,0.006802721088435374,0.01590678824721378,0.1047743979783302,118.55731225296442,0.0020685579196217494,0.008434739123187198
3754017,Aston Villa,65,75,46,tied,late,low,0.02891156462585034,0.01624944029433329,0.013691883372734436,0.14934582776217636,99.75757575757575,0.0029920212765957447,0.010024301336573511
3754017,Swansea City,65,75,47,tied,late,low,0.03486394557823129,0.04810034757578566,0.028546099290780138,0.10788081216163117,150.40114942528734,0.003315233451536643,0.006648885356403183
3754017,Aston Villa,70,80,45,tied,late,low,0.02891156462585034,0.02256262607200815,0.015532653664302601,0.16204441103890685,100.62337662337663,0.0025395242316784868,0.009938048528652555
3754017,Swansea City,70,80,42,tied,late,low,0.02806122448979592,0.04751966004322411,0.014918072878454387,0.11832860814802999,106.35497835497836,0.003010490543735224,0.009402474763920548
3754017,Aston Villa,75,85,50,tied,late,low,0.02976190476190476,0.010713614369854364,0.04640498899486426,0.14989891329586438,161.64039408866995,0.0020685579196217494,0.006186572395087313
3754017,Swansea City,75,85,40,tied,late,low,0.027210884353741496,0.022448979591836733,0.028486997635933806,0.09364582372437108,148.4963768115942,0.0016714686761229313,0.0067341710381847025
3754017,Aston Villa,80,90,44,tied,late,low,0.025510204081632654,0.0,0.019777946639648762,0.1384064606585531,92.92753623188406,0.003065898345153664,0.010761072988147224
3754017,Swansea City,80,90,39,tied,late,low,0.026360544217687076,0.020815789455067166,0.03036347517730497,0.13580111207597212,131.8153846153846,0.0016899379432624112,0.007586367880485528
3754006,West Bromwich Albion,0,10,30,tied,early,low,0.021258503401360544,0.019387755102040816,0.01156176122931442,0.14076533110508502,76.47058823529412,0.0018007535460992908,0.013076923076923078
3754006,Leicester City,0,10,40,tied,early,low,0.025510204081632654,0.010713614369854364,0.04895904827270647,0.11737471806345862,159.8793103448276,0.0012559101654846334,0.00625471799849024
3754006,West Bromwich Albion,5,15,38,tied,early,low,0.022108843537414966,0.014461338402578778,0.01198581560283688,0.15045305821015342,81.21637426900585,0.0022347813238770687,0.012312788018433178
3754006,Leicester City,5,15,53,tied,early,medium,0.036564625850340135,0.017958378060151766,0.04449862096138692,0.13220776373384666,167.46190476190475,0.0019208037825059103,0.0059715073790769764
3754006,West Bromwich Albion,10,20,52,tied,early,medium,0.030612244897959183,0.042057623925149175,0.020247083047357586,0.1329234535156819,124.64222222222222,0.0020500886524822694,0.008022963504430458
3754006,Leicester City,10,20,51,tied,early,medium,0.03571428571428571,0.009993521218011015,0.03244126773049645,0.14499577874344194,146.34139784946237,0.002844267139479905,0.006833336394863976
3754006,West Bromwich Albion,15,25,60,tied,early,medium,0.039965986394557826,0.010836439302327755,0.03500084430935495,0.11840682246526125,176.1931818181818,0.0013944296690307327,0.005675588519832312
3754006,Leicester City,15,25,46,tied,early,low,0.03316326530612245,0.026530612244897955,0.03649050560512469,0.13205772224903872,147.247311827957,0.0019946808510638296,0.006791295457864758
3754006,West Bromwich Albion,20,30,46,tied,early,low,0.030612244897959183,0.0,0.049543809101654845,0.1250106470321276,174.39314516129033,0.0020500886524822694,0.0057341703372293315
3754006,Leicester City,20,30,39,tied,early,low,0.027210884353741496,0.01258503401360544,0.03134576657035286,0.148655893458734,125.53846153846153,0.002123965721040189,0.007965686274509805
3754006,West Bromwich Albion,25,35,23,leading,early,low,0.016156462585034014,0.0,0.009289238359543633,0.14117679038752354,76.0,0.001006575059101655,0.013157894736842105
3754006,Leicester City,25,35,45,trailing,early,low,0.02806122448979592,0.0538751341804553,0.02072251773049645,0.12153966016882617,124.07333333333334,0.0025579934988179667,0.008059749610445435
3754006,West Bromwich Albion,30,40,25,leading,middle,low,0.017006802721088437,0.0,0.007786000616712919,0.13866338298163408,68.92307692307692,0.0009881057919621748,0.014508928571428572
3754006,Leicester City,30,40,56,trailing,middle,medium,0.03486394557823129,0.04191861117729537,0.02847011144883485,0.11169101071382946,152.75172413793103,0.003315233451536643,0.006546570951284482
3754006,West Bromwich Albion,35,45,36,leading,middle,low,0.023809523809523808,0.0,0.004562995410930329,0.09184630646261178,91.5909090909091,0.0012928486997635933,0.010918114143920596
3754006,Leicester City,35,45,52,trailing,middle,medium,0.03571428571428571,0.05307337982800107,0.022589000139062718,0.11178808234663958,149.86039886039887,0.00193927304964539,0.006672876941503013
3754006,West Bromwich Albion,40,50,42,leading,middle,low,0.02806122448979592,0.0,0.05281155015197568,0.09952661265179825,201.51149425287358,0.0016529994089834515,0.004962496078487294
3754006,Leicester City,40,50,61,trailing,middle,medium,0.03826530612244898,0.017940828253682192,0.06826241134751772,0.09308825526756907,255.94062078272606,0.0018838652482269503,0.003907156265159344
3754006,West Bromwich Albion,45,55,42,leading,middle,low,0.027210884353741496,0.023809523809523808,0.038435140700068635,0.1360769316202155,151.25,0.0012189716312056738,0.006611570247933884
3754006,Leicester City,45,55,48,trailing,middle,low,0.030612244897959183,0.0,0.01033434650455927,0.10863196902004509,112.73684210526316,0.0015975916075650117,0.008870214752567693
3754006,West Bromwich Albion,50,60,39,leading,middle,low,0.02806122448979592,0.027210884353741496,0.026112185686653768,0.12484814046309081,144.00555555555556,0.0012005023640661936,0.006944176536399059
3754006,Leicester City,50,60,40,trailing,middle,low,0.025510204081632654,0.012856337243825237,0.01928191489361702,0.1254987956614892,121.6969696969697,0.0012559101654846334,0.008217131474103585
3754006,West Bromwich Albion,55,65,30,tied,middle,low,0.021258503401360544,0.017141782991766982,0.013392857142857142,0.12923014462480603,92.11764705882354,0.001348256501182033,0.010855683269476371
3754006,Leicester City,55,65,43,tied,middle,low,0.026360544217687076,0.021427228739708728,0.029658284977433915,0.12468704702845712,143.68923076923076,0.0016899379432624112,0.006959463800081373
3754006,West Bromwich Albion,60,70,28,trailing,late,low,0.017006802721088437,0.0,0.001375641966250917,0.08657451654800068,48.875,0.0014406028368794325,0.020460358056265986
3754006,Leicester City,60,70,26,leading,late,low,0.017857142857142856,0.0,0.009751773049645389,0.13132916023442986,82.56043956043956,0.000969636524822695,0.012112338613070678
3754006,West Bromwich Albion,65,75,46,trailing,late,low,0.027210884353741496,0.005215419501133786,0.027925531914893616,0.11466223195351741,135.36,0.0016714686761229313,0.0073877068557919616
3754006,Leicester City,65,75,55,leading,late,medium,0.034013605442176874,0.008085901367545213,0.029437838965373383,0.13036781442326886,146.90322580645162,0.00197621158392435,0.006807202459376372
3754006,West Bromwich Albion,70,80,59,trailing,late,medium,0.039965986394557826,0.030612244897959183,0.03847517730496454,0.11528069240433785,187.76470588235296,0.0018469267139479906,0.005325814536340852
3754006,Leicester City,70,80,67,leading,late,medium,0.039965986394557826,0.01780200099638205,0.04243006304176517,0.13172149792957324,180.62063492063493,0.002751920803782506,0.005536465977098364
3754006,West Bromwich Albion,75,85,45,trailing,late,low,0.030612244897959183,0.032713131001863786,0.02342772215269086,0.1037775957816516,138.46153846153845,0.0015975916075650117,0.007222222222222223
3754006,Leicester City,75,85,33,leading,late,low,0.02040816326530612,0.0,0.004905437352245862,0.09932118270737614,84.47727272727273,0.0013667257683215128,0.01183750336292709
3754006,West Bromwich Albion,80,90,37,trailing,late,low,0.023809523809523808,0.0,0.030280363475177305,0.11764054715346636,139.28666666666666,0.0012928486997635933,0.00717943808931221
3754006,Leicester City,80,90,25,leading,late,low,0.015306122448979591,0.0,0.001738952536824877,0.1032152737384183,50.214285714285715,0.0010250443262411347,0.01991465149359886
3754023,AFC Bournemouth,0,10,38,tied,early,low,0.025510204081632654,0.08326200694410063,0.010882856444118367,0.12482400923048585,87.9093567251462,0.002613401300236406,0.011375353400964577
3754023,Leicester City,0,10,40,tied,early,low,0.023809523809523808,0.028117913832199547,0.010764944275582573,0.09564891612335603,89.15555555555555,0.0017453457446808508,0.011216350947158525
3754023,AFC Bournemouth,5,15,56,tied,early,medium,0.039965986394557826,0.04895125309373628,0.03974164133738601,0.13683961156724078,172.81512605042016,0.0018469267139479906,0.005786530513007537
3754023,Leicester City,5,15,36,tied,early,low,0.026360544217687076,0.022108843537414963,0.016452857738840216,0.11280399163884486,122.33571428571429,0.0012374408983451535,0.008174227827407017
3754023,AFC Bournemouth,10,20,74,tied,early,medium,0.050170068027210885,0.039685784431478785,0.03880171394799055,0.12054876918166042,209.00568990042674,0.0016252955082742319,0.004784558738455466
3754023,Leicester City,10,20,54,tied,early,medium,0.03316326530612245,0.007605146785320953,0.04529335912314636,0.13464808553923302,177.6619318181818,0.0024471778959810875,0.005628667828645442
3754023,AFC Bournemouth,15,25,71,tied,early,medium,0.0467687074829932,0.0390591201475568,0.044924645390070926,0.11444663978537357,226.62375533428164,0.0026041666666666665,0.004412600075949446
3754023,Leicester City,15,25,53,tied,early,medium,0.030612244897959183,0.01638187150695966,0.03987884160756501,0.13619242860656225,159.22850574712643,0.0025025856973995265,0.006280282511651007
3754023,AFC Bournemouth,20,30,58,leading,early,medium,0.03486394557823129,0.03741875998258924,0.04279944838455477,0.12334378912502819,184.54337492572787,0.001505245271867612,0.00541878027538222
3754023,Leicester City,20,30,35,trailing,early,low,0.022108843537414966,0.022108843537414963,0.02635706492089471,0.14796029274775135,104.17934782608695,0.0026872783687943258,0.0095988314466065
3754023,AFC Bournemouth,25,35,48,leading,early,low,0.027210884353741496,0.009523809523809525,0.010582890070921985,0.10441495317901228,111.03083333333333,0.0012189716312056738,0.009006507201453049
3754023,Leicester City,25,35,28,trailing,early,low,0.017857142857142856,0.025024904399805304,0.016763378465506126,0.14070235497867467,80.9640522875817,0.00187463061465721,0.012351160443995965
3754023,AFC Bournemouth,30,40,57,leading,middle,medium,0.03486394557823129,0.017616942518750046,0.028277534418022526,0.12553494957094422,150.7192118226601,0.0024102393617021272,0.006634854229311021
3754023,Leicester City,30,40,35,trailing,middle,low,0.025510204081632654,0.04026361433448197,0.03785789335434725,0.12629375288213243,135.07977207977208,0.001708407210401891,0.007403032923459811
3754023,AFC Bournemouth,35,45,63,leading,middle,medium,0.04081632653061224,0.026965234488794707,0.03267952127659574,0.09337700203073754,194.51612903225808,0.002280954491725768,0.005140961857379767
3754023,Leicester City,35,45,30,trailing,middle,low,0.022108843537414966,0.027855397361621348,0.006150265957446808,0.08381970804629485,84.89090909090909,0.0013297872340425532,0.011779824373527523
3754023,AFC Bournemouth,40,50,62,leading,middle,medium,0.041666666666666664,0.050480063230410495,0.04042183806146572,0.11124711222844823,194.02857142857144,0.001809988179669031,0.00515388013547342
3754023,Leicester City,40,50,37,trailing,middle,low,0.023809523809523808,0.013836251325886978,0.013617021276595745,0.15514981858007737,81.41190476190476,0.0021978427895981084,0.012283215862895915
3754023,AFC Bournemouth,45,55,40,leading,middle,low,0.02806122448979592,0.023809523809523808,0.015197568389057751,0.10858375532263219,116.73333333333333,0.0012005023640661936,0.008566533409480296
3754023,Leicester City,45,55,40,trailing,middle,low,0.025510204081632654,0.05509462045836125,0.01638429209351195,0.14539277849087193,96.48484848484848,0.002160904255319149,0.0103643216080402
3754023,AFC Bournemouth,50,60,34,leading,middle,low,0.017857142857142856,0.0,0.02511820330969267,0.14317685243631337,121.25490196078431,0.000969636524822695,0.008247089262613196
3754023,Leicester City,50,60,35,trailing,middle,low,0.016156462585034014,0.022892850322339814,0.006668208448967005,0.13194838092025024,64.77350427350427,0.0014590721040189125,0.01543841129511117
3754023,AFC Bournemouth,55,65,65,leading,middle,medium,0.03741496598639456,0.03256938768435727,0.041471109720483935,0.12913391312242042,177.92156862745097,0.0019023345153664304,0.005620454044522813
3754023,Leicester City,55,65,48,trailing,middle,low,0.026360544217687076,0.008616780045351474,0.025165865934568744,0.11400561813099035,120.87,0.0016899379432624112,0.00827335153470671
3754023,AFC Bournemouth,60,70,61,leading,late,medium,0.03486394557823129,0.005142534897530094,0.037191146190803014,0.13530989658507206,157.58709677419355,0.00195774231678487,0.006345697207893229
3754023,Leicester City,60,70,44,trailing,late,low,0.030612244897959183,0.1217687074829932,0.016922194409678765,0.10551181363042249,125.92207792207792,0.0020500886524822694,0.007941419141914192
3754023,AFC Bournemouth,65,75,52,leading,late,medium,0.02976190476190476,0.03038032285459227,0.015165906788247216,0.13981823942623658,105.4137022397892,0.0020685579196217494,0.009486432776312665
3754023,Leicester City,65,75,28,trailing,late,low,0.02040816326530612,0.039115646258503396,0.004159847244953627,0.11111938016897761,64.54545454545455,0.0018192228132387705,0.015492957746478873
3754023,AFC Bournemouth,70,80,51,leading,late,medium,0.03316326530612245,0.0352648227544584,0.026519756838905773,0.10045622063096787,151.58068783068782,0.001542183806146572,0.006597146472359179
3754023,Leicester City,70,80,45,trailing,late,low,0.02976190476190476,0.029464963410363566,0.03180743606275521,0.11976630386776373,139.47906403940885,0.002521054964539007,0.007169534774892502
3754023,AFC Bournemouth,75,85,34,leading,late,low,0.02295918367346939,0.01530612244897959,0.01838718150774888,0.14349084827378647,94.78354978354979,0.0013113179669030732,0.0105503539620918
3754023,Leicester City,75,85,69,trailing,late,medium,0.041666666666666664,0.025676900142735177,0.041461008881221645,0.12289542112851949,183.28378378378378,0.002714982269503546,0.005456020054560201
3754023,AFC Bournemouth,80,90,40,tied,late,low,0.02295918367346939,0.007653061224489795,0.02680851063829787,0.14239978157908817,107.03952569169961,0.0013113179669030732,0.009342343340349323
3754023,Leicester City,80,90,50,tied,late,low,0.031462585034013606,0.00471399032273592,0.038145193065405834,0.10972700131035312,171.91724137931035,0.0015791223404255318,0.005816752246469833
3753984,Liverpool,0,10,98,trailing,early,high,0.061224489795918366,0.06411868680911643,0.033624848252507826,0.12976291540449986,221.1358858858859,0.002742686170212766,0.004522106378139078
3753984,West Ham United,0,10,27,leading,early,low,0.017857142857142856,0.0,0.007239952718676123,0.11211549771737424,70.25454545454545,0.0014221335697399526,0.014233954451345756
3753984,Liverpool,5,15,58,trailing,early,medium,0.039965986394557826,0.026920241065235193,0.043617021276595745,0.10622730131137452,181.28627450980392,0.0018469267139479906,0.005516137405901186
3753984,West Ham United,5,15,36,leading,early,low,0.02040816326530612,0.0,0.010416666666666666,0.11707310858058198,88.95833333333333,0.0018192228132387705,0.011241217798594848
3753984,Liverpool,10,20,79,trailing,early,medium,0.047619047619047616,0.04371463125303163,0.029950162928886335,0.11945608066425463,200.16729797979798,0.0025856973995271866,0.004995821046157728
3753984,West Ham United,10,20,36,leading,early,low,0.021258503401360544,0.0,0.010100050658561297,0.11481355867768561,86.45833333333333,0.001348256501182033,0.011566265060240964
3753984,Liverpool,15,25,87,trailing,early,high,0.050170068027210885,0.05508605415700441,0.045532234362021584,0.12081860010609505,240.519019019019,0.002530289598108747,0.004157675364212778
3753984,West Ham United,15,25,31,leading,early,low,0.017857142857142856,0.015427604692590285,0.013340087808172913,0.15325912713374015,72.70588235294117,0.00187463061465721,0.013754045307443365
3753984,Liverpool,20,30,44,trailing,early,low,0.026360544217687076,0.0,0.032458247540608554,0.1301371682222942,138.35470085470087,0.0016899379432624112,0.007227799227799227
3753984,West Ham United,20,30,27,leading,early,low,0.015306122448979591,0.019284505865737853,0.014324374766703993,0.15617281541897618,78.4,0.0014775413711583924,0.012755102040816325
3753984,Liverpool,25,35,46,trailing,early,low,0.02976190476190476,0.024101068999028183,0.033487760237931825,0.12037767840766231,140.10221674876848,0.002521054964539007,0.007137645807512108
3753984,Liverpool,30,40,59,trailing,middle,medium,0.034013605442176874,0.03444502066393633,0.021778959810874705,0.1325338551855128,130.81333333333333,0.003333702718676123,0.00764448068494547
3753984,Liverpool,35,45,55,trailing,middle,medium,0.036564625850340135,0.044639846469244154,0.02799552071668533,0.10519745837179559,176.35978835978835,0.0014683067375886522,0.005670226809072363
3753984,West Ham United,35,45,35,leading,middle,low,0.02295918367346939,0.020998684164914554,0.003660489590482727,0.0990607086515598,67.84615384615384,0.002216312056737589,0.014739229024943313
3753984,Liverpool,40,50,106,trailing,middle,high,0.06377551020408163,0.05184013290599442,0.048222453489567274,0.11569166690749608,268.91684284707543,0.002687278368794326,0.0037186216728294277
3753984,West Ham United,40,50,52,leading,middle,medium,0.03486394557823129,0.0629494655004859,0.019261766602192133,0.12231754634201474,131.75076923076924,0.002862736406619385,0.00759008851210911
3753984,Liverpool,45,55,115,trailing,middle,high,0.0663265306122449,0.0390335664988829,0.04720504150860409,0.11555731951449597,276.16279069767444,0.003084367612293144,0.003621052631578947
3753984,West Ham United,45,55,49,leading,middle,low,0.03231292517006803,0.00863297700032394,0.033661078873844834,0.12523501248957053,144.80788530465952,0.002918144208037825,0.006905701287579142
3753984,Liverpool,50,60,63,trailing,middle,medium,0.04081632653061224,0.04396503647608283,0.02575354609929078,0.09445458494329169,178.2942528735632,0.002280954491725768,0.005608705742798938
3753984,West Ham United,50,60,45,leading,middle,low,0.026360544217687076,0.049314874682182486,0.03460612968591692,0.13014423477326814,153.0471794871795,0.0016899379432624112,0.006533932891483102
3753984,Liverpool,55,65,55,trailing,middle,medium,0.039965986394557826,0.049489124573936,0.02851654846335697,0.11037470159574546,161.50537634408602,0.0018469267139479906,0.0061917443408788285
3753984,West Ham United,55,65,35,leading,middle,low,0.022108843537414966,0.08817455058886262,0.011163645915418964,0.11271542994695204,99.26102941176471,0.0022347813238770687,0.010074447201748212
3753984,Liverpool,60,70,46,trailing,late,low,0.030612244897959183,0.02261982231290482,0.02750834376303713,0.11708249267120409,148.15289648622982,0.0020500886524822694,0.006749783660780103
3753984,West Ham United,60,70,58,leading,late,medium,0.036564625850340135,0.02114153235651261,0.04943542366554685,0.11835696773686621,199.35238095238094,0.0019208037825059103,0.005016243072807186
3753984,Liverpool,65,75,49,trailing,late,low,0.03316326530612245,0.026762875698367314,0.03723404255319149,0.13182042678637731,164.78709677419354,0.001542183806146572,0.006068436300994441
3753984,West Ham United,65,75,67,leading,late,medium,0.039965986394557826,0.06041555072338278,0.04740574841358716,0.1176106655216313,234.72251931075462,0.0018469267139479906,0.004260349637250087
3753984,Liverpool,70,80,43,trailing,late,low,0.02976190476190476,0.011693528451916105,0.03182624113475177,0.13589365685309998,137.52380952380952,0.002521054964539007,0.007271468144044321
3753984,West Ham United,70,80,33,leading,late,low,0.02040816326530612,0.0,0.0072144778674492534,0.11398133596822957,80.61904761904762,0.0013667257683215128,0.012404016538688717
3753984,Liverpool,75,85,41,trailing,late,low,0.02806122448979592,0.0,0.04501883865248227,0.1247998246458275,165.7655172413793,0.0016529994089834515,0.006032617740056582
3753984,West Ham United,75,85,25,leading,late,low,0.017006802721088437,0.0,0.0018047112462006077,0.09300162772769378,57.0,0.000988105791962175,0.017543859649122806
3753984,Liverpool,80,90,46,trailing,late,low,0.03231292517006803,0.008570891495883491,0.045335894405043334,0.1227643733194326,188.06854838709677,0.0011081560283687944,0.005317210179884651
3753984,West Ham United,80,90,23,leading,late,low,0.017006802721088437,0.0,0.005577718676122931,0.12092609612167127,60.36363636363637,0.0014406028368794325,0.01656626506024096
3754011,Southampton,0,10,55,tied,early,medium,0.03486394557823129,0.030679735033298454,0.021237484355444303,0.1215014084991895,146.48615384615385,0.00195774231678487,0.006826583767434044
3754011,Manchester United,0,10,79,tied,early,medium,0.0467687074829932,0.03622523223486904,0.019116922773837666,0.1314507144546593,152.40079365079364,0.00396165780141844,0.006561645619060018
3754011,Southampton,5,15,46,tied,early,low,0.02806122448979592,0.025510204081632654,0.02090482727064745,0.13059480676601218,123.8695652173913,0.0012005023640661936,0.008073008073008073
3754011,Manchester United,5,15,73,tied,early,medium,0.036564625850340135,0.05436204824545926,0.02802051671732523,0.1414039297189173,134.7145061728395,0.0028257978723404257,0.007423105561601467
3754011,Southampton,10,20,40,leading,early,low,0.025510204081632654,0.021428571428571425,0.050945626477541375,0.11033905812731239,169.8095238095238,0.0017084072104018911,0.005888951205832866
3754011,Manchester United,10,20,60,trailing,early,medium,0.031462585034013606,0.021599897397061932,0.02095997973657548,0.13728270619748642,121.30666666666667,0.0029366134751773044,0.008243570015387997
3754011,Southampton,15,25,51,leading,early,medium,0.03571428571428571,0.004285445747941746,0.05657846881251137,0.11233071276343241,208.77127127127125,0.00193927304964539,0.004789931075816602
3754011,Manchester United,15,25,58,trailing,early,medium,0.04081632653061224,0.03687811753717587,0.030331813576494428,0.11675708174688897,167.76209677419354,0.0027334515366430256,0.0059608220165845455
3754011,Southampton,20,30,54,leading,early,medium,0.039965986394557826,0.065647712342563,0.050020366110791636,0.12083109127902142,193.35135135135138,0.0022994237588652476,0.005171931786413194
3754011,Manchester United,20,30,59,trailing,early,medium,0.04336734693877551,0.056805669097956535,0.03382179112779864,0.1362543081279617,172.59803921568627,0.002678043735224586,0.005793808577108776
3754011,Southampton,25,35,43,leading,early,low,0.02806122448979592,0.007521936534483082,0.019449817322157746,0.1326152529788051,116.3,0.0016529994089834515,0.008598452278589854
3754011,Manchester United,25,35,78,trailing,early,medium,0.04931972789115646,0.04419917749133624,0.0350177304964539,0.11585273381833346,205.49019607843138,0.0030012559101654846,0.004866412213740458
3754011,Southampton,30,40,28,tied,middle,low,0.017006802721088437,0.049659863945578225,0.021276595744680854,0.17282819521114123,73.33333333333333,0.002345596926713948,0.013636363636363637
3754011,Manchester United,30,40,95,tied,middle,high,0.05442176870748299,0.09273287039699726,0.032755788485607014,0.11971950721887363,204.83689839572193,0.0037954343971631204,0.004881932932162017
3754011,Southampton,35,45,33,tied,middle,low,0.022108843537414966,0.04015428742907644,0.008668242710795903,0.12388381265480518,74.84558823529412,0.0017822842789598108,0.013360840947047843
3754011,Manchester United,35,45,81,tied,middle,high,0.047619047619047616,0.058819793964566644,0.030321919326241134,0.1253784113944951,184.77654569892474,0.0034906914893617015,0.005411942279889797
3754011,Southampton,40,50,55,tied,middle,medium,0.03486394557823129,0.025036541595693983,0.04597264437689969,0.09770788306877921,188.08333333333334,0.0024102393617021272,0.005316792202038103
3754011,Manchester United,40,50,73,tied,middle,medium,0.04931972789115646,0.03704602252692536,0.029633939125295505,0.1217871672705354,189.49735449735448,0.002548758865248227,0.005277118525757365
3754011,Southampton,45,55,56,trailing,middle,medium,0.03316326530612245,0.0,0.0302803634751773,0.1462978224955626,136.9022988505747,0.0019946808510638296,0.007304479241005835
3754011,Manchester United,45,55,60,leading,middle,medium,0.03741496598639456,0.047076965569120874,0.031102245862884164,0.12481848333445772,166.73387096774192,0.0019023345153664304,0.00599758162031439
3754011,Southampton,50,60,42,trailing,middle,low,0.023809523809523808,0.006122065354202493,0.02783687943262411,0.15355005254009005,108.4088888888889,0.0026503398345153664,0.009224335847818956
3754011,Manchester United,50,60,40,leading,middle,low,0.023809523809523808,0.028837964039387404,0.016880910165484635,0.1514502520840987,98.16666666666667,0.0021978427895981084,0.010186757215619693
3754011,Southampton,55,65,50,trailing,middle,low,0.03486394557823129,0.005733722060252673,0.02925966485885134,0.11914978906706587,149.8080459770115,0.0024102393617021272,0.006675208888002272
3754011,Manchester United,55,65,58,leading,middle,medium,0.03571428571428571,0.025959028260242656,0.05449665090622538,0.11633259555668626,216.93939393939394,0.00193927304964539,0.00460958234390278
3754011,Southampton,60,70,41,trailing,late,low,0.030612244897959183,0.047352479369067696,0.044211850835049187,0.12631156196751903,159.73225806451612,0.0020500886524822694,0.006260476200092898
3754011,Manchester United,60,70,99,leading,late,high,0.05102040816326531,0.01906792223507687,0.031170418138503242,0.12818530208472756,204.92773109243697,0.0020593232860520094,0.004879769051602533
3754011,Southampton,65,75,41,trailing,late,low,0.02976190476190476,0.004081632653061224,0.03368794326241135,0.15390369004587773,126.29425287356322,0.0020685579196217494,0.007918016673340857
3754011,Manchester United,65,75,94,leading,late,high,0.05102040816326531,0.027234013487366444,0.04105620878437228,0.13096005890397108,217.02524893314367,0.0020593232860520094,0.004607758797263529
3754011,Southampton,70,80,45,trailing,late,low,0.02976190476190476,0.010010056385857755,0.01843971631205674,0.09343152727511414,123.00388888888888,0.0020685579196217494,0.008129824260298906
3754011,Manchester United,70,80,62,leading,late,medium,0.03826530612244898,0.02036671283707558,0.047749211977935385,0.1274136723941019,201.25238095238095,0.0014313682033096926,0.004968885313394695
3754011,Southampton,75,85,38,trailing,late,low,0.02465986394557823,0.012331670781508262,0.022179537693722093,0.10830860146998528,114.36363636363636,0.001726876477541371,0.008744038155802863
3754011,Manchester United,75,85,51,leading,late,medium,0.03571428571428571,0.041234691928831786,0.023682877406281663,0.16902083167499476,132.52425044091711,0.00193927304964539,0.0075457887644935365
3754011,Southampton,80,90,49,trailing,late,low,0.03231292517006803,0.03071446879926601,0.019843983692767887,0.10532559422729317,135.80833333333334,0.002918144208037825,0.007363318402159907
3754011,Manchester United,80,90,40,leading,late,low,0.02806122448979592,0.02891022193698764,0.04087185130838837,0.13286468129328818,149.9408866995074,0.0021054964539007092,0.00666929496024706
3754010,Newcastle United,0,10,51,tied,early,medium,0.02976190476190476,0.025875845468337964,0.02014829142488717,0.11434064534916516,141.67391304347825,0.0020685579196217494,0.0070584624827374565
3754010,Watford,0,10,54,tied,early,medium,0.036564625850340135,0.026019736818833957,0.03399166009981613,0.12873457452004364,172.13118279569892,0.0010158096926713947,0.005809522619657426
3754010,Newcastle United,5,15,48,trailing,early,low,0.036564625850340135,0.037651852804513365,0.03799392097264438,0.12100950210615,170.24147727272728,0.0014683067375886522,0.00587400917813934
3754010,Watford,5,15,39,leading,early,low,0.027210884353741496,0.0,0.0341016548463357,0.14595583833781103,144.62013295346628,0.002123965721040189,0.006914666579111535
3754010,Newcastle United,10,20,68,trailing,early,medium,0.05272108843537415,0.0148364107547781,0.04018173758865248,0.12231691926993896,208.38290598290598,0.002022384751773049,0.004798858117863237
3754010,Watford,10,20,35,leading,early,low,0.026360544217687076,0.014285714285714285,0.025265957446808512,0.12237479895770431,119.43384615384615,0.002142434988179669,0.008372835943940643
3754010,Newcastle United,15,25,70,trailing,early,medium,0.050170068027210885,0.06024084975718348,0.041354941474946665,0.11555073560090005,219.2660028449502,0.002530289598108747,0.004560670541831015
3754010,Watford,15,25,42,leading,early,low,0.02891156462585034,0.004859390975412855,0.03045473508552357,0.1116873733365305,153.5042735042735,0.0020870271867612297,0.006514476614699332
3754010,Newcastle United,20,30,58,trailing,early,medium,0.0391156462585034,0.05092084364281978,0.016006698187549247,0.12755721781214452,137.02153846153846,0.002770390070921986,0.00729812269828438
3754010,Watford,20,30,47,leading,early,low,0.030612244897959183,0.0018707482993197278,0.035702772404900066,0.11970049188211761,152.06021505376344,0.0015975916075650117,0.00657634213950331
3754010,Newcastle United,25,35,38,trailing,early,low,0.023809523809523808,0.01323291560004885,0.01928191489361702,0.15622186061191826,96.13708513708514,0.002197842789598109,0.010401813187637903
3754010,Watford,25,35,50,leading,early,low,0.03231292517006803,0.011337868480725623,0.05895390070921986,0.11962613279399109,196.92407407407407,0.0011081560283687944,0.005078099286244934
3754010,Newcastle United,30,40,39,trailing,middle,low,0.022108843537414966,0.027787907226282074,0.020574763593380615,0.15187201255581498,95.49285714285715,0.0013297872340425532,0.01047198743361508
3754010,Watford,30,40,47,leading,middle,low,0.030612244897959183,0.006428168621912618,0.04545902285263988,0.10815037530352391,175.78494623655914,0.001145094562647754,0.005688769268412038
3754010,Newcastle United,35,45,64,trailing,middle,medium,0.03826530612244898,0.0371288220402442,0.03669675478186117,0.1166722951392729,167.94507575757575,0.0014313682033096926,0.0059543276007894
3754010,Watford,35,45,35,leading,middle,low,0.025510204081632654,0.008503401360544217,0.02609338061465721,0.12696352762488253,129.6159420289855,0.0012559101654846334,0.007715100352211103
3754010,Newcastle United,40,50,97,trailing,middle,high,0.0663265306122449,0.0926253677111659,0.029025759672490343,0.12224869279921245,240.00375375375376,0.0021793735224586285,0.004166601498349938
3754010,Watford,40,50,40,leading,middle,low,0.027210884353741496,0.0,0.017327530625402966,0.11063332743177898,117.10474308300395,0.0016714686761229313,0.008539363766770737
3754010,Newcastle United,45,55,109,trailing,middle,high,0.06887755102040816,0.07588123928540172,0.03953094777562863,0.11192605402879302,262.5121951219512,0.003481456855791962,0.003809346836383908
3754010,Watford,45,55,48,leading,middle,low,0.03231292517006803,0.017141782991766982,0.025379939209726442,0.11340348182495774,164.31692307692308,0.0015606530732860519,0.006085800423197198
3754010,Newcastle United,50,60,75,trailing,middle,medium,0.04846938775510204,0.05101049559520376,0.034451339637509855,0.1363845267969748,188.44444444444446,0.0025672281323877067,0.005306603773584905
3754010,Watford,50,60,78,leading,middle,medium,0.0467687074829932,0.016110381485306306,0.02993360298463357,0.1386470085602999,187.00226814516128,0.0030566637115839244,0.005347528722078098
3754010,Newcastle United,55,65,51,trailing,middle,medium,0.034013605442176874,0.03262521005921044,0.039933913604126375,0.13371139747346397,175.70250896057348,0.00197621158392435,0.005691438363150486
3754010,Watford,55,65,80,leading,middle,medium,0.045068027210884355,0.016200634242660578,0.03282425316999785,0.13600784723507678,198.46212121212122,0.0035460992907801413,0.005038744894453563
3754010,Newcastle United,60,70,55,trailing,late,medium,0.034013605442176874,0.04019342044633001,0.027258255166628536,0.14100913789214656,149.05820105820106,0.00197621158392435,0.0067087888683799515
3754010,Watford,60,70,42,leading,late,low,0.026360544217687076,0.021427228739708728,0.014042115401453462,0.14399702143737542,101.26315789473684,0.0016899379432624112,0.009875259875259876
3754010,Newcastle United,65,75,59,trailing,late,medium,0.04081632653061224,0.051155625459215204,0.040374228395061725,0.12107587749306835,200.88770053475935,0.0018284574468085107,0.004977905552893574
3754010,Watford,65,75,45,leading,late,low,0.027210884353741496,0.009856525220266015,0.03672745694022289,0.13918724104436717,137.89285714285714,0.0016714686761229313,0.007252007252007252
3754010,Newcastle United,70,80,53,trailing,late,medium,0.03571428571428571,0.026017242966960213,0.03449624530663328,0.12455458067262061,171.4741935483871,0.00193927304964539,0.005831781327012435
3754010,Watford,70,80,40,leading,late,low,0.02806122448979592,0.0,0.025413711583924352,0.1359962902146612,120.2051282051282,0.0021054964539007092,0.008319112627986349
3754010,Newcastle United,75,85,64,trailing,late,medium,0.0391156462585034,0.026286916433471395,0.03857580985240559,0.1141580431142855,205.89886363636364,0.0018653959810874708,0.004856753370752411
3754010,Watford,75,85,28,leading,late,low,0.022108843537414966,0.0,0.0034889041409288495,0.09906256275360757,65.86363636363636,0.0013297872340425532,0.01518288474810214
3754010,Newcastle United,80,90,55,trailing,late,medium,0.031462585034013606,0.026487880781921457,0.04005006257822278,0.11171720846289672,189.064039408867,0.0011266252955082741,0.0052892131318395
3754010,Watford,80,90,22,leading,late,low,0.017006802721088437,0.0,0.001963019250253293,0.0,52.0,0.000988105791962175,0.019230769230769232
3754028,Manchester City,0,10,72,tied,early,medium,0.03741496598639456,0.032548205037245634,0.04100810536980749,0.13575854202997248,182.79545454545453,0.0023548315602836874,0.005470595548924531
3754028,Southampton,0,10,48,tied,early,low,0.02891156462585034,0.017926584865688253,0.03683663487405233,0.14690542228743067,148.73152709359607,0.0016345301418439714,0.006723524053986916
3754028,Manchester City,5,15,29,leading,early,low,0.0195578231292517,0.016197969918042853,0.006751227495908346,0.11791000797955062,80.50909090909092,0.0009326979905437354,0.012420957542908761
3754028,Southampton,5,15,53,trailing,early,medium,0.027210884353741496,0.00934460606165985,0.036774949341438705,0.13156332213914054,143.80731922398587,0.0016714686761229313,0.006953748984378594
3754028,Manchester City,10,20,41,leading,early,low,0.026360544217687076,0.0208194996340498,0.021857422352653463,0.11992333531213008,122.02626811594203,0.002142434988179669,0.008194956835440219
3754028,Southampton,10,20,38,trailing,early,low,0.02040816326530612,0.021428571428571425,0.031205673758865245,0.13676102146345767,108.6403162055336,0.0018192228132387705,0.009204686021974823
3754028,Manchester City,15,25,53,leading,early,medium,0.034013605442176874,0.04703606797268601,0.028816534135683074,0.12206339114828994,151.42610837438423,0.00197621158392435,0.006603881000016266
3754028,Southampton,15,25,53,trailing,early,medium,0.031462585034013606,0.015536931597995822,0.04140592407175636,0.11353160877174082,183.35632183908046,0.0015791223404255318,0.005453861584754262
3754028,Manchester City,20,30,39,leading,early,low,0.023809523809523808,0.04071173460544658,0.007522796352583586,0.09291108517823603,108.20476190476191,0.0012928486997635933,0.009241737446639968
3754028,Southampton,20,30,57,trailing,early,medium,0.03571428571428571,0.015986394557823125,0.04908814589665653,0.11289316063737814,181.127731092437,0.00193927304964539,0.0055209657514544725
3754028,Manchester City,25,35,27,leading,early,low,0.017857142857142856,0.0782312925170068,0.0038930003083564604,0.10393559502558553,57.4,0.0014221335697399526,0.017421602787456445
3754028,Southampton,25,35,49,trailing,early,low,0.031462585034013606,0.014258717144637428,0.02402482269503546,0.12945682424786223,127.56923076923077,0.00203161938534279,0.007838880849011095
3754028,Southampton,30,40,79,trailing,middle,medium,0.045068027210884355,0.020762754609800815,0.03671795845997974,0.13229615973590658,181.83529411764707,0.0021886081560283685,0.005499482401656314
3754028,Southampton,35,45,92,trailing,middle,high,0.04846938775510204,0.027234970989711164,0.04223771643984409,0.12939157356506734,236.70070070070068,0.002114731087470449,0.004224744569997971
3754028,Manchester City,40,50,49,leading,middle,low,0.025510204081632654,0.020765791248133,0.03551818805765271,0.12110139468753045,133.9064039408867,0.002160904255319149,0.0074679027333259766
3754028,Southampton,40,50,73,trailing,middle,medium,0.04591836734693878,0.03342864376058912,0.04343971631205674,0.13162840215550178,213.0085348506401,0.0021701388888888886,0.00469464756753147
3754028,Manchester City,45,55,67,leading,middle,medium,0.036564625850340135,0.029540103792098923,0.03392896719858156,0.1409384499710451,156.28427419354838,0.0019208037825059103,0.006398596436910613
3754028,Southampton,45,55,46,trailing,middle,low,0.03231292517006803,0.015366384039048258,0.02649990415947863,0.09744407446751767,158.30615384615385,0.002465647163120567,0.006316873827733991
3754028,Manchester City,50,60,60,leading,middle,medium,0.03741496598639456,0.05097098454527381,0.042172612651336046,0.12758680573901224,186.6780303030303,0.0019023345153664304,0.005356816752226934
3754028,Southampton,50,60,21,trailing,middle,low,0.015306122448979591,0.0,0.006128584643848288,0.12293072413853483,64.24242424242425,0.0014775413711583924,0.015566037735849055
3754028,Manchester City,55,65,52,leading,middle,medium,0.03316326530612245,0.0045351473922902496,0.038220658888126285,0.11768763951810224,159.0874551971326,0.0019946808510638296,0.006285850752724995
3754028,Southampton,55,65,24,trailing,middle,low,0.01445578231292517,0.02468519794316706,0.004012691302724897,0.1442462887939584,45.09090909090909,0.0019485076832151298,0.022177419354838707
3754028,Manchester City,60,70,35,leading,late,low,0.023809523809523808,0.022448979591836733,0.012958037825059101,0.09007706986542678,114.70588235294117,0.0017453457446808508,0.008717948717948718
3754028,Southampton,60,70,46,trailing,late,low,0.02891156462585034,0.03783712538080878,0.026507092198581557,0.12327123344864827,147.33333333333334,0.0016345301418439714,0.006787330316742081
3754028,Manchester City,65,75,51,leading,late,medium,0.03571428571428571,0.036673964612152485,0.051255132512131395,0.10896831676827419,200.73650793650793,0.00193927304964539,0.004981654858299595
3754028,Southampton,65,75,60,trailing,late,medium,0.03486394557823129,0.019954598827162995,0.02108662613981763,0.13718647069070175,142.494,0.002862736406619385,0.007017839347621654
3754028,Manchester City,70,80,59,leading,late,medium,0.03571428571428571,0.030131850751149485,0.027670320223511714,0.12758701350833884,169.63916256157634,0.00193927304964539,0.005894865223925023
3754028,Southampton,70,80,70,trailing,late,medium,0.04336734693877551,0.06543674851749576,0.024731579984239558,0.15002700003446454,143.4314176245211,0.003130540780141844,0.006971973201978864
3754028,Manchester City,75,85,55,leading,late,medium,0.02976190476190476,0.01678817552463326,0.019030732860520094,0.12541360755595504,111.85733333333333,0.0029735520094562647,0.008939959233785894
3754028,Southampton,75,85,66,trailing,late,medium,0.036564625850340135,0.011367061862832028,0.038906350741457124,0.12504163191935957,166.57607323232324,0.0028257978723404257,0.006003263137349279
3754028,Manchester City,80,90,52,leading,late,medium,0.030612244897959183,0.011247099245322884,0.023872847011144883,0.13410809451182798,120.28153846153846,0.0025025856973995265,0.008313827814230715
3754028,Southampton,80,90,60,trailing,late,medium,0.03571428571428571,0.04664657106705887,0.02326456049860305,0.11913913759560453,150.74074074074073,0.002844267139479905,0.006633906633906634
3753996,Chelsea,0,10,76,tied,early,medium,0.045068027210884355,0.032259271804703525,0.02236736893338896,0.12987220211947365,154.65024630541873,0.0026411052009456264,0.006466203733197426
3753996,Norwich City,0,10,55,tied,early,medium,0.03571428571428571,0.009475218658892127,0.033991894630192504,0.1155412014551794,164.15322580645162,0.0023917700945626477,0.0060918693195775
3753996,Chelsea,5,15,84,tied,early,high,0.047619047619047616,0.015206034648354022,0.02712454896105512,0.11728150442703955,187.30465949820788,0.0021332003546099287,0.005338895480117877
3753996,Norwich City,5,15,30,tied,early,low,0.02040816326530612,0.017006802721088433,0.014627659574468085,0.14915694155584555,85.86601307189542,0.0009142287234042553,0.01164605137963844
3753996,Chelsea,10,20,64,tied,early,medium,0.036564625850340135,0.004309402967526166,0.02923135901859306,0.10374912599907926,173.21379310344827,0.0019208037825059103,0.005773212294951426
3753996,Norwich City,10,20,53,tied,early,medium,0.036564625850340135,0.031902490433627285,0.025740001970055163,0.10876906297153989,153.8189655172414,0.0019208037825059103,0.006501148909936669
3753996,Chelsea,15,25,64,tied,early,medium,0.0391156462585034,0.03171648007177061,0.05522810044086641,0.11122601624043708,212.0795795795796,0.0018653959810874708,0.004715211157917094
3753996,Norwich City,15,25,60,tied,early,medium,0.04251700680272109,0.0331103699599135,0.06048315602836879,0.08900392459174933,236.3653846153846,0.001791518912529551,0.004230737938328858
3753996,Chelsea,20,30,83,tied,early,high,0.047619047619047616,0.06176481278933288,0.030754613212503272,0.13271101003829097,194.4592803030303,0.0021332003546099287,0.005142464779472994
3753996,Norwich City,20,30,31,tied,early,low,0.021258503401360544,0.057823129251700675,0.03493713733075435,0.16975336132407817,121.3896103896104,0.001348256501182033,0.008237937306087514
3753996,Chelsea,25,35,73,tied,early,medium,0.041666666666666664,0.041284248288007815,0.03394055517425456,0.13050493269742228,190.65806451612903,0.002262485224586288,0.005244991878722252
3753996,Norwich City,25,35,47,tied,early,low,0.027210884353741496,0.03514911954682155,0.018372462704817804,0.1246013610881494,113.28571428571429,0.0016714686761229313,0.008827238335435056
3753996,Chelsea,30,40,67,tied,middle,medium,0.04421768707482993,0.025228851024672164,0.03163785460992907,0.14245749064970847,182.33165322580646,0.0022070774231678484,0.005484511231637668
3753996,Norwich City,30,40,46,tied,middle,low,0.026360544217687076,0.01528986142314998,0.02064125295508274,0.11995666830299574,123.17316017316017,0.0016899379432624112,0.008118651811759744
3753996,Chelsea,35,45,56,tied,middle,medium,0.036564625850340135,0.02279325231184262,0.04841410559495665,0.11695731975185618,208.5115864527629,0.0019208037825059103,0.004795896559093823
3753996,Norwich City,35,45,35,tied,middle,low,0.02295918367346939,0.006122448979591836,0.02665906788247214,0.12407399773380749,111.84963768115942,0.001763815011820331,0.00894057433472085
3753996,Chelsea,40,50,55,tied,middle,medium,0.03486394557823129,0.01020408163265306,0.06771132834962622,0.10467108414957166,225.4964964964965,0.0010527482269503546,0.004434658699965819
3753996,Norwich City,40,50,38,tied,middle,low,0.021258503401360544,0.0,0.022234042553191485,0.1489305083589661,92.55072463768116,0.0022532505910165487,0.010804885687441278
3753996,Chelsea,45,55,72,tied,middle,medium,0.045068027210884355,0.04220926465824425,0.04449862096138692,0.11903986652918132,213.25846560846563,0.0026411052009456264,0.004689145620300775
3753996,Norwich City,45,55,37,tied,middle,low,0.02295918367346939,0.02063897241432235,0.009656788247213778,0.09666034468828304,98.79120879120879,0.001763815011820331,0.010122358175750834
3753996,Chelsea,50,60,82,tied,middle,high,0.0467687074829932,0.028965296826455468,0.04255239281835027,0.1130211709025602,218.45420420420422,0.00396165780141844,0.004577618469934463
3753996,Norwich City,50,60,33,tied,middle,low,0.021258503401360544,0.05639240952094893,0.009361702127659575,0.10946957950356108,100.51282051282051,0.001348256501182033,0.009948979591836734
3753996,Chelsea,55,65,75,tied,middle,medium,0.04421768707482993,0.036568078714332694,0.030218095660249914,0.13522999213551334,174.83770161290323,0.0026595744680851063,0.00571959017291382
3753996,Norwich City,55,65,26,tied,middle,low,0.0195578231292517,0.03741496598639455,0.01341350601295097,0.14569087708412215,82.99632352941177,0.001385195035460993,0.012048726467331117
3753996,Chelsea,60,70,49,leading,late,low,0.03571428571428571,0.035643225549722074,0.03045641729581331,0.14239829231320916,142.4516129032258,0.00193927304964539,0.007019927536231885
3753996,Norwich City,60,70,25,trailing,late,low,0.02040816326530612,0.07142857142857142,0.008518347209374036,0.13615572645607607,72.45714285714286,0.0013667257683215128,0.013801261829652998
3753996,Chelsea,65,75,83,leading,late,high,0.0467687074829932,0.033832643479731306,0.03314038381309971,0.12719475065262767,191.25282234105762,0.003509160756501182,0.005228681008517189
3753996,Chelsea,70,80,129,leading,late,high,0.06462585034013606,0.043656200603322134,0.038094047402558034,0.11586887947645444,260.96356275303646,0.0035738031914893617,0.0038319525892829436
3753996,Chelsea,75,85,98,leading,late,high,0.05272108843537415,0.016114168910485845,0.04278313386524822,0.13102903745684782,240.34978632478635,0.002474881796690307,0.004160602825120439
3753996,Norwich City,75,85,34,trailing,late,low,0.023809523809523808,0.0,0.041476697061803444,0.13995972632818188,132.28306878306879,0.002197842789598109,0.007559546427214367
3753996,Chelsea,80,90,41,leading,late,low,0.02891156462585034,0.051571753938221075,0.033924349881796684,0.11885256459826052,147.27513227513228,0.0029920212765957442,0.006790012574097359
3753996,Norwich City,80,90,51,trailing,late,medium,0.036564625850340135,0.041128123842035604,0.03482072498029944,0.11404266820232706,157.88146167557932,0.0023733008274231674,0.006333865859785597
3754025,Chelsea,0,10,67,leading,early,medium,0.041666666666666664,0.0315982366491235,0.02944101015909526,0.12281124787332176,173.9758064516129,0.001809988179669031,0.005747925647800491
3754025,Sunderland,0,10,35,trailing,early,low,0.02295918367346939,0.019284505865737853,0.017394228417706038,0.13404757098541434,115.35263157894737,0.001763815011820331,0.008669069671944153
3754025,Chelsea,5,15,60,leading,early,medium,0.03826530612244898,0.014814565463751851,0.01649654974123059,0.11619599780576532,136.89743589743588,0.002336362293144208,0.007304738715115191
3754025,Sunderland,5,15,33,trailing,early,low,0.02040816326530612,0.0235699516136796,0.005713159968479118,0.10947277996712952,75.88636363636364,0.0013667257683215128,0.01317759808325846
3754025,Chelsea,10,20,99,leading,early,high,0.06462585034013606,0.07126099764618915,0.03854109838152391,0.14154371175116628,253.4077822762033,0.002216312056737589,0.00394620871947036
3754025,Sunderland,10,20,32,trailing,early,low,0.02040816326530612,0.0,0.01897819805621224,0.14433028095849748,97.45714285714286,0.0018192228132387705,0.010260920551158018
3754025,Chelsea,15,25,112,leading,early,high,0.061224489795918366,0.03770647525327123,0.027575143532590336,0.14568205220549796,216.33310924369744,0.002290189125295508,0.004622500936153552
3754025,Sunderland,15,25,45,trailing,early,low,0.02891156462585034,0.023638784437881574,0.02497044917257683,0.15146340757850163,115.0997150997151,0.0020870271867612297,0.008688118811881189
3754025,Chelsea,20,30,85,leading,early,high,0.04591836734693878,0.04596573481519695,0.04618872091576459,0.10871544726341158,220.5049786628734,0.0021701388888888886,0.004535044995645583
3754025,Sunderland,20,30,43,trailing,early,low,0.031462585034013606,0.02517006802721088,0.04075154426904599,0.11001466523548438,154.8258064516129,0.0015791223404255318,0.006458871572631053
3754025,Chelsea,25,35,70,leading,early,medium,0.04591836734693878,0.04899482694535014,0.03824369582348306,0.12740392853221266,198.55,0.0021701388888888886,0.00503651473180559
3754025,Sunderland,25,35,28,trailing,early,low,0.02040816326530612,0.0,0.021276595744680844,0.17057684382052085,87.5,0.0013667257683215128,0.011428571428571429
3754025,Chelsea,30,40,87,leading,middle,high,0.050170068027210885,0.05602502814112432,0.0367573093067014,0.13276592977229443,212.34957983193277,0.002530289598108747,0.004709215816633425
3754025,Sunderland,30,40,29,trailing,middle,low,0.0195578231292517,0.009863945578231292,0.01144422952933591,0.15664844280648962,65.25490196078431,0.0022901891252955085,0.015324519230769232
3754025,Chelsea,35,45,85,leading,middle,high,0.04846938775510204,0.04708527103134068,0.04933044046285927,0.10525824949813105,248.3470839260313,0.0034722222222222216,0.004026622677389053
3754025,Sunderland,35,45,29,trailing,middle,low,0.0195578231292517,0.0,0.016696217494089834,0.14132733994777433,83.9298245614035,0.0018376920803782504,0.011914715719063546
3754025,Chelsea,40,50,65,leading,middle,medium,0.03571428571428571,0.016780045351473923,0.047220483938256154,0.10429938149223594,184.5261437908497,0.00193927304964539,0.0054192862835384745
3754025,Sunderland,40,50,39,trailing,middle,low,0.025510204081632654,0.015873015873015872,0.0053848174415550305,0.11689832023936135,68.34343434343435,0.001708407210401891,0.014631983446644988
3754025,Chelsea,45,55,57,leading,middle,medium,0.031462585034013606,0.03853910882574118,0.02769208037825059,0.12388269224578746,136.48236331569666,0.00203161938534279,0.007326954015933217
3754025,Sunderland,45,55,44,trailing,middle,low,0.031462585034013606,0.03401360544217687,0.040887599398237696,0.1247576200045699,163.33870967741936,0.00203161938534279,0.006122247457292386
3754025,Chelsea,50,60,56,leading,middle,medium,0.03316326530612245,0.04205370037806842,0.01746120262335087,0.13906358005264993,126.84057971014492,0.001542183806146572,0.007883912248628885
3754025,Sunderland,50,60,33,trailing,middle,low,0.023809523809523808,0.01530612244897959,0.024981003039513675,0.1347552048497064,114.51086956521739,0.002197842789598109,0.0087327954437589
3754025,Chelsea,55,65,52,leading,middle,medium,0.030612244897959183,0.024499945807252274,0.03380233356211392,0.10339918611118745,193.22358974358974,0.0020500886524822694,0.005175351525799791
3754025,Sunderland,55,65,29,trailing,middle,low,0.021258503401360544,0.0,0.034869976359338056,0.15000317637567573,113.5,0.001348256501182033,0.00881057268722467
3754025,Chelsea,60,70,54,leading,late,medium,0.02976190476190476,0.028843179364602595,0.014641958361930907,0.11293693395718099,134.8421052631579,0.0016160608747044917,0.00741608118657299
3754025,Sunderland,60,70,35,trailing,late,low,0.02465986394557823,0.017371234207968902,0.02824214792299899,0.12959850457686367,110.12307692307692,0.003084367612293144,0.009080748812517463
3754025,Chelsea,65,75,75,leading,late,medium,0.041666666666666664,0.050118384299001756,0.035663627152988854,0.13417643096642173,203.09185606060606,0.001809988179669031,0.004923880353437624
3754025,Sunderland,65,75,38,trailing,late,low,0.027210884353741496,0.023809523809523808,0.026684397163120564,0.13466246455125933,111.12820512820512,0.002123965721040189,0.00899861559760037
3754025,Chelsea,70,80,64,leading,late,medium,0.041666666666666664,0.04935820692958371,0.01925025329280648,0.11136398610352885,161.98717948717947,0.002262485224586288,0.006173328056984567
3754025,Sunderland,70,80,28,trailing,late,low,0.0195578231292517,0.0,0.016298417894162576,0.1329488184368687,87.28070175438596,0.0018376920803782504,0.011457286432160804
3754025,Chelsea,75,85,36,leading,late,low,0.02465986394557823,0.05166492117114515,0.005220646178092987,0.0,77.5,0.001726876477541371,0.012903225806451613
3754025,Sunderland,75,85,39,trailing,late,low,0.025510204081632654,0.017006802721088433,0.0467231415812976,0.10838057085438253,162.83190883190883,0.0012559101654846334,0.006141302446023025
3754025,Chelsea,80,90,35,leading,late,low,0.0195578231292517,0.013498308265035713,0.015118942080378247,0.1756541342602109,83.58823529411765,0.001385195035460993,0.011963406052076003
3754025,Sunderland,80,90,53,trailing,late,medium,0.03486394557823129,0.015742062517703874,0.03962497313561143,0.12433712602473589,161.92929292929293,0.00195774231678487,0.006175534901129063
3754068,Aston Villa,0,10,37,tied,early,low,0.022108843537414966,0.025650421290404308,0.012050170738113998,0.1248298087027237,89.32553606237816,0.0022347813238770687,0.011195006983240224
3754068,West Bromwich Albion,0,10,49,tied,early,low,0.03231292517006803,0.02355487525986512,0.037031408308004055,0.10819034689268249,179.15172413793104,0.0015606530732860519,0.0055818608769295916
3754068,Aston Villa,5,15,53,tied,early,medium,0.03316326530612245,0.04782760135832771,0.05317763741134752,0.13019768800379644,215.19220430107526,0.0019946808510638296,0.0046470084882856665
3754068,West Bromwich Albion,5,15,50,tied,early,low,0.034013605442176874,0.010856462561452423,0.040593505039193734,0.10718911985966163,186.6008064516129,0.00197621158392435,0.00535903364522333
3754068,Aston Villa,10,20,53,tied,early,medium,0.030612244897959183,0.005142534897530096,0.02863235576001534,0.10158960664619025,166.04415954415956,0.0015975916075650117,0.006022494273483009
3754068,West Bromwich Albion,10,20,73,tied,early,medium,0.045068027210884355,0.025076769586090612,0.04427698975571316,0.11391415316086215,212.19298245614036,0.0017361111111111112,0.004712691194708557
3754068,Aston Villa,15,25,53,tied,early,medium,0.030612244897959183,0.01943164048790241,0.035203614733470605,0.1278504488975078,150.1822660098522,0.0020500886524822694,0.006658575786400761
3754068,West Bromwich Albion,15,25,61,tied,early,medium,0.0391156462585034,0.049538586808354705,0.034097108565193664,0.10774479016714941,167.05347593582889,0.003675384160756501,0.005986107109702615
3754068,Aston Villa,20,30,76,tied,early,medium,0.045068027210884355,0.02963853541784607,0.04437426122931441,0.11799187334285507,228.5927177177177,0.0017361111111111112,0.004374592550384173
3754068,West Bromwich Albion,20,30,36,tied,early,low,0.025510204081632654,0.017937651487813306,0.02728208647906657,0.11610081275046699,119.87692307692308,0.0026134013002364065,0.008341889117043122
3754068,Aston Villa,25,35,67,tied,early,medium,0.04421768707482993,0.03443636043253479,0.0565214010202812,0.12107906358994647,246.09909909909908,0.0017545803782505912,0.004063403741260021
3754068,West Bromwich Albion,25,35,26,tied,early,low,0.01445578231292517,0.0,0.0021054964539007092,0.10996970729108357,50.785714285714285,0.0010435135933806149,0.01969057665260197
3754068,Aston Villa,30,40,37,tied,middle,low,0.023809523809523808,0.0,0.026962582538517972,0.11674680225726478,134.07792207792207,0.0012928486997635933,0.007458349476946921
3754068,West Bromwich Albion,30,40,40,tied,middle,low,0.026360544217687076,0.027210884353741496,0.011053856382978722,0.1104327500081889,98.43859649122807,0.0016899379432624112,0.010158617002316878
3754068,Aston Villa,35,45,36,trailing,middle,low,0.02465986394557823,0.058930603246475685,0.025773460787336826,0.14158801570120366,104.09486166007905,0.001726876477541371,0.009606622114216283
3754068,West Bromwich Albion,35,45,50,leading,middle,low,0.03231292517006803,0.016284693842178635,0.0368950771798081,0.1254005404617825,156.98924731182797,0.00201315011820331,0.00636986301369863
3754068,Aston Villa,40,50,60,trailing,middle,medium,0.04081632653061224,0.05426120589063252,0.040267348073981364,0.12715731613215303,185.3903743315508,0.0027334515366430256,0.005394023306795893
3754068,West Bromwich Albion,40,50,46,leading,middle,low,0.025510204081632654,0.02153636439135238,0.017180239667400343,0.12067684009437121,103.05483405483406,0.002613401300236406,0.009703571978660543
3754068,Aston Villa,45,55,72,trailing,middle,medium,0.04421768707482993,0.015612823303045744,0.03795726017170586,0.12403388969071666,199.26349206349207,0.0022070774231678484,0.005018480754524599
3754068,West Bromwich Albion,45,55,31,leading,middle,low,0.02040816326530612,0.006802721088435374,0.01524140752864157,0.11611336526322685,94.77124183006536,0.0013667257683215128,0.010551724137931035
3754068,Aston Villa,50,60,51,trailing,middle,medium,0.02976190476190476,0.0,0.04698581560283688,0.11524655108454303,172.06149193548387,0.0016160608747044917,0.005811875677417465
3754068,West Bromwich Albion,50,60,25,leading,middle,low,0.01870748299319728,0.018427416716149506,0.00944341658957755,0.1481618709814523,68.7125,0.0018561613475177306,0.014553392759687101
3754068,Aston Villa,55,65,30,trailing,middle,low,0.02040816326530612,0.0,0.024379432624113476,0.13755477438986435,108.80952380952381,0.0018192228132387705,0.009190371991247264
3754068,West Bromwich Albion,55,65,28,leading,middle,low,0.021258503401360544,0.023944504080202357,0.009846757852077002,0.11697740102386225,84.11764705882354,0.0018007535460992908,0.011888111888111888
3754068,Aston Villa,60,70,60,trailing,late,medium,0.03741496598639456,0.02821036856797373,0.03265366430260047,0.09908771715797242,171.2978494623656,0.0028073286052009453,0.005837784905873564
3754068,Aston Villa,65,75,53,trailing,late,medium,0.03571428571428571,0.0245397680178043,0.030437352245862883,0.0971191414350369,175.9808429118774,0.0023917700945626477,0.005682436698526049
3754068,Aston Villa,70,80,34,trailing,late,low,0.02465986394557823,0.0214960615639107,0.008178906428734842,0.10566462808221587,93.91176470588235,0.001726876477541371,0.010648293141246478
3754068,Aston Villa,75,85,38,trailing,late,low,0.02806122448979592,0.009920463585940205,0.029809397163120567,0.1324421893502939,138.9031339031339,0.0021054964539007092,0.007199261614193417
3754068,West Bromwich Albion,75,85,37,leading,late,low,0.023809523809523808,0.03183563496776143,0.01235224586288416,0.11783376878210182,89.41052631578947,0.0026503398345153664,0.0111843654344243
3754068,Aston Villa,80,90,59,trailing,late,medium,0.03741496598639456,0.03689172329705509,0.05004318967084925,0.08823695646638938,225.34789915966385,0.0019023345153664304,0.004437582971614385
3754068,West Bromwich Albion,80,90,42,leading,late,low,0.025510204081632654,0.027210884353741496,0.015015514184397163,0.109391519466873,120.37894736842105,0.0012559101654846334,0.008307100384749912
3754056,Everton,0,10,56,tied,early,medium,0.03231292517006803,0.03190159294466122,0.02896219400594829,0.12681509667458812,137.68678160919544,0.003370641252955083,0.00726286131691537
3754056,Stoke City,0,10,65,tied,early,medium,0.04421768707482993,0.02762738474062946,0.031522083837859656,0.12101025807832867,178.77936507936508,0.0022070774231678484,0.00559348669549236
3754056,Everton,5,15,58,tied,early,medium,0.034013605442176874,0.04354053098169706,0.021007951859015685,0.11632467390972452,142.52307692307693,0.003333702718676123,0.007016407599309153
3754056,Stoke City,5,15,61,tied,early,medium,0.04336734693877551,0.019047619047619046,0.03952423167848699,0.13451000913364483,187.84391534391534,0.0022255466903073283,0.005323568762763186
3754056,Everton,10,20,67,trailing,early,medium,0.041666666666666664,0.0337630086719199,0.033626379038613076,0.1367079541850863,175.82620320855614,0.001809988179669031,0.0056874344196231694
3754056,Stoke City,10,20,66,leading,early,medium,0.045068027210884355,0.044249785633112715,0.049143803658081374,0.11535840015905188,229.06116642958747,0.0021886081560283685,0.004365646152890766
3754056,Everton,15,25,72,trailing,early,medium,0.04421768707482993,0.046122452809985774,0.03830936432886787,0.12007711317782636,212.57575757575756,0.0026595744680851063,0.004704205274411974
3754056,Stoke City,15,25,47,leading,early,low,0.034013605442176874,0.02105401896204867,0.04005480335267569,0.1405291033197495,160.08333333333334,0.001523714539007092,0.006246746486205101
3754056,Everton,20,30,73,tied,early,medium,0.04421768707482993,0.028014301442488676,0.039589665653495434,0.1328094583350023,201.27731092436974,0.0022070774231678484,0.004968269873079492
3754056,Stoke City,20,30,40,tied,early,low,0.02976190476190476,0.012387298587827498,0.0324868451155342,0.1138396684693342,165.02,0.0020685579196217494,0.006059871530723548
3754056,Everton,25,35,59,tied,early,medium,0.031462585034013606,0.013901178896922748,0.023239614994934144,0.13071276181413408,144.24818840579712,0.002936613475177305,0.006932496075353217
3754056,Stoke City,25,35,69,tied,early,medium,0.0467687074829932,0.037894063378242096,0.01847090885211453,0.11966993711138214,155.30541871921181,0.0026041666666666665,0.00643892536555968
3754056,Everton,30,40,52,tied,middle,medium,0.03571428571428571,0.04074602784859327,0.030141843971631208,0.1191465947952662,159.94252873563218,0.00193927304964539,0.0062522457779374775
3754056,Stoke City,30,40,78,tied,middle,medium,0.0467687074829932,0.020149989045161257,0.028169126573381893,0.12380707035980551,179.57070707070707,0.0030566637115839244,0.005568837013078329
3754056,Everton,35,45,47,tied,middle,low,0.03231292517006803,0.01802721088435374,0.0453739522888459,0.12237770855504364,164.11647727272728,0.0015606530732860519,0.006093233395073482
3754056,Stoke City,35,45,72,tied,middle,medium,0.045068027210884355,0.017655454945855333,0.039415360209033225,0.12639972474814065,186.6230440967283,0.0021886081560283685,0.005358395073020519
3754056,Everton,40,50,62,trailing,middle,medium,0.03826530612244898,0.017180348365737615,0.042794264028866484,0.1129003523661395,197.72727272727272,0.0018838652482269503,0.005057471264367817
3754056,Stoke City,40,50,77,leading,middle,medium,0.041666666666666664,0.025917200806210725,0.039019756838905774,0.1325612724444272,183.11960784313726,0.002262485224586288,0.005460911651015622
3754056,Everton,45,55,78,trailing,middle,medium,0.04846938775510204,0.049593233091472004,0.032971335697399524,0.11538026784040425,198.06084656084656,0.0025672281323877067,0.0050489534775001
3754056,Stoke City,45,55,63,leading,middle,medium,0.03826530612244898,0.03186038304449157,0.03115501519756839,0.12029233856526812,158.36079545454547,0.002336362293144208,0.0063146942216959975
3754056,Everton,50,60,70,trailing,middle,medium,0.04081632653061224,0.0606017983951296,0.03132387706855792,0.12656666010264372,183.17318007662834,0.0027334515366430256,0.005459314510899804
3754056,Stoke City,50,60,57,leading,middle,medium,0.03571428571428571,0.03831795436090354,0.027925531914893616,0.1291751709005765,165.34482758620695,0.0014867760047281324,0.006047966631908236
3754056,Everton,55,65,83,trailing,middle,high,0.05102040816326531,0.04122152915520083,0.02271719858156028,0.12549528035780463,197.61494252873564,0.0029643173758865248,0.005060346081140032
3754056,Stoke City,55,65,44,leading,middle,low,0.02891156462585034,0.041763402527319624,0.01826241134751773,0.12325765225384981,118.40579710144928,0.0016345301418439714,0.008445532435740514
3754056,Everton,60,70,70,tied,late,medium,0.04846938775510204,0.03706451714037305,0.04246670126275731,0.10575411964412075,237.01576576576576,0.002114731087470449,0.004219128616905022
3754056,Stoke City,60,70,39,tied,late,low,0.02891156462585034,0.03615450101423116,0.03368794326241135,0.12471203465891116,134.9814814814815,0.0025395242316784868,0.007408423652078474
3754056,Everton,65,75,58,leading,late,medium,0.041666666666666664,0.037651852804513365,0.04812721631205673,0.1084669850692858,232.75714285714287,0.0013574911347517728,0.0042963235745412135
3754056,Stoke City,65,75,47,trailing,late,low,0.034013605442176874,0.05015260888814371,0.027973024316109426,0.13538060457525974,138.3042328042328,0.002881205673758865,0.007230436695422636
3754056,Everton,70,80,50,leading,late,low,0.031462585034013606,0.025776398868857634,0.02694402228976697,0.13085559922259413,141.83076923076922,0.002484116430260047,0.0070506562533897395
3754056,Stoke City,70,80,48,trailing,late,low,0.03231292517006803,0.014186137443231148,0.03907635195035461,0.1360620373497605,156.88004032258064,0.002465647163120567,0.00637429718875502
3754056,Everton,75,85,44,tied,late,low,0.026360544217687076,0.006122448979591836,0.020896656534954403,0.15153667456915576,112.1965579710145,0.002142434988179669,0.008912929398942396
3754056,Stoke City,75,85,32,tied,late,low,0.02295918367346939,0.026488775474831694,0.025614235055724417,0.13048301027275547,119.72529644268775,0.001763815011820331,0.008352453739621334
3754056,Everton,80,90,47,tied,late,low,0.030612244897959183,0.01730954355100515,0.028420942845223198,0.10350431289602124,162.62535612535612,0.0015975916075650117,0.006149102598915586
3754056,Stoke City,80,90,31,tied,late,low,0.021258503401360544,0.0,0.017346335697399528,0.11593858877299631,107.60526315789474,0.001348256501182033,0.009293225727561751
3754040,Liverpool,0,10,55,tied,early,medium,0.03741496598639456,0.01564625850340136,0.03359929078014185,0.12580643998808677,157.28977272727272,0.0019023345153664304,0.006357692446627895
3754040,Norwich City,0,10,58,tied,early,medium,0.036564625850340135,0.06051510678661328,0.03501296423396629,0.12822145414926414,170.95566502463055,0.0023733008274231674,0.0058494698017519595
3754040,Liverpool,5,15,45,tied,early,low,0.030612244897959183,0.03135258678417671,0.020207551105548602,0.0,134.66123188405797,0.0015975916075650117,0.007426042269247844
3754040,Norwich City,5,15,55,tied,early,medium,0.03316326530612245,0.04039791140432237,0.03320556946182728,0.09247575004784726,185.3599240265907,0.001542183806146572,0.00539490941880482
3754040,Liverpool,10,20,52,tied,early,medium,0.0391156462585034,0.019704946881728594,0.026272796352583585,0.12196514592653551,154.9749103942652,0.0018653959810874708,0.006452657384707897
3754040,Norwich City,10,20,67,tied,early,medium,0.041666666666666664,0.022533339720352222,0.06007372153788727,0.10382097911296728,252.02702702702703,0.002262485224586288,0.003967828418230563
3754040,Liverpool,15,25,88,tied,early,high,0.058673469387755105,0.07318317385799675,0.049317238440815876,0.11735562459931649,254.11664820967147,0.002345596926713948,0.00393520065310676
3754040,Norwich City,15,25,63,tied,early,medium,0.03826530612244898,0.028908608934411134,0.039209726443769,0.12763407019841103,198.86363636363637,0.002336362293144208,0.005028571428571428
3754040,Liverpool,20,30,89,tied,early,high,0.055272108843537414,0.07707245324128222,0.03374292154598933,0.11987900857160745,215.02062588904695,0.0019669769503546097,0.0046507166271388825
3754040,Norwich City,20,30,59,tied,early,medium,0.030612244897959183,0.022378507730322548,0.05689487531457332,0.1164717232579245,226.07311827956988,0.0020500886524822694,0.004423347665613942
3754040,Liverpool,25,35,80,tied,early,medium,0.05187074829931973,0.039731362797796196,0.042314511729405334,0.11946895556817769,220.97031039136303,0.0024933510638297874,0.0045254948424016265
3754040,Norwich City,25,35,50,tied,early,low,0.031462585034013606,0.039115646258503396,0.02616514690982776,0.09505881726196268,204.8181818181818,0.0015791223404255318,0.004882379050155349
3754040,Liverpool,30,40,89,tied,middle,high,0.04931972789115646,0.05998900542627157,0.027418375822631146,0.1354824989393097,193.84469696969697,0.0030012559101654846,0.0051587689301416705
3754040,Norwich City,30,40,43,tied,middle,low,0.02891156462585034,0.006802721088435374,0.03946378680421234,0.1148353789022989,157.02216748768473,0.001182033096926714,0.00636852755250898
3754040,Liverpool,35,45,80,tied,middle,medium,0.0467687074829932,0.04051331936637528,0.03784475965327029,0.10604870825306459,208.31152204836414,0.0026041666666666665,0.00480050258462337
3754040,Norwich City,35,45,56,tied,middle,medium,0.034013605442176874,0.022032577464759912,0.028091195644387133,0.12112591725102413,158.0886699507389,0.002428708628841607,0.006325564003489967
3754040,Liverpool,40,50,74,tied,middle,medium,0.047619047619047616,0.04478949146536123,0.030026036674972847,0.13271808653612976,180.78011204481794,0.0030381944444444445,0.005531581923967864
3754040,Norwich City,40,50,64,tied,middle,medium,0.03741496598639456,0.026449747422997095,0.03689823769611004,0.12609914482507947,168.50757575757575,0.0028073286052009453,0.005934451288045678
3754040,Liverpool,45,55,64,leading,middle,medium,0.039965986394557826,0.04654966824387171,0.03900709219858156,0.10545241469414277,196.10714285714286,0.003204417848699764,0.00509925332362047
3754040,Norwich City,45,55,56,trailing,middle,medium,0.03486394557823129,0.02460520049287546,0.033244680851063836,0.10899985895650792,172.367816091954,0.001505245271867612,0.005801547079221126
3754040,Liverpool,50,60,67,leading,middle,medium,0.03826530612244898,0.038387879094399516,0.06713720676486633,0.10113190131758318,241.4179037336932,0.0014313682033096926,0.004142194860175303
3754040,Norwich City,50,60,41,trailing,middle,low,0.02976190476190476,0.006122448979591836,0.029535274356103026,0.09856815682237335,148.69950738916256,0.0016160608747044917,0.006724971841250911
3754040,Liverpool,55,65,78,tied,middle,medium,0.04421768707482993,0.0460136280529956,0.03950226822567248,0.11948577024176699,223.37591036414565,0.0022070774231678484,0.004476758475745249
3754040,Norwich City,55,65,32,tied,middle,low,0.02465986394557823,0.0,0.015903718031377603,0.0,143.79166666666666,0.0012743794326241136,0.006954505940307157
3754040,Liverpool,60,70,62,tied,late,medium,0.03826530612244898,0.024970656225439824,0.03551965999165624,0.1288412683138627,168.60147849462365,0.0018838652482269503,0.005931146090346342
3754040,Norwich City,60,70,33,tied,late,low,0.017857142857142856,0.01943756390165142,0.017972275950999355,0.14781365154970502,86.43137254901961,0.00187463061465721,0.011569872958257713
3754040,Liverpool,65,75,47,tied,late,low,0.02891156462585034,0.027236985281968742,0.034085350941550505,0.1583816197195969,136.30541871921181,0.0020870271867612297,0.007336465486086014
3754040,Norwich City,65,75,38,tied,late,low,0.017857142857142856,0.016721299315440745,0.00400709219858156,0.11614339477278593,62.59469696969697,0.00187463061465721,0.015975794251134646
3754040,Liverpool,70,80,48,tied,late,low,0.03316326530612245,0.01292517006802721,0.04214904046725073,0.11962589651528205,170.96370967741936,0.0019946808510638296,0.005849194556475389
3754040,Norwich City,70,80,39,tied,late,low,0.022108843537414966,0.019284505865737853,0.006678486997635933,0.11126510157496775,79.2,0.0013297872340425532,0.012626262626262626
3754040,Liverpool,75,85,57,tied,late,medium,0.03486394557823129,0.0,0.05254456584243818,0.1096600430559651,200.85434173669466,0.001505245271867612,0.004978732305975874
3754040,Norwich City,75,85,36,tied,late,low,0.02465986394557823,0.02108843537414966,0.016752262166788944,0.1131031926962053,104.4,0.001726876477541371,0.009578544061302681
3754040,Liverpool,80,90,53,tied,late,medium,0.02976190476190476,0.0,0.02675219023779725,0.12791352115928273,152.58262108262107,0.001163563829787234,0.006553826332938112
3754040,Norwich City,80,90,35,tied,late,low,0.022108843537414966,0.005442176870748299,0.015497767270816917,0.13226985362215526,93.93157894736842,0.0017822842789598108,0.010646046954670252
3754074,Swansea City,0,10,38,tied,early,low,0.023809523809523808,0.03901981738016572,0.015177304964539007,0.13894902591574498,99.50980392156863,0.0021978427895981084,0.010049261083743842
3754074,Tottenham Hotspur,0,10,98,tied,early,high,0.0663265306122449,0.034585674634317665,0.0324955002149151,0.11086998021690973,242.2,0.0021793735224586285,0.004128819157720892
3754074,Swansea City,5,15,51,tied,early,medium,0.03826530612244898,0.029523917561450192,0.03624322069253233,0.13517454652378366,157.22816399286987,0.0027888593380614654,0.00636018366305765
3754074,Tottenham Hotspur,5,15,76,tied,early,medium,0.05187074829931973,0.06166741079885803,0.03793904086457278,0.10592993389488921,216.47795163584638,0.0020408540189125295,0.004619408084949797
3754074,Swansea City,10,20,46,leading,early,low,0.034013605442176874,0.02769679300291545,0.03310616134751773,0.129210853774697,150.95862068965516,0.002428708628841607,0.006624331856183471
3754074,Tottenham Hotspur,10,20,68,trailing,early,medium,0.04336734693877551,0.039174453858721085,0.014519754280392578,0.12149694440705912,138.05333333333334,0.002678043735224586,0.007243577361406219
3754074,Swansea City,15,25,41,leading,early,low,0.02891156462585034,0.011496706677096452,0.01743498817966903,0.13898731654570087,102.32608695652173,0.0029920212765957442,0.009772678988740175
3754074,Tottenham Hotspur,15,25,58,trailing,early,medium,0.039965986394557826,0.028735043259153152,0.04107103280141844,0.12432357305396882,185.02620967741936,0.004109411938534278,0.005404639708846829
3754074,Swansea City,20,30,55,leading,early,medium,0.03826530612244898,0.027035712964853003,0.028197953605200946,0.13149248197576863,153.13908045977016,0.0023363622931442075,0.006530011784044252
3754074,Tottenham Hotspur,20,30,36,trailing,early,low,0.02465986394557823,0.0,0.03454491725768321,0.13052665185097287,140.7876923076923,0.001726876477541371,0.007102893609581257
3754074,Swansea City,25,35,40,tied,early,low,0.030612244897959183,0.0429907804389587,0.014893617021276596,0.1032708903428018,127.97402597402598,0.0015975916075650117,0.00781408565049726
3754074,Tottenham Hotspur,25,35,29,tied,early,low,0.021258503401360544,0.006802721088435374,0.012840311141615192,0.1016601921396197,102.29411764705883,0.0008957594562647755,0.009775733179988498
3754074,Swansea City,30,40,32,tied,middle,low,0.025510204081632654,0.02999812023559222,0.03094525709219858,0.12369822006581074,147.57333333333332,0.0017084072104018911,0.006776292013010481
3754074,Tottenham Hotspur,30,40,38,tied,middle,low,0.026360544217687076,0.01020408163265306,0.017675088652482268,0.11807148272596912,117.28571428571429,0.0016899379432624112,0.008526187576126675
3754074,Swansea City,35,45,35,tied,middle,low,0.02465986394557823,0.023019924795274732,0.04018912529550828,0.12609282123084156,153.76,0.001726876477541371,0.006503642039542144
3754074,Tottenham Hotspur,35,45,62,tied,middle,medium,0.041666666666666664,0.025076635621192535,0.03442865808137365,0.10213762372948218,186.90106951871658,0.002262485224586288,0.005350424171328021
3754074,Swansea City,40,50,51,tied,middle,medium,0.03571428571428571,0.023742811087597626,0.039325687056737585,0.1257121731126713,163.30645161290323,0.0023917700945626477,0.0061234567901234565
3754074,Tottenham Hotspur,40,50,86,tied,middle,high,0.05782312925170068,0.022589075213441875,0.04429468249849672,0.11811999600716248,256.4176829268293,0.0019115691489361697,0.0038998870459544615
3754074,Swansea City,45,55,69,tied,middle,medium,0.047619047619047616,0.048104956268221574,0.04573190211488084,0.11612894796465381,219.22447447447448,0.0021332003546099287,0.0045615344837623755
3754074,Tottenham Hotspur,45,55,72,tied,middle,medium,0.05102040816326531,0.033174965389286236,0.049091312056737585,0.11142087361430437,243.50897435897437,0.0020593232860520094,0.004106624828232519
3754074,Swansea City,50,60,59,tied,middle,medium,0.0391156462585034,0.03455696923966275,0.03565492021276596,0.1174513192165181,173.10618279569894,0.002317893026004728,0.005776801173995077
3754074,Tottenham Hotspur,50,60,47,tied,middle,low,0.030612244897959183,0.0031426602151572803,0.016778785982478096,0.10123947744254316,121.6304347826087,0.0015975916075650117,0.008221626452189455
3754074,Swansea City,55,65,44,tied,middle,low,0.02891156462585034,0.0412729499272571,0.05195035460992909,0.14440109254224212,184.82758620689654,0.0020870271867612297,0.00541044776119403
3754074,Tottenham Hotspur,55,65,42,tied,middle,low,0.027210884353741496,0.025298970628786853,0.014960106382978724,0.10623445635952583,124.82631578947368,0.0016714686761229313,0.008011131256061054
3754074,Swansea City,60,70,55,trailing,late,medium,0.034013605442176874,0.026077097505668938,0.035042356185973206,0.12398867424050836,202.48015873015873,0.0010712174940898345,0.00493875551200392
3754074,Tottenham Hotspur,60,70,55,leading,late,medium,0.03316326530612245,0.039536556176503646,0.004998311381290105,0.0970021173036693,98.4,0.002899674940898345,0.01016260162601626
3754074,Swansea City,65,75,60,trailing,late,medium,0.036564625850340135,0.019897787848978755,0.02093763037129745,0.12318476656808265,140.28964862298196,0.0019208037825059103,0.007128109663225588
3754074,Tottenham Hotspur,65,75,59,leading,late,medium,0.03571428571428571,0.0446943250490694,0.0105664174813111,0.09351168403852728,147.33333333333334,0.0014867760047281324,0.006787330316742081
3754074,Swansea City,70,80,51,trailing,late,medium,0.02976190476190476,0.026903822022558012,0.03613260262196432,0.120435161893233,148.4,0.0020685579196217494,0.0067385444743935305
3754074,Tottenham Hotspur,70,80,36,leading,late,low,0.021258503401360544,0.018542046865634074,0.027909114788547414,0.11988041306566734,126.17604617604619,0.0018007535460992908,0.007925434583714546
3754074,Swansea City,75,85,48,trailing,late,low,0.030612244897959183,0.019284505865737853,0.026041666666666664,0.13959410204862283,128.47619047619048,0.0015975916075650117,0.0077835433654558925
3754074,Tottenham Hotspur,75,85,21,leading,late,low,0.015306122448979591,0.023809523809523808,0.0010021584952204748,0.08434676555874716,35.46666666666667,0.0014775413711583924,0.02819548872180451
3754074,Swansea City,80,90,32,trailing,late,low,0.02295918367346939,0.0,0.023936170212765957,0.13409565605266333,117.53359683794466,0.0013113179669030732,0.008508205542103848
3754074,Tottenham Hotspur,80,90,48,leading,late,low,0.031462585034013606,0.016326530612244896,0.0368050789293068,0.14106405485972406,146.7741935483871,0.00203161938534279,0.006813186813186813
3754076,Sunderland,0,10,51,tied,early,medium,0.03316326530612245,0.017464111456512145,0.037037037037037035,0.108236585226891,177.9799283154122,0.0019946808510638296,0.005618611095447918
3754076,West Ham United,0,10,46,tied,early,low,0.026360544217687076,0.0088345787450189,0.03793714844705306,0.11586995932779652,161.37037037037038,0.0016899379432624112,0.006196924489327518
3754076,Sunderland,5,15,61,leading,early,medium,0.036564625850340135,0.03376375673194535,0.04126139817629179,0.12939431504686194,184.1502525252525,0.0019208037825059103,0.005430348241650497
3754076,West Ham United,5,15,40,trailing,early,low,0.026360544217687076,0.033910356205873904,0.017151300236406618,0.1490284129757127,96.62337662337663,0.002142434988179669,0.010349462365591398
3754076,Sunderland,10,20,86,leading,early,high,0.05187074829931973,0.04967703897369453,0.02755204229051747,0.12677037453784532,190.33155080213905,0.002945848108747045,0.005253989660597887
3754076,West Ham United,10,20,44,trailing,early,low,0.03231292517006803,0.021002152780390155,0.02525252525252525,0.11963035257691722,152.55692307692308,0.00201315011820331,0.006554930316048486
3754076,Sunderland,15,25,69,leading,early,medium,0.04251700680272109,0.06119202550964668,0.035465338617716585,0.12702938094093738,180.5133689839572,0.002696513002364066,0.005539755895248253
3754076,West Ham United,15,25,34,trailing,early,low,0.02465986394557823,0.026984126984126982,0.02396900446545836,0.11372323968060037,121.08563899868248,0.001726876477541371,0.008258617688022284
3754076,Sunderland,20,30,46,leading,early,low,0.02891156462585034,0.0561953959334346,0.0421252139887503,0.11113627424348231,174.35897435897436,0.0029920212765957447,0.005735294117647059
3754076,West Ham United,20,30,41,trailing,early,low,0.030612244897959183,0.015715868741016426,0.01627406281661601,0.13672810286002413,106.68478260869566,0.0025025856973995265,0.009373408048904738
3754076,Sunderland,25,35,48,leading,early,low,0.02976190476190476,0.023427103422081545,0.03520981087470449,0.12627462380020413,164.82905982905982,0.0020685579196217494,0.006066891366346902
3754076,West Ham United,25,35,56,trailing,early,medium,0.0391156462585034,0.03101582269586331,0.02211386918833727,0.13393830957749592,144.64655172413794,0.002317893026004728,0.006913403659336075
3754076,Sunderland,30,40,43,leading,middle,low,0.022108843537414966,0.005356807184927182,0.01675531914893617,0.15845228061489286,93.34285714285714,0.0022347813238770687,0.010713192531374349
3754076,West Ham United,30,40,62,trailing,middle,medium,0.041666666666666664,0.04646010048761793,0.03314547450185748,0.12148115260684562,176.97916666666666,0.0027149822695035457,0.005650382577987051
3754076,Sunderland,35,45,43,leading,middle,low,0.02295918367346939,0.039106789949771334,0.012411347517730497,0.14129546277527702,85.33040935672514,0.002216312056737589,0.011719151560840215
3754076,West Ham United,35,45,55,trailing,middle,medium,0.039965986394557826,0.020505344995140912,0.03661019175203572,0.124874426326119,175.49019607843138,0.002751920803782506,0.005698324022346368
3754076,Sunderland,40,50,55,leading,middle,medium,0.03741496598639456,0.02637764509718029,0.020738348530901722,0.1621245724789535,126.28571428571429,0.0023548315602836874,0.007918552036199095
3754076,West Ham United,40,50,68,trailing,middle,medium,0.045068027210884355,0.02585861346722265,0.056229458571181445,0.1201098896461121,232.60121951219512,0.0017361111111111112,0.004299203598747988
3754076,Sunderland,45,55,56,leading,middle,medium,0.0391156462585034,0.013411078717201166,0.05207166853303471,0.11457345539724227,193.2972972972973,0.002317893026004728,0.00517337807606264
3754076,West Ham United,45,55,60,trailing,middle,medium,0.03826530612244898,0.03338935471885041,0.043255023640661944,0.12107882140091039,169.6031746031746,0.002336362293144208,0.005896116050538138
3754076,Sunderland,50,60,33,leading,middle,low,0.0195578231292517,0.022108843537414963,0.008421985815602837,0.0881915496462149,104.0,0.001385195035460993,0.009615384615384616
3754076,West Ham United,50,60,42,trailing,middle,low,0.02976190476190476,0.021428571428571425,0.03415727993324989,0.11871883434882069,145.064039408867,0.0020685579196217494,0.006893507199130671
3754076,Sunderland,55,65,26,tied,middle,low,0.015306122448979591,0.0,0.007092198581560283,0.13270687187425706,56.51282051282051,0.0014775413711583924,0.0176950998185118
3754076,West Ham United,55,65,63,tied,middle,medium,0.03486394557823129,0.01172558538048664,0.027039007092198582,0.11737471935259017,154.36206896551727,0.00195774231678487,0.006478275438400535
3754076,Sunderland,60,70,27,tied,late,low,0.017857142857142856,0.0,0.006369845022327292,0.09745938672817431,68.0,0.0014221335697399526,0.014705882352941176
3754076,West Ham United,60,70,77,tied,late,medium,0.047619047619047616,0.03795646926578899,0.035402668906308325,0.12314840768145284,221.0115864527629,0.0016807033096926714,0.004524649662264341
3754076,Sunderland,65,75,38,tied,late,low,0.026360544217687076,0.021428571428571425,0.00803413120567376,0.09237046303742186,100.3956043956044,0.0016899379432624112,0.009960595446584938
3754076,West Ham United,65,75,51,tied,late,medium,0.03486394557823129,0.030424155582982223,0.025529144503546097,0.11191026364357314,158.95156695156695,0.0024102393617021272,0.00629122454832234
3754076,Sunderland,70,80,40,tied,late,low,0.027210884353741496,0.006122448979591836,0.008809840425531915,0.11280641117157492,92.88888888888889,0.0016714686761229313,0.01076555023923445
3754076,West Ham United,70,80,59,tied,late,medium,0.0391156462585034,0.05419029329535261,0.036994441249760396,0.1160936213811282,179.7540106951872,0.002317893026004728,0.005563158207889569
3754076,Sunderland,75,85,21,tied,late,low,0.016156462585034014,0.0,0.01734505087881591,0.1541364274736353,81.86764705882354,0.0014590721040189125,0.012214837434884138
3754076,West Ham United,75,85,69,tied,late,medium,0.039965986394557826,0.025478715460230596,0.0359126984126984,0.1199086899653241,188.21875,0.0022994237588652476,0.005312966959986717
3754076,West Ham United,80,90,50,tied,late,low,0.030612244897959183,0.020181405895691614,0.02654201590371803,0.10221677784682484,136.55982905982907,0.0015975916075650117,0.007322797684243466
3754067,Crystal Palace,0,10,69,tied,early,medium,0.045068027210884355,0.02306345771102959,0.04794038509394052,0.12113707918525178,226.6130867709815,0.0017361111111111112,0.004412807813745614
3754067,West Ham United,0,10,38,tied,early,low,0.02465986394557823,0.03716189576348249,0.027584560829241676,0.14322965630064904,115.23913043478261,0.001726876477541371,0.008677607998490851
3754067,Crystal Palace,5,15,78,tied,early,medium,0.04591836734693878,0.034432550618839104,0.036074740861974895,0.11179689519391041,217.77731092436974,0.0030751329787234044,0.0045918465783025605
3754067,West Ham United,5,15,37,tied,early,low,0.02295918367346939,0.017006802721088433,0.004298302170642596,0.08178669904872547,85.27272727272727,0.0013113179669030732,0.011727078891257996
3754067,Crystal Palace,10,20,54,tied,early,medium,0.03486394557823129,0.021554702779520457,0.03392972275951,0.12592875585419142,158.51971326164875,0.00195774231678487,0.0063083636692518145
3754067,West Ham United,10,20,30,tied,early,low,0.021258503401360544,0.0,0.014066193853427895,0.11646062203541117,109.3529411764706,0.0008957594562647755,0.00914470145239376
3754067,Crystal Palace,15,25,26,tied,early,low,0.01870748299319728,0.030806355927802034,0.0034438079650845606,0.10177492182822262,62.12962962962963,0.0014036643026004727,0.016095380029806258
3754067,West Ham United,15,25,24,tied,early,low,0.016156462585034014,0.0,0.00409165302782324,0.11542982328333656,65.67272727272727,0.001006575059101655,0.01522702104097453
3754067,Crystal Palace,20,30,38,tied,early,low,0.026360544217687076,0.02683035557692204,0.010952871196522536,0.11223753748226042,95.17894736842105,0.003047429078014184,0.01050652510506525
3754067,West Ham United,20,30,33,tied,early,low,0.022108843537414966,0.0,0.025380877331231937,0.13628399774852826,103.98550724637681,0.0022347813238770687,0.009616724738675957
3754067,Crystal Palace,25,35,40,tied,early,low,0.02891156462585034,0.025472658009950244,0.009053298946915967,0.10297700907165017,102.63157894736842,0.0029920212765957447,0.009743589743589744
3754067,West Ham United,25,35,51,tied,early,medium,0.031462585034013606,0.022434436048876197,0.023824080867367738,0.1411737287375626,125.36153846153846,0.002484116430260047,0.007976928269006566
3754067,Crystal Palace,30,40,34,tied,middle,low,0.023809523809523808,0.0,0.007624113475177305,0.11501864626054444,87.24285714285715,0.0017453457446808508,0.011462256427050925
3754067,West Ham United,30,40,63,tied,middle,medium,0.03826530612244898,0.021856027029741994,0.013805540401285081,0.09557049704939165,143.43840579710144,0.0027888593380614654,0.006971633534567683
3754067,Crystal Palace,35,45,24,tied,middle,low,0.017006802721088437,0.0,0.001614741641337386,0.09759029179353318,49.0,0.0014406028368794325,0.02040816326530612
3754067,West Ham United,35,45,61,tied,middle,medium,0.036564625850340135,0.0,0.06481604609929079,0.10579795059924937,283.3867724867725,0.0014683067375886522,0.0035287462121990063
3754067,Crystal Palace,40,50,28,tied,middle,low,0.022108843537414966,0.0,0.02935030395136778,0.15130877164748252,113.32608695652173,0.0013297872340425532,0.008824093612123537
3754067,West Ham United,40,50,102,tied,middle,high,0.055272108843537414,0.031893259543665016,0.058508920226510525,0.11501780508137488,290.0767811000369,0.0019669769503546097,0.0034473631298850374
3754067,Crystal Palace,45,55,42,tied,middle,low,0.02891156462585034,0.0027210884353741495,0.02473690231068405,0.13896006163064625,121.47008547008546,0.0016345301418439714,0.008232479594708696
3754067,West Ham United,45,55,112,tied,middle,high,0.06462585034013606,0.06914002933782616,0.05553876531270148,0.11444477783362329,290.7022551092319,0.0017638150118203307,0.0034399457947935363
3754067,Crystal Palace,50,60,51,tied,middle,medium,0.02891156462585034,0.012280892698031285,0.043431800911854106,0.11952884997172096,159.05555555555554,0.0016345301418439714,0.0062871114215857496
3754067,West Ham United,50,60,69,tied,middle,medium,0.04421768707482993,0.03820023295881549,0.03964135386034712,0.10380752452445385,205.6141141141141,0.0022070774231678484,0.004863479359422809
3754067,Crystal Palace,55,65,57,tied,middle,medium,0.034013605442176874,0.009852878618804467,0.02803252629004646,0.15103214290366038,147.7241379310345,0.00197621158392435,0.006769374416433239
3754067,West Ham United,55,65,52,tied,middle,medium,0.034013605442176874,0.025509521458993017,0.00953647416413374,0.10506086630274211,110.12745098039215,0.00197621158392435,0.009080388142081368
3754067,Crystal Palace,60,70,30,tied,late,low,0.02040816326530612,0.002947845804988662,0.01402321083172147,0.16718795375676204,71.6921052631579,0.0027242169030732856,0.01394853723892376
3754067,West Ham United,60,70,66,tied,late,medium,0.04081632653061224,0.046329100034670855,0.029575453112687153,0.1477788930542898,170.22988505747125,0.002280954491725768,0.00587440918298447
3754067,West Ham United,65,75,80,tied,late,medium,0.0467687074829932,0.06028388827893377,0.03792664007092199,0.13500947377696002,211.875,0.0016991725768321514,0.00471976401179941
3754067,West Ham United,70,80,61,tied,late,medium,0.036564625850340135,0.04267236667129314,0.04362440898345154,0.12024003855242338,198.83986928104576,0.0019208037825059103,0.005029172487468156
3754067,Crystal Palace,75,85,31,tied,late,low,0.01870748299319728,0.0,0.011229314420803783,0.1211689591514227,95.44166666666666,0.0014036643026004727,0.010477604121190955
3754067,West Ham United,75,85,72,tied,late,medium,0.036564625850340135,0.02502789146823695,0.03134850275807723,0.11429745989595132,197.4927203065134,0.0028257978723404253,0.005063477775018624
3754067,Crystal Palace,80,90,35,tied,late,low,0.023809523809523808,0.013498308265035713,0.029757683215130018,0.12319405625146426,153.65217391304347,0.0012928486997635933,0.006508205998868139
3754067,West Ham United,80,90,76,tied,late,medium,0.04251700680272109,0.035492281936742684,0.028788727136991415,0.10534767011744636,195.73906810035842,0.0022440159574468083,0.005108842142271182
3754079,Manchester City,0,10,55,tied,early,medium,0.03231292517006803,0.024095774904313232,0.01738419769503546,0.11993605533784774,127.3913043478261,0.002465647163120567,0.007849829351535836
3754079,Newcastle United,0,10,53,tied,early,medium,0.034013605442176874,0.022280781232342985,0.044639659001361125,0.14721680196048428,174.54387626262627,0.001523714539007092,0.005729218471665867
3754079,Manchester City,5,15,73,tied,early,medium,0.04251700680272109,0.038205172491214655,0.045394617203127846,0.11522310866697627,206.99699699699698,0.0022440159574468083,0.004830987958798782
3754079,Newcastle United,5,15,43,tied,early,low,0.027210884353741496,0.019047619047619046,0.026473465394962092,0.11740301185353506,122.34461538461538,0.002123965721040189,0.008173633117046426
3754079,Manchester City,10,20,65,tied,early,medium,0.039965986394557826,0.047325216540083835,0.04009062253743105,0.12661188570760268,192.7724301841949,0.0018469267139479906,0.005187463783303949
3754079,Newcastle United,10,20,51,tied,early,medium,0.03486394557823129,0.020312334386968438,0.05055654058313633,0.10675887671291032,196.96524064171123,0.00195774231678487,0.005077037942034888
3754079,Manchester City,15,25,51,trailing,early,medium,0.03486394557823129,0.048916836681635295,0.05014238125940253,0.12399529825715017,200.8181818181818,0.00195774231678487,0.004979628791308284
3754079,Newcastle United,15,25,40,leading,early,low,0.02976190476190476,0.026250545967850182,0.03814916495081218,0.13464920807188654,156.11083743842366,0.0016160608747044917,0.0064057051797857395
3754079,Manchester City,20,30,50,trailing,early,low,0.03741496598639456,0.015306122448979591,0.056464811783960706,0.11158724717955454,217.53378378378378,0.0019023345153664304,0.004596987109799658
3754079,Newcastle United,20,30,35,leading,early,low,0.025510204081632654,0.03605307907984478,0.05304373522458629,0.10489557712541765,187.16809116809117,0.001708407210401891,0.005342791037506089
3754079,Manchester City,25,35,62,trailing,early,medium,0.041666666666666664,0.044897959183673466,0.05652568759730151,0.11502066409632856,223.251012145749,0.001809988179669031,0.004479263007090655
3754079,Newcastle United,25,35,28,leading,early,low,0.017857142857142856,0.017006802721088433,0.003297872340425532,0.09852701702979923,56.666666666666664,0.000969636524822695,0.01764705882352941
3754079,Manchester City,30,40,63,trailing,middle,medium,0.04251700680272109,0.023285710388275815,0.05995381824179451,0.12789665249512577,239.68536585365854,0.001339021867612293,0.004172136235512002
3754079,Newcastle United,30,40,23,leading,middle,low,0.015306122448979591,0.0,0.006629663891458526,0.13486166156584353,57.23076923076923,0.0014775413711583924,0.01747311827956989
3754079,Manchester City,35,45,65,trailing,middle,medium,0.03571428571428571,0.05979953790777523,0.02583234830575256,0.10317482645200614,211.53938461538462,0.0014867760047281324,0.0047272520992635665
3754079,Newcastle United,35,45,20,leading,middle,low,0.01445578231292517,0.0,0.002256608639587363,0.1118066367759972,40.476190476190474,0.0010435135933806149,0.024705882352941178
3754079,Manchester City,40,50,82,tied,middle,high,0.047619047619047616,0.04559935945616435,0.056737588652482254,0.12448873865653155,254.16724738675958,0.0012282062647754135,0.003934417240150248
3754079,Newcastle United,40,50,36,tied,middle,low,0.023809523809523808,0.0399234782800602,0.006863417982155113,0.08901236082596514,85.71969696969697,0.0017453457446808508,0.01166593018117543
3754079,Manchester City,45,55,55,leading,middle,medium,0.03571428571428571,0.026998308212032997,0.039329464861379754,0.1357903770425346,164.0994318181818,0.00193927304964539,0.006093866315807698
3754079,Newcastle United,45,55,38,trailing,middle,low,0.025510204081632654,0.0654573545444885,0.010983057525610717,0.11785856273307506,91.85964912280701,0.002613401300236406,0.010886172650878533
3754079,Manchester City,50,60,33,leading,middle,low,0.01870748299319728,0.019284505865737853,0.011833179155103301,0.14879522606268497,76.5625,0.0014036643026004727,0.013061224489795919
3754079,Newcastle United,50,60,30,trailing,middle,low,0.022108843537414966,0.045128768332689695,0.010305851063829786,0.14934080059548863,77.82352941176471,0.0017822842789598108,0.012849584278155706
3754079,Manchester City,55,65,60,leading,middle,medium,0.03571428571428571,0.037423786575645955,0.027387284701114487,0.14964165347025013,142.1388888888889,0.00193927304964539,0.007035372288450263
3754079,Newcastle United,55,65,30,trailing,middle,low,0.022108843537414966,0.039115646258503396,0.0028073286052009453,0.0965241127710849,56.25,0.0013297872340425532,0.017777777777777778
3754079,Manchester City,60,70,74,leading,late,medium,0.04591836734693878,0.02423974160613082,0.03661217146433041,0.13230136088662592,204.00564468211527,0.0026226359338061465,0.004901825150760977
3754079,Newcastle United,60,70,34,trailing,late,low,0.021258503401360544,0.0,0.01377396900446546,0.13427448600494088,96.2280701754386,0.001348256501182033,0.010391978122151322
3754079,Manchester City,65,75,94,leading,late,high,0.05442176870748299,0.03829278694540659,0.045712505818888804,0.10685558499733212,255.23083083083083,0.002890440307328605,0.003918021959748306
3754079,Newcastle United,65,75,29,trailing,late,low,0.017857142857142856,0.01020408163265306,0.01458736299161831,0.14821168487340353,76.9880174291939,0.0014221335697399526,0.01298903431199151
3754079,Manchester City,70,80,113,leading,late,high,0.0663265306122449,0.0481788657432694,0.0327090721040189,0.13111156312409167,239.0328042328042,0.003989361702127659,0.004183526203483173
3754079,Newcastle United,70,80,41,trailing,late,low,0.02295918367346939,0.031878999041823404,0.009066731141199226,0.1602923786242129,74.9779411764706,0.002668809101654846,0.013337256055702656
3754079,Manchester City,75,85,76,leading,late,medium,0.05697278911564626,0.05000271874257478,0.03611422172452408,0.13589089311402155,215.96586059743956,0.0028350325059101657,0.004630361471177152
3754079,Newcastle United,75,85,62,trailing,late,medium,0.034013605442176874,0.022014651610935333,0.030078520770010133,0.13998200382164055,156.13756613756613,0.002881205673758865,0.006404608607251779
3754079,Manchester City,80,90,81,leading,late,high,0.05102040816326531,0.06086575805227188,0.02567802731809824,0.13223268548421302,183.8222446236559,0.0029643173758865248,0.00544003802177112
3754079,Newcastle United,80,90,35,trailing,late,low,0.022108843537414966,0.0,0.016585401891252953,0.1539011025448707,92.4982456140351,0.0013297872340425532,0.010811015856156589
3754090,Newcastle United,0,10,58,tied,early,medium,0.03741496598639456,0.04612173287886506,0.02352685131940451,0.11538138516649746,164.13793103448276,0.0028073286052009453,0.006092436974789916
3754090,Stoke City,0,10,69,tied,early,medium,0.047619047619047616,0.06272514569403022,0.05752588888103484,0.11053997682456371,242.51162790697674,0.0021332003546099287,0.004123513617184504
3754090,Newcastle United,5,15,63,tied,early,medium,0.0391156462585034,0.04021569989531313,0.0505359082486742,0.12795778900998084,204.56756756756758,0.0018653959810874708,0.004888360417492403
3754090,Stoke City,5,15,56,tied,early,medium,0.041666666666666664,0.044054069428024235,0.02893329090137601,0.11017483702532568,174.97479838709677,0.001809988179669031,0.005715108742618465
3754090,Newcastle United,10,20,51,tied,early,medium,0.036564625850340135,0.041084348619753804,0.040884438881935756,0.12946418793875958,166.09180035650624,0.0023733008274231674,0.006020766816023182
3754090,Stoke City,10,20,49,tied,early,low,0.03571428571428571,0.051360544217687064,0.05035953506698188,0.10371015904199798,198.11764705882354,0.0014867760047281324,0.00504750593824228
3754090,Newcastle United,15,25,61,tied,early,medium,0.03316326530612245,0.03151432747110705,0.0380944931163955,0.1364818874791741,172.79166666666669,0.001542183806146572,0.005787316132143718
3754090,Stoke City,15,25,45,tied,early,low,0.02976190476190476,0.028231292517006804,0.039069775771903424,0.12577740966612205,145.5483870967742,0.0020685579196217494,0.006870567375886524
3754090,Newcastle United,20,30,65,tied,early,medium,0.03486394557823129,0.009213708358074753,0.04660245351734713,0.12503049697963364,183.05042016806723,0.001505245271867612,0.005462975715007115
3754090,Stoke City,20,30,52,tied,early,medium,0.03316326530612245,0.03484752484178171,0.022117265835167522,0.14068182171378119,123.9567901234568,0.002899674940898345,0.008067327324336437
3754090,Newcastle United,25,35,34,tied,early,low,0.02465986394557823,0.05159743103580588,0.005402260638297872,0.07496970606341398,105.0,0.0012743794326241136,0.009523809523809525
3754090,Stoke City,25,35,75,tied,early,medium,0.04421768707482993,0.022867707027535066,0.03672623491352495,0.11954985513712257,188.5835978835979,0.003112071513002364,0.005302688098130592
3754090,Newcastle United,30,40,37,tied,middle,low,0.027210884353741496,0.020603565290105836,0.03820367907801418,0.1310443203443336,159.59876543209876,0.0016714686761229313,0.006265712628118353
3754090,Stoke City,30,40,60,tied,middle,medium,0.0391156462585034,0.02118561710398445,0.026546493301812454,0.13048177921725496,154.86424731182797,0.002317893026004728,0.006457268332479886
3754090,Newcastle United,35,45,48,tied,middle,low,0.03231292517006803,0.01710578825291937,0.03894989704873027,0.13466252592050054,165.69354838709677,0.00201315011820331,0.006035238002530906
3754090,Stoke City,35,45,37,tied,middle,low,0.025510204081632654,0.014625850340136052,0.030399222145962024,0.11336288730698921,133.02153846153846,0.0017084072104018911,0.007517579570688379
3754090,Newcastle United,40,50,45,tied,middle,low,0.030612244897959183,0.0,0.03528940745824754,0.1320021248873461,155.17241379310346,0.0015975916075650117,0.006444444444444444
3754090,Stoke City,40,50,38,tied,middle,low,0.023809523809523808,0.0,0.014080100125156444,0.09428530452396705,116.95906432748538,0.0012928486997635933,0.00855
3754090,Newcastle United,45,55,45,tied,middle,low,0.03231292517006803,0.0,0.04984239558707644,0.11072460616483126,189.31439393939394,0.0015606530732860519,0.005282218531783349
3754090,Stoke City,45,55,32,tied,middle,low,0.022108843537414966,0.0,0.018387181507748887,0.13869296647371782,102.6047619047619,0.0017822842789598108,0.009746136353088597
3754090,Newcastle United,50,60,46,tied,middle,low,0.03231292517006803,0.0,0.0681639085894405,0.11522353164332808,213.53333333333333,0.0015606530732860519,0.004683109584764283
3754090,Stoke City,50,60,32,tied,middle,low,0.023809523809523808,0.0,0.03194546343849352,0.1333179070510826,127.50333333333333,0.0012928486997635933,0.00784293221092259
3754090,Newcastle United,55,65,49,tied,middle,low,0.03231292517006803,0.05490904037078846,0.042096496883730926,0.10849687265106417,196.60344827586206,0.0015606530732860519,0.005086380776988512
3754090,Stoke City,55,65,41,tied,middle,low,0.025510204081632654,0.0,0.018588423701670097,0.11655874012623169,115.80237154150197,0.002160904255319149,0.008635401733906752
3754090,Newcastle United,60,70,48,tied,late,low,0.031462585034013606,0.06302894371484302,0.0324868451155342,0.12921751082769814,147.67241379310346,0.00203161938534279,0.006771745475773496
3754090,Stoke City,60,70,47,tied,late,low,0.02806122448979592,0.013119533527696793,0.0326485693323551,0.12877813651957662,130.70607553366173,0.0025579934988179663,0.0076507537688442215
3754090,Newcastle United,65,75,50,tied,late,low,0.034013605442176874,0.02142857142857143,0.04203605200945625,0.11620911757534315,178.66129032258064,0.00197621158392435,0.005597183352893382
3754090,Stoke City,65,75,41,tied,late,low,0.02806122448979592,0.03038617072918283,0.029649330181245073,0.15713130386001117,125.7051282051282,0.0021054964539007092,0.007955124936257012
3754090,Newcastle United,70,80,55,tied,late,medium,0.034013605442176874,0.06888295734507939,0.017627516297729063,0.12018819875154145,134.18379446640316,0.00197621158392435,0.007452464762802481
3754090,Stoke City,70,80,38,tied,late,low,0.023809523809523808,0.010713614369854364,0.011310833944729762,0.12383557102104287,100.62083333333334,0.0012928486997635933,0.0099382997225558
3754090,Newcastle United,75,85,47,tied,late,low,0.02891156462585034,0.012856337243825237,0.03188534278959811,0.1400030942319584,147.44444444444446,0.001182033096926714,0.006782215523737754
3754090,Stoke City,75,85,39,tied,late,low,0.023809523809523808,0.0,0.026405775075987844,0.14092539222823505,115.8695652173913,0.0012928486997635933,0.008630393996247656
3754090,Newcastle United,80,90,37,tied,late,low,0.02465986394557823,0.01473922902494331,0.01083848089681995,0.0778466003812338,100.57142857142857,0.0012743794326241136,0.009943181818181818
3754090,Stoke City,80,90,21,tied,late,low,0.012755102040816327,0.0,0.011081560283687944,0.1773242987249006,60.0,0.0010804521276595745,0.016666666666666666
3754083,Chelsea,0,10,65,tied,early,medium,0.041666666666666664,0.07859485687940997,0.020013969482054587,0.13935526455686764,156.83156966490301,0.002714982269503546,0.006376267240943057
3754083,Crystal Palace,0,10,48,tied,early,low,0.03231292517006803,0.0,0.036322188449848025,0.12051130749361637,151.29032258064515,0.002465647163120567,0.006609808102345416
3754083,Chelsea,5,15,82,tied,early,high,0.04591836734693878,0.07812754964553062,0.0629773595199127,0.11253417412750877,265.70512820512823,0.0021701388888888886,0.00376357056694813
3754083,Crystal Palace,5,15,41,tied,early,low,0.02806122448979592,0.008503401360544217,0.019306540583136328,0.10878806462777432,127.1304347826087,0.0016529994089834515,0.00786593707250342
3754083,Chelsea,10,20,94,tied,early,high,0.05612244897959184,0.07108715370902777,0.036433953900709214,0.1218885288548089,237.21977240398294,0.0019485076832151298,0.004215500208376433
3754083,Crystal Palace,10,20,35,tied,early,low,0.02465986394557823,0.0,0.026983599290780143,0.11581294881698652,147.25974025974025,0.0012743794326241136,0.0067907222859158655
3754083,Chelsea,15,25,77,tied,early,medium,0.05102040816326531,0.04285293873960904,0.03401228161217782,0.0999412155650936,216.1015873015873,0.002511820330969267,0.004627453284757316
3754083,Crystal Palace,15,25,40,tied,early,low,0.025510204081632654,0.006122448979591836,0.04867021276595744,0.10413720210845655,158.34920634920636,0.0017084072104018911,0.006315156375300722
3754083,Chelsea,20,30,58,tied,early,medium,0.04081632653061224,0.008480196839940684,0.04068682344158268,0.12873359415093918,196.42285714285714,0.001375960401891253,0.0050910571943911095
3754083,Crystal Palace,20,30,66,tied,early,medium,0.04336734693877551,0.026019432351734637,0.06071558465175487,0.11242402744266296,246.97435897435898,0.003130540780141844,0.004049003322259136
3754083,Chelsea,25,35,66,tied,early,medium,0.0467687074829932,0.06522181087596488,0.027439984429189684,0.13468091675371588,177.33870967741936,0.0026041666666666665,0.005638926784902228
3754083,Crystal Palace,25,35,63,tied,early,medium,0.04251700680272109,0.025196076484373508,0.06218505039193728,0.11069108740327452,239.16168800379324,0.0022440159574468083,0.004181271709305461
3754083,Chelsea,30,40,84,tied,middle,high,0.058673469387755105,0.043135458482855556,0.03893037370430987,0.1138910448829055,232.80656770130454,0.002798093971631206,0.004295411464864771
3754083,Crystal Palace,30,40,32,tied,middle,low,0.02295918367346939,0.03196536875768098,0.018115942028985504,0.16157058364026658,95.56842105263158,0.0017638150118203307,0.010463707456768367
3754083,Chelsea,35,45,84,tied,middle,high,0.061224489795918366,0.05337457362621404,0.03982466509062254,0.12681406759297248,231.9465737514518,0.002742686170212766,0.004311337666369563
3754083,Crystal Palace,35,45,23,tied,middle,low,0.015306122448979591,0.0,0.010718891038039973,0.14132882957074241,64.95238095238095,0.0014775413711583924,0.015395894428152493
3754083,Chelsea,40,50,96,tied,middle,high,0.05612244897959184,0.04616964826797789,0.03725737215378872,0.13912259261473015,214.82859174964437,0.0024010047281323873,0.004654873878079385
3754083,Crystal Palace,40,50,45,tied,middle,low,0.02806122448979592,0.0,0.04875886524822695,0.1309532243469775,158.10344827586206,0.0021054964539007092,0.0063249727371864775
3754083,Chelsea,45,55,85,tied,middle,high,0.05357142857142857,0.06044718490373576,0.04579657498702647,0.12326262600977439,237.09959349593495,0.002456412529550827,0.00421763692318243
3754083,Crystal Palace,45,55,59,tied,middle,medium,0.039965986394557826,0.02108843537414966,0.045417348608837976,0.11304546238883252,207.44705882352943,0.0013944296690307327,0.004820507003913117
3754083,Chelsea,50,60,52,tied,middle,medium,0.03486394557823129,0.04260249430748417,0.028394123606889563,0.12008747438937095,174.0873015873016,0.00195774231678487,0.005744244358331434
3754083,Crystal Palace,50,60,33,tied,middle,low,0.025510204081632654,0.02040816326530612,0.01716634429400387,0.0881634924521412,140.0,0.0008034131205673759,0.007142857142857143
3754083,Chelsea,55,65,35,tied,middle,low,0.02465986394557823,0.025396825396825397,0.023410822169687418,0.11368183330774835,127.23809523809524,0.001726876477541371,0.007859281437125748
3754083,Crystal Palace,55,65,24,tied,middle,low,0.01870748299319728,0.0,0.006524822695035459,0.12460216148145836,75.62121212121212,0.0014036643026004727,0.013223802845121218
3754083,Chelsea,60,70,50,trailing,late,low,0.03231292517006803,0.030781641580738716,0.07479736575481256,0.09581908515176107,232.51764705882354,0.00201315011820331,0.004300748836267962
3754083,Crystal Palace,60,70,33,leading,late,low,0.025510204081632654,0.01530612244897959,0.036884805501826774,0.08578419968567547,183.3605072463768,0.0012559101654846334,0.0054537370943042035
3754083,Chelsea,65,75,50,trailing,late,low,0.03231292517006803,0.04058090329663768,0.01981136721828211,0.09299841087159033,154.11462450592884,0.0015606530732860519,0.006488676874150445
3754083,Crystal Palace,65,75,40,leading,late,low,0.025510204081632654,0.06114823661375111,0.04872603099553454,0.11971572691397142,161.44729344729345,0.001708407210401891,0.0061939719065433755
3754083,Chelsea,70,80,38,trailing,late,low,0.025510204081632654,0.017908885294236298,0.02284506273867976,0.16370187456837726,109.16364734299518,0.001708407210401891,0.009160558705573226
3754083,Crystal Palace,70,80,37,leading,late,low,0.022108843537414966,0.03858057130632803,0.006819421713038733,0.11468773133010618,71.07692307692308,0.0026872783687943258,0.014069264069264068
3754083,Chelsea,75,85,49,trailing,late,low,0.030612244897959183,0.012628456468704832,0.035518188057652715,0.11674376400093754,156.5024630541872,0.002502585697399527,0.006389675794774945
3754083,Crystal Palace,75,85,23,leading,late,low,0.017006802721088437,0.0,0.014849290780141843,0.14187291089933932,86.5,0.000988105791962175,0.011560693641618497
3754083,Chelsea,80,90,47,trailing,late,low,0.03231292517006803,0.03759223894922881,0.024873644737914726,0.13207271162510212,131.44444444444446,0.002465647163120567,0.007607776838546069
3754083,Crystal Palace,80,90,29,leading,late,low,0.0195578231292517,0.027855397361621348,0.00408434650455927,0.10345964731504001,71.81818181818181,0.001385195035460993,0.013924050632911394
3754077,Manchester City,0,10,72,trailing,early,medium,0.03741496598639456,0.01330445158658644,0.0326133677197507,0.1300389142303216,171.7165404040404,0.0032598256501182032,0.0058235508218780225
3754077,West Ham United,0,10,53,leading,early,medium,0.03231292517006803,0.013608886014562345,0.016077497044917257,0.12826223023845534,121.73913043478261,0.0015606530732860519,0.008214285714285714
3754077,Manchester City,5,15,80,trailing,early,medium,0.05102040816326531,0.04279794263924893,0.044300967400771434,0.11566832210316542,237.48364153627313,0.0020593232860520094,0.004210816347311486
3754077,West Ham United,5,15,37,leading,early,low,0.023809523809523808,0.004251529345577394,0.011262148673496194,0.14047468455924791,90.94736842105263,0.0017453457446808508,0.01099537037037037
3754077,Manchester City,10,20,85,trailing,early,high,0.05697278911564626,0.06341300713897438,0.041225298539128326,0.12580469675678077,226.748987854251,0.0028350325059101652,0.0044101630153373685
3754077,West Ham United,10,20,49,leading,early,low,0.03231292517006803,0.012698412698412698,0.03440674717270462,0.09079333176448795,167.28387096774193,0.00201315011820331,0.005977862624860195
3754077,Manchester City,15,25,80,trailing,early,medium,0.05272108843537415,0.06490345266495223,0.03088800236406619,0.11990275084491034,203.70238095238096,0.0029273788416075653,0.004909122786511601
3754077,West Ham United,15,25,53,leading,early,medium,0.034013605442176874,0.026303854875283444,0.03567095931317656,0.08843854999238937,179.69677419354838,0.00197621158392435,0.005564930169102072
3754077,Manchester City,20,30,115,trailing,early,high,0.06377551020408163,0.07240660681056243,0.04208810176230388,0.1067278541303136,285.2807692307692,0.0022347813238770683,0.003505318646947003
3754077,West Ham United,20,30,37,leading,early,low,0.027210884353741496,0.0,0.010686218133026643,0.09591371340232678,109.6140350877193,0.0016714686761229313,0.009122919334186939
3754077,Manchester City,25,35,85,trailing,early,high,0.04846938775510204,0.033001662731814194,0.04772458628841607,0.12658895004747628,234.9991003148898,0.0016622340425531915,0.004255335440263551
3754077,West Ham United,25,35,31,leading,early,low,0.02295918367346939,0.0,0.01252573781743308,0.09759310427907696,106.45714285714286,0.0013113179669030732,0.00939345142243693
3754077,Manchester City,30,40,55,trailing,middle,medium,0.03571428571428571,0.06354016104828095,0.04267631993695824,0.1211352986653166,181.71657754010695,0.0014867760047281324,0.005503075247932668
3754077,Manchester City,35,45,46,trailing,middle,low,0.03316326530612245,0.008570891495883491,0.009954407294832828,0.10180245185650427,101.30416666666666,0.0019946808510638296,0.009871262287665036
3754077,West Ham United,35,45,31,leading,middle,low,0.02040816326530612,0.01020408163265306,0.002786220871327255,0.08536493867016914,70.57142857142857,0.0013667257683215128,0.01417004048582996
3754077,Manchester City,40,50,99,trailing,middle,high,0.061224489795918366,0.037859457176876506,0.04471241672039544,0.12274508253777777,269.0156794425087,0.001385195035460993,0.0037172554479810898
3754077,West Ham United,40,50,47,leading,middle,low,0.03231292517006803,0.026530612244897955,0.04037977579501258,0.1341971966371936,156.38709677419354,0.00201315011820331,0.006394389438943895
3754077,Manchester City,45,55,134,trailing,middle,high,0.07993197278911565,0.05485926542523704,0.04731351317122593,0.10467320524194172,333.1329307568438,0.002336362293144208,0.003001804708192921
3754077,West Ham United,45,55,45,leading,middle,low,0.03231292517006803,0.04251700680272108,0.025930851063829786,0.12481305043270463,137.44444444444446,0.0015606530732860519,0.007275666936135812
3754077,Manchester City,50,60,83,trailing,middle,high,0.04931972789115646,0.03252105601326266,0.03481662069871289,0.13102251506535267,196.20198412698412,0.002096261820330969,0.005096788416537056
3754077,West Ham United,50,60,33,leading,middle,low,0.02295918367346939,0.015373612584318864,0.020083196944899073,0.13498650756157032,102.92207792207792,0.0013113179669030732,0.00971608832807571
3754077,Manchester City,55,65,80,trailing,middle,medium,0.04846938775510204,0.04025585769456713,0.047369177688326616,0.11270111155821359,242.5015015015015,0.002114731087470449,0.004123685807338427
3754077,West Ham United,55,65,25,leading,middle,low,0.017006802721088437,0.023809523809523808,0.0029920212765957442,0.1171164209011681,55.06666666666667,0.0014406028368794325,0.018159806295399514
3754077,Manchester City,60,70,81,trailing,late,high,0.04591836734693878,0.0270517330551874,0.025456806540583136,0.12636286697961913,193.90125448028672,0.0026226359338061465,0.005157264209972745
3754077,Manchester City,65,75,88,trailing,late,high,0.050170068027210885,0.09186098382371752,0.04107565011820331,0.1358209569934186,217.94957983193277,0.0029827866430260047,0.004588217149907464
3754077,Manchester City,70,80,75,trailing,late,medium,0.0467687074829932,0.060275469070345866,0.04956033160820395,0.09675290304813942,227.48073073073073,0.0021516696217494086,0.004395976735206207
3754077,West Ham United,70,80,24,leading,late,low,0.016156462585034014,0.022108843537414963,0.0022695035460992908,0.09033429169583279,53.625,0.0014590721040189125,0.018648018648018648
3754077,Manchester City,75,85,58,trailing,late,medium,0.04251700680272109,0.028258661623484116,0.0357025908887611,0.11025486573845864,206.89784946236557,0.0022440159574468083,0.004833303016916561
3754077,West Ham United,75,85,21,leading,late,low,0.015306122448979591,0.022108843537414963,0.005984042553191489,0.10628904516039865,68.66666666666667,0.0014775413711583924,0.014563106796116504
3754077,Manchester City,80,90,78,trailing,late,medium,0.05357142857142857,0.03267568919894413,0.03886989192840256,0.1033130014572057,244.22222222222223,0.0020039154846335696,0.004094631483166515
3754060,Everton,0,10,51,tied,early,medium,0.036564625850340135,0.020141595015326204,0.05725472813238771,0.13411895763223297,209.44603174603174,0.0019208037825059103,0.004774499624860744
3754060,Liverpool,0,10,47,tied,early,low,0.031462585034013606,0.007521936534483082,0.03677734794756071,0.13094996595602945,151.3784946236559,0.00203161938534279,0.006605958148058701
3754060,Everton,5,15,33,tied,early,low,0.02040816326530612,0.019701763223686632,0.02322013093289689,0.12795711601605084,106.42105263157895,0.0018192228132387705,0.009396636993076163
3754060,Liverpool,5,15,50,tied,early,low,0.03741496598639456,0.017387472871478585,0.0519684134489099,0.11121129209072654,201.58703703703708,0.0019023345153664304,0.004960636431281405
3754060,Everton,10,20,55,tied,early,medium,0.03826530612244898,0.020578231292517006,0.0346787651230705,0.12143887934684121,164.18951612903228,0.002336362293144208,0.006090522851739973
3754060,Liverpool,10,20,61,tied,early,medium,0.0391156462585034,0.010374149659863946,0.03243771594835425,0.11638576254908965,174.2026515151515,0.0014128989361702126,0.005740440752780527
3754060,Everton,15,25,39,tied,early,low,0.02891156462585034,0.02793974732750243,0.0383274231678487,0.129499298702517,135.37471264367815,0.0029920212765957447,0.00738690395326722
3754060,Liverpool,15,25,51,tied,early,medium,0.03316326530612245,0.004656288035481862,0.03241648002986188,0.09909557759529349,178.39540229885057,0.001542183806146572,0.005605525630782712
3754060,Everton,20,30,28,tied,early,low,0.02295918367346939,0.0,0.01988770685579196,0.12198598965626949,98.71541501976284,0.0026688091016548463,0.01013013013013013
3754060,Liverpool,20,30,37,tied,early,low,0.023809523809523808,0.0,0.028582216968741792,0.15924366190590009,121.44,0.0012928486997635933,0.008234519104084322
3754060,Everton,25,35,45,tied,early,low,0.034013605442176874,0.0412293539637273,0.03417045286643026,0.12043580169749935,137.63306451612902,0.002428708628841607,0.0072656959540620515
3754060,Liverpool,25,35,31,tied,early,low,0.022108843537414966,0.04996424089903631,0.008558374249863611,0.12944753893396474,84.94583333333334,0.0013297872340425532,0.011772207779467306
3754060,Everton,30,40,45,tied,middle,low,0.030612244897959183,0.03477234890674323,0.03604181951577402,0.12337696418051185,168.76780626780626,0.0015975916075650117,0.005925300696349441
3754060,Liverpool,30,40,43,tied,middle,low,0.031462585034013606,0.0227891156462585,0.020266942474389284,0.09003535162210746,144.73,0.0015791223404255318,0.0069094175361017075
3754060,Everton,35,45,43,trailing,middle,low,0.030612244897959183,0.030917964540279962,0.030947775628626696,0.09934619285123587,156.54700854700855,0.0020500886524822694,0.00638785761083206
3754060,Liverpool,35,45,48,leading,middle,low,0.03231292517006803,0.04309402967526166,0.02050987157370136,0.09294348925955732,180.76190476190476,0.0011081560283687944,0.0055321390937829295
3754060,Everton,40,50,72,tied,middle,medium,0.0467687074829932,0.03655563978487712,0.0424645390070922,0.10422227370904853,223.74774774774775,0.0026041666666666665,0.004469318730874537
3754060,Liverpool,40,50,35,tied,middle,low,0.02465986394557823,0.01530612244897959,0.03581560283687943,0.12049257893794299,141.74153846153845,0.0012743794326241136,0.007055094863890939
3754060,Everton,45,55,67,tied,middle,medium,0.04336734693877551,0.010570766178256304,0.03979053273956787,0.11374791902611987,203.81128496917972,0.0017730496453900709,0.004906499658010692
3754060,Liverpool,45,55,50,tied,middle,low,0.031462585034013606,0.013465409038346862,0.048512608353033886,0.10920933496364565,214.7655172413793,0.0015791223404255318,0.004656240968498121
3754060,Everton,50,60,38,tied,middle,low,0.022108843537414966,0.0,0.01710254137115839,0.1638594957433692,85.84271284271284,0.0022347813238770687,0.011649212459446284
3754060,Liverpool,50,60,63,tied,middle,medium,0.04336734693877551,0.021669839770104223,0.05350177304964539,0.11969859590872259,220.35641025641024,0.0017730496453900709,0.004538102607663575
3754060,Everton,55,65,39,tied,middle,low,0.026360544217687076,0.05003173103437559,0.01719224924012158,0.11860259651549208,109.13852813852814,0.0012374408983451535,0.009162667089762405
3754060,Liverpool,55,65,44,tied,middle,low,0.03316326530612245,0.008503401360544217,0.03949325097231753,0.13467762817668633,157.59139784946237,0.0019946808510638296,0.006345524017467249
3754060,Everton,60,70,36,tied,late,low,0.027210884353741496,0.0437061367614721,0.011510047281323875,0.1108482762305605,118.125,0.0012189716312056738,0.008465608465608466
3754060,Liverpool,60,70,34,tied,late,low,0.02465986394557823,0.007285257771500967,0.01468879921741257,0.1221680010877013,103.60526315789474,0.002179373522458629,0.009652019304038608
3754060,Everton,65,75,37,tied,late,low,0.02465986394557823,0.012244897959183673,0.012174940898345154,0.10339800825654384,105.96949891067538,0.002179373522458629,0.009436677631578946
3754060,Liverpool,65,75,33,tied,late,low,0.02465986394557823,0.01530612244897959,0.027197315096251264,0.12499194661140466,120.21739130434783,0.002179373522458629,0.008318264014466547
3754060,Everton,70,80,32,tied,late,low,0.021258503401360544,0.0,0.007492564630519332,0.10079715633137146,87.68571428571428,0.0018007535460992908,0.011404366243075921
3754060,Liverpool,70,80,43,tied,late,low,0.031462585034013606,0.022108843537414963,0.032033096926713946,0.14296164314229673,135.1264367816092,0.00203161938534279,0.007400476352500851
3754060,Everton,75,85,50,tied,late,low,0.03231292517006803,0.006122448979591836,0.01877820760799484,0.12956517214795638,120.55384615384615,0.00201315011820331,0.008295048494129658
3754060,Liverpool,75,85,57,tied,late,medium,0.03826530612244898,0.04115646258503401,0.031106591572799335,0.14119262134761332,156.68145161290326,0.0014313682033096926,0.006382376405795608
3754060,Everton,80,90,72,tied,late,medium,0.0467687074829932,0.03005344995140913,0.05289598108747045,0.10715963044385306,221.0871080139373,0.002604166666666666,0.004523104078673643
3754060,Liverpool,80,90,47,tied,late,low,0.030612244897959183,0.014625850340136052,0.053137760584569094,0.12049028650227189,173.2840909090909,0.0015975916075650117,0.005770870220998098
3754073,Chelsea,0,10,85,tied,early,high,0.04336734693877551,0.05876741024526062,0.044742285678735845,0.12674397728594422,212.50023707918444,0.0017730496453900709,0.004705877102750562
3754073,AFC Bournemouth,0,10,48,tied,early,low,0.03231292517006803,0.020570139590120377,0.05589652664120749,0.08636764359348152,226.79032258064515,0.00201315011820331,0.00440935922053908
3754073,Chelsea,5,15,75,tied,early,medium,0.04591836734693878,0.031387442262934606,0.0268723732597846,0.1274511895272615,175.88877688172042,0.0021701388888888886,0.005685411074706989
3754073,AFC Bournemouth,5,15,53,tied,early,medium,0.03571428571428571,0.009992848179807261,0.04705580440462859,0.10486387626715242,205.86742424242425,0.0014867760047281324,0.004857495078106313
3754073,Chelsea,10,20,61,tied,early,medium,0.036564625850340135,0.03758944265247243,0.023212174940898347,0.1480323882146951,140.6089065255732,0.0019208037825059101,0.007111925017481914
3754073,AFC Bournemouth,10,20,39,tied,early,low,0.026360544217687076,0.02108843537414966,0.018858800773694392,0.10466329284827934,123.42857142857143,0.002142434988179669,0.008101851851851851
3754073,Chelsea,15,25,49,tied,early,low,0.02806122448979592,0.03811092892949594,0.038120567375886524,0.1066713330016674,152.97619047619048,0.0016529994089834515,0.006536964980544747
3754073,AFC Bournemouth,15,25,31,tied,early,low,0.0195578231292517,0.0,0.024661508704061898,0.16676087938142214,106.42456140350878,0.001385195035460993,0.009396327190003627
3754073,Chelsea,20,30,40,tied,early,low,0.02891156462585034,0.0,0.04690759282436379,0.1374949823223028,161.16532258064515,0.0016345301418439714,0.006204808726763242
3754073,AFC Bournemouth,20,30,50,tied,early,low,0.034013605442176874,0.005142534897530096,0.023373107149702897,0.11641509631430988,159.46581196581195,0.00197621158392435,0.006270936620661933
3754073,Chelsea,25,35,47,tied,early,low,0.03316326530612245,0.009750566893424035,0.04476950354609929,0.11953631931863803,173.67736185383245,0.0019946808510638296,0.00575780279782004
3754073,AFC Bournemouth,25,35,54,tied,early,medium,0.03741496598639456,0.03007032502590255,0.02312352245862884,0.10600031149664468,157.78571428571428,0.0023548315602836874,0.006337709370755998
3754073,Chelsea,30,40,52,tied,middle,medium,0.03316326530612245,0.0202356833135135,0.04414893617021277,0.10782214727338735,204.38709677419354,0.0019946808510638296,0.004892676767676768
3754073,AFC Bournemouth,30,40,33,tied,middle,low,0.022108843537414966,0.006802721088435374,0.008183306055646482,0.12775304006193397,76.3875,0.0017822842789598108,0.013091147111765669
3754073,Chelsea,35,45,44,tied,middle,low,0.031462585034013606,0.014062750912294458,0.041272655634357766,0.12030485363282735,190.48275862068965,0.0015791223404255318,0.0052498189717595945
3754073,AFC Bournemouth,35,45,35,tied,middle,low,0.022108843537414966,0.0,0.0070616287600880415,0.11847477779297352,73.5,0.0022347813238770687,0.013605442176870748
3754073,Chelsea,40,50,80,tied,middle,medium,0.05187074829931973,0.04490378741564169,0.06009813623618671,0.11288135295017614,272.7530454042082,0.0020408540189125295,0.0036663202000844514
3754073,AFC Bournemouth,40,50,61,tied,middle,medium,0.0391156462585034,0.028579842202885758,0.03953421506612996,0.1165852489704664,190.22240896358542,0.002317893026004728,0.005257004184987646
3754073,Chelsea,45,55,92,tied,middle,high,0.05442176870748299,0.03943585475498111,0.05510173927727118,0.1068600276823278,267.60294231513745,0.0019854462174940897,0.0037368796895453013
3754073,AFC Bournemouth,45,55,53,tied,middle,medium,0.03316326530612245,0.0221257509542918,0.020904827270647453,0.14318187208698613,127.22649572649573,0.002447177895981087,0.007859997984615901
3754073,Chelsea,50,60,75,tied,middle,medium,0.04421768707482993,0.018877940557222916,0.03497973657548125,0.12201035678384416,206.53282828282826,0.0017545803782505912,0.004841845281034884
3754073,AFC Bournemouth,50,60,34,tied,middle,low,0.02040816326530612,0.030612244897959183,0.019463249516441006,0.1758833500096516,74.18181818181819,0.0027242169030732856,0.013480392156862744
3754073,Chelsea,55,65,70,tied,middle,medium,0.041666666666666664,0.046236242327464705,0.04400118203309693,0.13348833109221778,202.75714285714287,0.0013574911347517728,0.00493200873670119
3754073,AFC Bournemouth,55,65,32,tied,middle,low,0.021258503401360544,0.013605442176870748,0.02727768685215494,0.14505635919020146,100.27898550724638,0.001348256501182033,0.00997217906565018
3754073,Chelsea,60,70,65,tied,late,medium,0.03486394557823129,0.030105079268979058,0.053119608970672805,0.10829855950000589,214.4672268907563,0.0024102393617021272,0.004662717071030029
3754073,AFC Bournemouth,60,70,49,tied,late,low,0.031462585034013606,0.006428168621912618,0.03665645819901139,0.12287796719270043,147.952688172043,0.00203161938534279,0.006758917410389837
3754073,Chelsea,65,75,72,tied,late,medium,0.04251700680272109,0.020191378501673813,0.032474804031354984,0.12137938296229632,195.15482954545453,0.0022440159574468083,0.00512413657570839
3754073,AFC Bournemouth,65,75,44,tied,late,low,0.027210884353741496,0.006802721088435374,0.02477344365642238,0.1485916848118231,114.82333333333334,0.0012189716312056738,0.008709031265422242
3754073,Chelsea,70,80,71,tied,late,medium,0.04081632653061224,0.016213761357056766,0.03633597443853428,0.13773988189815659,174.24764784946237,0.0018284574468085107,0.005738958386766455
3754073,Chelsea,75,85,50,tied,late,low,0.030612244897959183,0.030807217324975367,0.01378375613747954,0.15644688248891042,98.32900432900433,0.0020500886524822694,0.010169939244518799
3754073,Chelsea,80,90,50,trailing,late,low,0.031462585034013606,0.027187044953099038,0.0184903748733536,0.11669217990949249,140.81666666666666,0.0015791223404255318,0.0071014321221446325
3754073,AFC Bournemouth,80,90,29,leading,late,low,0.017857142857142856,0.0,0.006944444444444443,0.1224537831339179,72.36363636363636,0.0014221335697399526,0.013819095477386936
3754085,Swansea City,0,10,67,trailing,early,medium,0.039965986394557826,0.028205137813849077,0.018768996960486322,0.11816636091867971,141.80776014109347,0.002751920803782506,0.007051800261177788
3754085,Leicester City,0,10,36,leading,early,low,0.027210884353741496,0.05465257785649922,0.03204921555985385,0.09448702740968591,164.10666666666665,0.0016714686761229313,0.006093597660058499
3754085,Swansea City,5,15,74,trailing,early,medium,0.04336734693877551,0.03809681308766321,0.014963101399271612,0.10993859493540785,144.05384615384617,0.002678043735224586,0.006941848667699043
3754085,Leicester City,5,15,42,leading,early,low,0.02891156462585034,0.021804742236605626,0.00601174645390071,0.09718670194008298,108.28282828282829,0.0016345301418439714,0.009235074626865672
3754085,Swansea City,10,20,89,trailing,early,high,0.055272108843537414,0.0564412636670312,0.047915151239619314,0.10924818512674005,256.5989653621233,0.0028719710401891255,0.0038971318477015594
3754085,Leicester City,10,20,43,leading,early,low,0.031462585034013606,0.03612146434109253,0.02702470830473576,0.1038825053622791,154.5805128205128,0.00203161938534279,0.006469120730380319
3754085,Swansea City,15,25,76,trailing,early,medium,0.04591836734693878,0.039502928935242626,0.031094259152769792,0.1121972482286692,185.4375,0.0021701388888888886,0.005392652510953826
3754085,Leicester City,15,25,29,leading,early,low,0.02295918367346939,0.03401360544217687,0.02197970163854243,0.11688379431265533,119.44285714285714,0.0013113179669030732,0.008372204281784475
3754085,Swansea City,20,30,63,trailing,early,medium,0.039965986394557826,0.012524503944008626,0.03150036117677961,0.11741852572378103,162.5,0.002751920803782506,0.006153846153846154
3754085,Leicester City,20,30,30,leading,early,low,0.022108843537414966,0.014625850340136052,0.023334599797365758,0.1309401802954635,113.14285714285714,0.0017822842789598108,0.008838383838383838
3754085,Swansea City,25,35,79,trailing,early,medium,0.047619047619047616,0.029492580812971653,0.040830800405268486,0.12042112861176167,203.21512605042017,0.0025856973995271866,0.004920893535021048
3754085,Leicester City,25,35,38,leading,early,low,0.025510204081632654,0.008278962402555233,0.030256234271333792,0.13483560320136767,130.47863247863248,0.0017084072104018911,0.007664090134940391
3754085,Swansea City,30,40,66,trailing,middle,medium,0.039965986394557826,0.06548988934367643,0.024183904649330182,0.13971930466828064,158.14814814814815,0.002751920803782506,0.0063231850117096014
3754085,Leicester City,30,40,63,leading,middle,medium,0.04336734693877551,0.07685663364236074,0.02890902039007092,0.13149691572686364,162.50504032258064,0.002678043735224586,0.0061536552836450485
3754085,Swansea City,35,45,60,trailing,middle,medium,0.03486394557823129,0.04178814382896015,0.012189716312056738,0.10339456002090879,104.26470588235294,0.0024102393617021272,0.009590973201692525
3754085,Leicester City,35,45,77,leading,middle,medium,0.04846938775510204,0.11809352450094969,0.03263649287585458,0.11922214755393198,193.5252100840336,0.0034722222222222216,0.005167285438242255
3754085,Swansea City,40,50,98,trailing,middle,high,0.05697278911564626,0.0745754522878878,0.03574418833727344,0.1177104004968359,237.08534850640115,0.0019300384160756499,0.004217890334851294
3754085,Leicester City,40,50,59,leading,middle,medium,0.03486394557823129,0.05434315604178529,0.01736322188449848,0.1051070761756893,152.1904761904762,0.00195774231678487,0.006570713391739674
3754085,Swansea City,45,55,89,trailing,middle,high,0.05612244897959184,0.04375752699821651,0.03232227288078352,0.10294599371380941,237.36574074074076,0.0028535017730496456,0.004212907881648495
3754085,Leicester City,45,55,33,leading,middle,low,0.02295918367346939,0.0,0.01630061770761839,0.11120596017036767,116.6470588235294,0.0013113179669030732,0.008572869389813415
3754085,Swansea City,50,60,58,trailing,middle,medium,0.039965986394557826,0.043680928668622276,0.024296320921985817,0.13327805097206086,168.5110229276896,0.0022994237588652476,0.0059343298890845485
3754085,Leicester City,50,60,31,leading,middle,low,0.023809523809523808,0.021597293224057137,0.01072695035460993,0.10944819486408412,90.16483516483517,0.0012928486997635933,0.01109079829372334
3754085,Swansea City,55,65,50,trailing,middle,low,0.03571428571428571,0.014931569982456833,0.020878796144753593,0.10018968212518355,147.27910052910053,0.00193927304964539,0.006789829625571432
3754085,Leicester City,55,65,35,leading,middle,low,0.023809523809523808,0.022108843537414963,0.002916952642415923,0.09395630825759686,63.0,0.0012928486997635933,0.015873015873015872
3754085,Swansea City,60,70,65,trailing,late,medium,0.04421768707482993,0.0430499196715011,0.047927748226950354,0.1069063861672284,220.730915125652,0.0022070774231678484,0.004530402999646632
3754085,Leicester City,60,70,35,leading,late,low,0.02295918367346939,0.030733727141569876,0.0037529550827423166,0.08883379767935286,68.76515151515152,0.001763815011820331,0.014542249641952186
3754085,Swansea City,65,75,69,trailing,late,medium,0.04591836734693878,0.01727111463124736,0.03694047841234291,0.11489598123685053,203.34789915966385,0.0021701388888888886,0.004917680507802169
3754085,Leicester City,65,75,55,leading,late,medium,0.03826530612244898,0.017659503337712247,0.04896105512006968,0.11952128646637233,183.8406827880512,0.002336362293144208,0.005439492417208295
3754085,Swansea City,70,80,60,trailing,late,medium,0.04421768707482993,0.04904120119698326,0.029994089834515375,0.1272124254618745,169.9744318181818,0.0026595744680851063,0.005883237786431783
3754085,Leicester City,70,80,61,leading,late,medium,0.03826530612244898,0.040184736947958107,0.056201007838745806,0.11138123938301614,225.33068783068785,0.002336362293144208,0.0044379219254476075
3754085,Swansea City,75,85,59,trailing,late,medium,0.04251700680272109,0.03481829881568143,0.024706047032474806,0.10311653020500297,166.76559139784945,0.0022440159574468083,0.00599644082222165
3754085,Leicester City,75,85,44,leading,late,low,0.025510204081632654,0.006802721088435374,0.03008274231678487,0.13596942542314033,140.89846153846153,0.0012559101654846334,0.007097309573724668
3754085,Swansea City,80,90,30,trailing,late,low,0.022108843537414966,0.038943564197998465,0.002742686170212766,0.08686169348073276,73.2909090909091,0.0013297872340425532,0.013644257008186554
3754085,Leicester City,80,90,54,leading,late,medium,0.027210884353741496,0.011661807580174927,0.01690729483282675,0.13286652486751835,126.14718614718615,0.002123965721040189,0.007927247769389155
3754047,Liverpool,0,10,76,tied,early,medium,0.04591836734693878,0.01290491047555841,0.03921705860395669,0.11651947861260999,214.81481481481484,0.0021701388888888886,0.004655172413793103
3754047,Swansea City,0,10,63,tied,early,medium,0.04251700680272109,0.0764930384398233,0.029644852783150648,0.12169506090290881,176.047311827957,0.003149010047281324,0.005680291221812318
3754047,Liverpool,5,15,75,tied,early,medium,0.05187074829931973,0.02815478553252055,0.037710744058728374,0.11423219172672355,235.15047619047618,0.002945848108747045,0.004252596108672056
3754047,Swansea City,5,15,65,tied,early,medium,0.04081632653061224,0.02918996084126277,0.04493414387031409,0.11970267980636241,192.74621848739497,0.0027334515366430256,0.005188169230232639
3754047,Liverpool,10,20,85,tied,early,high,0.05697278911564626,0.07474717172040074,0.030010420554933432,0.1301111345265095,203.57671957671957,0.0032875295508274227,0.004912153030460547
3754047,Swansea City,10,20,45,tied,early,low,0.02976190476190476,0.03907988715753971,0.037012411347517725,0.1618138926657393,150.74338624338625,0.0016160608747044917,0.0066337902107720115
3754047,Liverpool,15,25,84,tied,early,high,0.04931972789115646,0.023384503249700386,0.04165308925947223,0.11928293668619891,235.47764705882355,0.0016437647754137116,0.004246687583684725
3754047,Swansea City,15,25,23,tied,early,low,0.017006802721088437,0.0,0.005065856129685917,0.1495381214930613,52.5,0.0014406028368794325,0.01904761904761905
3754047,Liverpool,20,30,74,tied,early,medium,0.0467687074829932,0.021405221971319402,0.04753989361702128,0.11802816962174277,236.13269841269843,0.0026041666666666665,0.004234906926156667
3754047,Swansea City,20,30,34,tied,early,low,0.02295918367346939,0.01568520184060553,0.015957446808510637,0.12854877598689093,95.36842105263158,0.001763815011820331,0.010485651214128035
3754047,Liverpool,25,35,53,tied,early,medium,0.036564625850340135,0.047961606738738796,0.016368388002364065,0.12118022345031282,126.64,0.0023733008274231674,0.007896399241945672
3754047,Swansea City,25,35,92,tied,early,high,0.055272108843537414,0.05359767972678287,0.034193417942018155,0.1263672005696779,237.80820105820104,0.0019669769503546097,0.004205069444830713
3754047,Liverpool,30,40,61,tied,middle,medium,0.036564625850340135,0.02415941585739619,0.028594771241830068,0.11973675950204316,158.48620689655172,0.0028257978723404257,0.00630969735210287
3754047,Swansea City,30,40,101,tied,middle,high,0.05357142857142857,0.03541696388708016,0.024350270623366928,0.11809966650801655,205.19964157706093,0.002908909574468085,0.004873302859179015
3754047,Liverpool,35,45,68,tied,middle,medium,0.04421768707482993,0.031175422327435302,0.04066932624113475,0.09051339300357591,220.54005602240898,0.002659574468085106,0.004534323687205332
3754047,Swansea City,35,45,44,tied,middle,low,0.027210884353741496,0.027724127269925437,0.022606382978723402,0.1357872862882429,115.0592885375494,0.002123965721040189,0.008691171418756442
3754047,Liverpool,40,50,72,tied,middle,medium,0.05357142857142857,0.05505959339009611,0.04447293988517392,0.1228013394144297,224.57884615384614,0.002908909574468085,0.0044527791335919375
3754047,Swansea City,40,50,46,tied,middle,low,0.030612244897959183,0.043107527702329514,0.026263297872340424,0.10598306734925785,137.55555555555554,0.0020500886524822694,0.007269789983844911
3754047,Liverpool,45,55,76,tied,middle,medium,0.04931972789115646,0.0305442823356305,0.04842863475177305,0.11583847751613345,224.38547008547008,0.0016437647754137116,0.004456616551950056
3754047,Swansea City,45,55,44,tied,middle,low,0.02976190476190476,0.045523663746161576,0.028457446808510638,0.12145885155110282,130.1851851851852,0.002521054964539007,0.007681365576102418
3754047,Liverpool,50,60,89,tied,middle,high,0.04591836734693878,0.03387987481935912,0.025155141843971628,0.11797445820513563,185.54597701149424,0.0026226359338061465,0.005389499767693976
3754047,Liverpool,55,65,65,tied,middle,medium,0.03741496598639456,0.03712699289226696,0.02365019446350949,0.12602122039710917,158.87939221272555,0.0028073286052009453,0.006294082486551105
3754047,Swansea City,55,65,22,tied,middle,low,0.013605442176870748,0.0,0.003147163120567376,0.14420459019509402,42.855555555555554,0.0015144799054373523,0.0233341975628727
3754047,Swansea City,60,70,56,trailing,late,medium,0.03486394557823129,0.023339677058867834,0.03352171985815603,0.13957945248787376,151.88709677419354,0.00195774231678487,0.006583837740256983
3754047,Liverpool,65,75,47,leading,late,low,0.03316326530612245,0.017998872141355333,0.02863235576001533,0.10395982901506123,181.47230769230768,0.0019946808510638296,0.00551048263350204
3754047,Swansea City,65,75,53,trailing,late,medium,0.03571428571428571,0.04373565974425558,0.03637438211906297,0.14011124445038492,161.5625,0.00193927304964539,0.006189555125725338
3754047,Liverpool,70,80,55,leading,late,medium,0.03741496598639456,0.017320688143979725,0.051215805471124615,0.12432678434570586,197.95294117647057,0.0019023345153664304,0.005051705693569476
3754047,Swansea City,70,80,47,trailing,late,low,0.02806122448979592,0.043887328778749575,0.017930679478380233,0.12361317384835997,143.2034632034632,0.0021054964539007092,0.006983071342200726
3754047,Liverpool,75,85,20,leading,late,low,0.01445578231292517,0.0,0.00576241134751773,0.1296338445018659,48.4,0.0010435135933806146,0.02066115702479339
3754047,Swansea City,75,85,72,trailing,late,medium,0.036564625850340135,0.027046556551986272,0.03802948430608005,0.11834089039943639,176.7311827956989,0.0019208037825059103,0.00565831102458019
3754047,Liverpool,80,90,49,leading,late,low,0.034013605442176874,0.0,0.02780234849924012,0.13371440746390933,144.56896551724137,0.002428708628841607,0.00691711389385808
3754047,Swansea City,80,90,61,trailing,late,medium,0.03571428571428571,0.03418787838857649,0.036038577261981515,0.11918338132650133,156.29577020202024,0.00374926122931442,0.006398125801532883
3754051,Watford,0,10,44,leading,early,low,0.023809523809523808,0.004793154735618648,0.020896656534954407,0.12214667897290966,118.64285714285714,0.0017453457446808508,0.008428657435279952
3754051,Liverpool,0,10,84,trailing,early,high,0.045068027210884355,0.02195463594607467,0.04423040061337933,0.1071440202705118,209.5427927927928,0.0021886081560283685,0.004772294893429496
3754051,Watford,5,15,35,leading,early,low,0.02295918367346939,0.0,0.00772938829787234,0.09818072918674717,87.27619047619048,0.001763815011820331,0.011457878655608903
3754051,Liverpool,5,15,82,trailing,early,high,0.047619047619047616,0.02400575230804945,0.03713294761727013,0.10408503814672246,204.72222222222223,0.0025856973995271866,0.004884667571234735
3754051,Watford,10,20,33,leading,early,low,0.023809523809523808,0.0,0.01784869976359338,0.13021355134681487,108.0,0.0017453457446808508,0.009259259259259259
3754051,Liverpool,10,20,68,trailing,early,medium,0.04081632653061224,0.014389646722855406,0.04625525348043078,0.1100048860815076,203.2095238095238,0.0018284574468085107,0.004921029198106576
3754051,Watford,15,25,35,leading,early,low,0.02465986394557823,0.0,0.026152482269503546,0.14669459563747791,112.17391304347827,0.002179373522458629,0.008914728682170543
3754051,Liverpool,15,25,61,trailing,early,medium,0.03486394557823129,0.038698681583830365,0.0294991134751773,0.1539628105790294,136.49425287356323,0.0024102393617021272,0.007326315789473683
3754051,Watford,20,30,33,leading,early,low,0.02465986394557823,0.014625850340136052,0.041939443535188206,0.12988123576663235,141.64615384615385,0.001726876477541371,0.007059845769523189
3754051,Liverpool,20,30,55,trailing,early,medium,0.030612244897959183,0.04447219721292738,0.025648080215211547,0.1407663486255178,134.72364672364674,0.0034075797872340427,0.0074226019286076795
3754051,Watford,25,35,34,leading,early,low,0.02040816326530612,0.0,0.02243824896062607,0.1197730674182603,109.57142857142857,0.0013667257683215128,0.009126466753585399
3754051,Liverpool,25,35,56,trailing,early,medium,0.03741496598639456,0.017526219212722287,0.03806926385605463,0.11608505750038517,174.25757575757575,0.0023548315602836874,0.005738631423354491
3754051,Watford,30,40,38,leading,middle,low,0.02465986394557823,0.0,0.036897774516996815,0.13471756391018602,140.4,0.0012743794326241136,0.007122507122507123
3754051,Liverpool,30,40,53,trailing,middle,medium,0.03486394557823129,0.07819988477089364,0.025861591312056738,0.10206454331365652,151.32010582010582,0.0024102393617021272,0.006608507141733247
3754051,Watford,35,45,35,leading,middle,low,0.02295918367346939,0.0,0.016843971631205674,0.13003392547731707,95.76904761904763,0.002216312056737589,0.010441787037267234
3754051,Liverpool,35,45,48,trailing,middle,low,0.030612244897959183,0.04101879693663006,0.03500343170899108,0.11697482509459892,167.4017094017094,0.001145094562647754,0.005973654651281527
3754051,Watford,40,50,42,leading,middle,low,0.025510204081632654,0.005587949465500485,0.0150709219858156,0.1299592874207243,96.28571428571429,0.002613401300236406,0.010385756676557863
3754051,Liverpool,40,50,75,trailing,middle,medium,0.0467687074829932,0.03956122816829723,0.0501280535855004,0.12112606244012301,221.19883040935673,0.0030566637115839244,0.004520819563780568
3754051,Watford,45,55,37,leading,middle,low,0.023809523809523808,0.01292517006802721,0.008922443376801648,0.10652918559254192,86.875,0.0017453457446808508,0.011510791366906475
3754051,Liverpool,45,55,103,trailing,middle,high,0.05952380952380952,0.028089975612087394,0.04108796296296296,0.11641872879691048,235.62059620596207,0.0027796247044917254,0.004244111152005889
3754051,Watford,50,60,32,leading,middle,low,0.022108843537414966,0.008503401360544217,0.012350207874786011,0.11553730976038977,93.79411764705883,0.0013297872340425532,0.01066164941988084
3754051,Liverpool,50,60,71,trailing,middle,medium,0.041666666666666664,0.01049433947642865,0.05866199619443002,0.11089567579693822,216.54329268292682,0.001809988179669031,0.004618014197577795
3754051,Watford,55,65,40,leading,middle,low,0.02465986394557823,0.03673469387755102,0.010001108156028369,0.09698757067408109,100.88235294117646,0.001726876477541371,0.00991253644314869
3754051,Liverpool,55,65,45,trailing,middle,low,0.02806122448979592,0.0378840046423923,0.016223404255319148,0.13545922531277327,110.70750988142292,0.0016529994089834515,0.00903281088221643
3754051,Watford,60,70,36,leading,late,low,0.02465986394557823,0.0,0.014128989361702128,0.10511471442522738,104.02807017543859,0.002179373522458629,0.009612790070156503
3754051,Liverpool,60,70,57,trailing,late,medium,0.036564625850340135,0.03469751204247793,0.02882548893187191,0.1362781565144224,146.34623655913978,0.0028257978723404257,0.0068331104612716935
3754051,Watford,65,75,23,leading,late,low,0.0195578231292517,0.044217687074829926,0.0030711752786220865,0.09592668198484937,62.86666666666667,0.001385195035460993,0.015906680805938492
3754051,Liverpool,65,75,62,trailing,late,medium,0.041666666666666664,0.05995362487173436,0.03608764427756918,0.1273859549850781,176.7284946236559,0.001809988179669031,0.005658397091705581
3754051,Liverpool,70,80,51,trailing,late,medium,0.03316326530612245,0.015611266653216358,0.040675844806007506,0.12182380492756527,171.1320564516129,0.0024471778959810875,0.0058434405612530415
3754051,Watford,75,85,30,leading,late,low,0.021258503401360544,0.0,0.030141843971631204,0.12438828594765025,118.97233201581028,0.0018007535460992908,0.00840531561461794
3754051,Liverpool,75,85,42,trailing,late,low,0.02806122448979592,0.0,0.03011721828211189,0.0980652893525686,161.53846153846155,0.0021054964539007092,0.00619047619047619
3754051,Watford,80,90,27,leading,late,low,0.01870748299319728,0.0,0.006819421713038735,0.12591055408953947,70.26373626373626,0.0018561613475177306,0.014232092586800126
3754051,Liverpool,80,90,43,trailing,late,low,0.02976190476190476,0.023719772600288704,0.024094478216818642,0.14056777683902574,119.46,0.0020685579196217494,0.008371002846140969
3754093,Tottenham Hotspur,0,10,82,tied,early,high,0.05187074829931973,0.006743364786909582,0.043948265435153115,0.11354990881437074,235.62764227642276,0.0020408540189125295,0.004243984238601625
3754093,Chelsea,0,10,33,tied,early,low,0.02040816326530612,0.004718730372563921,0.017664827948515892,0.12039939442630389,87.6,0.0027242169030732856,0.011415525114155252
3754093,Tottenham Hotspur,5,15,73,tied,early,medium,0.0467687074829932,0.006997084548104956,0.0425099463760595,0.10929928832180333,206.4078947368421,0.0026041666666666665,0.0048447759291132785
3754093,Chelsea,5,15,38,tied,early,low,0.02891156462585034,0.03687709450619484,0.03206774272438249,0.14766510265573954,122.45320197044335,0.0025395242316784868,0.008166385067181592
3754093,Tottenham Hotspur,10,20,35,tied,early,low,0.022108843537414966,0.0,0.0077785403797757955,0.10631054181068854,85.91428571428571,0.0017822842789598108,0.011639507815098106
3754093,Chelsea,10,20,45,tied,early,low,0.031462585034013606,0.017141782991766982,0.05410334346504559,0.10839996749275736,192.26136363636363,0.0015791223404255318,0.005201253029138838
3754093,Tottenham Hotspur,15,25,49,tied,early,low,0.03316326530612245,0.025104274037560197,0.03605200945626477,0.13761017356509966,161.17241379310346,0.002447177895981087,0.006204535729567822
3754093,Chelsea,15,25,62,tied,early,medium,0.036564625850340135,0.0030855209385180563,0.047745694022289766,0.1339215049798677,209.6810644257703,0.0014683067375886522,0.00476914786148471
3754093,Tottenham Hotspur,20,30,87,tied,early,high,0.05357142857142857,0.02957983701579486,0.041745662360688954,0.1081150262601176,226.5149359886202,0.002908909574468085,0.004414719919618186
3754093,Chelsea,20,30,46,tied,early,low,0.02806122448979592,0.007065473196897499,0.03186116483988825,0.11394663624007254,143.6564039408867,0.0016529994089834515,0.006961054102478376
3754093,Tottenham Hotspur,25,35,80,tied,early,medium,0.05187074829931973,0.043769848450892684,0.037658014841082214,0.12207422766192438,220.97142857142856,0.0024933510638297874,0.004525471942073959
3754093,Chelsea,25,35,30,tied,early,low,0.021258503401360544,0.01530612244897959,0.02656028368794326,0.14888485904534124,101.70750988142292,0.0018007535460992908,0.009832115653660812
3754093,Tottenham Hotspur,30,40,60,tied,middle,medium,0.03741496598639456,0.011701675729462206,0.02858550039401103,0.15013345940591394,148.73505747126435,0.0023548315602836874,0.006723364464314005
3754093,Chelsea,30,40,51,tied,middle,medium,0.02976190476190476,0.034513144387853786,0.01164710198092443,0.12422836620431339,114.51578947368421,0.0029735520094562647,0.008732420259215001
3754093,Tottenham Hotspur,35,45,71,tied,middle,medium,0.04421768707482993,0.03115894799351319,0.037234042553191495,0.12681869359737089,182.71764705882353,0.003112071513002364,0.005472925117506922
3754093,Chelsea,35,45,62,tied,middle,medium,0.034013605442176874,0.03448571247579032,0.024344604863221885,0.15049532371006094,133.09920634920636,0.002881205673758865,0.0075131928088011685
3754093,Tottenham Hotspur,40,50,75,tied,middle,medium,0.04336734693877551,0.027649553072969527,0.030048969942586965,0.1358516498260634,173.2594696969697,0.0022255466903073283,0.00577169029634569
3754093,Chelsea,40,50,71,tied,middle,medium,0.045068027210884355,0.029829433218236456,0.03905375139977604,0.11892081272222166,195.22024656235183,0.0035460992907801413,0.005122419511342066
3754093,Tottenham Hotspur,45,55,45,tied,middle,low,0.02891156462585034,0.03554246588769279,0.049906132665832284,0.12255409413413612,177.55040322580646,0.001182033096926714,0.005632203486061431
3754093,Chelsea,45,55,60,tied,middle,medium,0.036564625850340135,0.015365608121192377,0.03647416413373861,0.1380528029824972,162.7731092436975,0.0023733008274231674,0.006143520908621579
3754093,Tottenham Hotspur,50,60,43,tied,middle,low,0.030612244897959183,0.05289464466030954,0.03047429078014184,0.13040637127156118,141.3793103448276,0.002502585697399527,0.007073170731707317
3754093,Chelsea,50,60,29,tied,middle,low,0.017857142857142856,0.03673469387755102,0.002582485353068147,0.10782406491524155,47.92857142857143,0.00187463061465721,0.020864381520119223
3754093,Tottenham Hotspur,55,65,59,tied,middle,medium,0.03826530612244898,0.04105041406240198,0.041411454975284756,0.12879344373951096,189.28093434343432,0.0023363622931442075,0.0052831522808609145
3754093,Chelsea,55,65,34,tied,middle,low,0.022108843537414966,0.026210051886646626,0.027119600257898127,0.1413133191104479,102.94372294372295,0.0017822842789598108,0.009714045416316233
3754093,Tottenham Hotspur,60,70,48,tied,late,low,0.03231292517006803,0.0,0.015178379540081667,0.11350957911784813,120.87012987012987,0.00201315011820331,0.008273342645320727
3754093,Chelsea,60,70,43,tied,late,low,0.025510204081632654,0.019992713202348494,0.011239868287740627,0.11628749944988559,95.22222222222223,0.002160904255319149,0.010501750291715285
3754093,Tottenham Hotspur,65,75,66,tied,late,medium,0.041666666666666664,0.015416683659053406,0.02280677452718676,0.1413166584601281,145.13333333333333,0.002262485224586288,0.006890215893431328
3754093,Chelsea,65,75,32,tied,late,low,0.01870748299319728,0.056174318629604154,0.00846420128335022,0.15752818163229895,68.45238095238095,0.002308658392434988,0.014608695652173913
3754093,Tottenham Hotspur,70,80,76,tied,late,medium,0.050170068027210885,0.03792998004363851,0.0352887537993921,0.1327840840491867,187.25714285714287,0.002530289598108747,0.005340250228867867
3754093,Chelsea,70,80,27,tied,late,low,0.0195578231292517,0.0,0.004035216434336023,0.11029322879983826,60.15384615384615,0.0018376920803782504,0.016624040920716114
3754093,Tottenham Hotspur,75,85,48,tied,late,low,0.030612244897959183,0.048425536951741725,0.05347830621610346,0.13083833078778062,208.79677419354837,0.0015975916075650117,0.004789346022525376
3754093,Chelsea,75,85,58,tied,late,medium,0.03486394557823129,0.016967174045105407,0.03319253233208177,0.10457014439311359,182.15123456790124,0.00195774231678487,0.005489943575579918
3754093,Tottenham Hotspur,80,90,34,tied,late,low,0.021258503401360544,0.00942798064547184,0.006763856054636197,0.11943101583317663,73.92857142857143,0.0022532505910165487,0.013526570048309178
3754093,Chelsea,80,90,63,tied,late,medium,0.03571428571428571,0.014153134247626329,0.024356346040189124,0.11597143214740792,156.26946818613487,0.0023917700945626477,0.0063992026824388065
3754046,Everton,0,10,93,tied,early,high,0.06037414965986394,0.04894235302639508,0.04367396067577697,0.12026415135253543,245.2560975609756,0.002308658392434988,0.004077370593207698
3754046,Crystal Palace,0,10,50,tied,early,low,0.03486394557823129,0.009856525220266015,0.034730913642052566,0.13706512453863803,157.00100806451613,0.001505245271867612,0.006369385855083631
3754046,Everton,5,15,52,tied,early,medium,0.03741496598639456,0.06584911541700013,0.02492119779353822,0.10773348691444072,156.74384236453201,0.0023548315602836874,0.006379835947075647
3754046,Crystal Palace,5,15,58,tied,early,medium,0.03826530612244898,0.010856462561452422,0.03653415453527436,0.12370435761577217,183.4090909090909,0.0014313682033096926,0.005452292441140025
3754046,Everton,10,20,51,tied,early,medium,0.03316326530612245,0.04916776785628972,0.01827626329787234,0.1217650500795446,123.21230769230769,0.0024471778959810875,0.008116072320447507
3754046,Crystal Palace,10,20,55,tied,early,medium,0.03486394557823129,0.02480654013510089,0.05076585894405043,0.1228189597218911,203.48514557338086,0.00195774231678487,0.004914363636629091
3754046,Everton,15,25,67,tied,early,medium,0.0391156462585034,0.04031602749720373,0.05279635258358663,0.10688582250137586,216.5316526610644,0.002317893026004728,0.004618262446670065
3754046,Crystal Palace,15,25,44,tied,early,low,0.031462585034013606,0.03299319727891156,0.03892649903288201,0.11479000011350213,163.8896551724138,0.0015791223404255318,0.006101666386130281
3754046,Everton,20,30,78,tied,early,medium,0.04846938775510204,0.06081324304737603,0.0613105791962175,0.10126867695386514,288.60042735042737,0.0016622340425531915,0.003464998334135416
3754046,Crystal Palace,20,30,48,tied,early,low,0.030612244897959183,0.005442176870748299,0.028073286052009455,0.11476127556527431,142.27513227513228,0.0015975916075650117,0.007028635180364447
3754046,Everton,25,35,72,tied,early,medium,0.050170068027210885,0.08671349142489485,0.04745124113475178,0.12034576075109968,223.24615384615385,0.002077792553191489,0.004479360485149197
3754046,Crystal Palace,25,35,45,tied,early,low,0.031462585034013606,0.042133691289370355,0.044514291854717385,0.1120614914951089,177.80645161290323,0.00203161938534279,0.005624092888243832
3754046,Everton,30,40,60,tied,middle,medium,0.039965986394557826,0.021768707482993196,0.08983451536643026,0.08551700857438978,314.2573099415205,0.0018469267139479906,0.003182105772451524
3754046,Crystal Palace,30,40,37,tied,middle,low,0.027210884353741496,0.01530612244897959,0.031914893617021274,0.16118594168546405,116.41666666666667,0.002123965721040189,0.008589835361488905
3754046,Everton,35,45,50,tied,middle,low,0.03486394557823129,0.0,0.034574468085106384,0.11530450683842104,178.62399193548387,0.001505245271867612,0.005598352097971162
3754046,Crystal Palace,35,45,37,tied,middle,low,0.02465986394557823,0.0,0.0339095744680851,0.12992843355617606,141.55384615384617,0.0012743794326241136,0.007064449516356917
3754046,Everton,40,50,62,tied,middle,medium,0.04336734693877551,0.0548876387276359,0.044170500287521564,0.11620497445244368,195.55555555555554,0.002678043735224586,0.005113636363636364
3754046,Crystal Palace,40,50,46,tied,middle,low,0.03486394557823129,0.006802721088435374,0.06464811783960721,0.1078622907687954,216.11711711711712,0.001505245271867612,0.004627120763683355
3754046,Everton,45,55,62,tied,middle,medium,0.04421768707482993,0.06145675910611856,0.03263369752731455,0.12119940694811863,170.68235294117648,0.003112071513002364,0.005858836503997794
3754046,Crystal Palace,45,55,45,tied,middle,low,0.034013605442176874,0.014625850340136052,0.02129932715039098,0.11408861511431141,140.24603174603175,0.001523714539007092,0.00713032652368287
3754046,Everton,50,60,52,tied,middle,medium,0.03826530612244898,0.04455040277128642,0.029584599797365753,0.12973688257584826,163.1483870967742,0.0018838652482269503,0.006129389433723505
3754046,Crystal Palace,50,60,24,tied,middle,low,0.017006802721088437,0.0,0.0069858156028368805,0.12104709424391466,69.0909090909091,0.0014406028368794325,0.014473684210526316
3754046,Everton,55,65,69,tied,middle,medium,0.04591836734693878,0.020519540386231203,0.04274155288592978,0.10603008630769153,221.21858700806067,0.0026226359338061465,0.004520415818240275
3754046,Everton,60,70,73,tied,late,medium,0.04931972789115646,0.05046735505595234,0.05554418985270049,0.109630607933898,243.4356725146199,0.002096261820330969,0.004107861389706324
3754046,Crystal Palace,60,70,26,tied,late,low,0.016156462585034014,0.0,0.009113475177304963,0.13378313072279482,72.83809523809524,0.0014590721040189125,0.013729079497907951
3754046,Everton,65,75,74,tied,late,medium,0.04931972789115646,0.05193134325662285,0.03486198964922369,0.1222862587742215,200.9173669467787,0.002096261820330969,0.004977170541284723
3754046,Crystal Palace,65,75,40,tied,late,low,0.02806122448979592,0.01020408163265306,0.03546099290780142,0.13749070739867347,148.0,0.0012005023640661936,0.006756756756756757
3754046,Everton,70,80,66,trailing,late,medium,0.04251700680272109,0.051081062836558326,0.02960007880220646,0.11858374011662513,181.57258064516128,0.001791518912529551,0.005507439484787919
3754046,Crystal Palace,70,80,39,leading,late,low,0.027210884353741496,0.01020408163265306,0.045927705330587966,0.14170543768192476,164.39408866995075,0.002123965721040189,0.006082943785209157
3754046,Everton,75,85,67,tied,late,medium,0.045068027210884355,0.025396825396825397,0.041337386018237075,0.1383590810051541,207.96638655462183,0.0021886081560283685,0.004808469371262325
3754046,Crystal Palace,75,85,25,tied,late,low,0.017006802721088437,0.01020408163265306,0.0029181442080378254,0.10372332748032626,50.285714285714285,0.0014406028368794325,0.019886363636363636
3754046,Everton,80,90,69,tied,late,medium,0.047619047619047616,0.007480581272697176,0.037190797439889296,0.1264855070927654,200.9608636977058,0.0016807033096926714,0.004976093263135275
3754046,Crystal Palace,80,90,23,tied,late,low,0.017006802721088437,0.0,0.005035460992907802,0.12271083721764374,59.696969696969695,0.000988105791962175,0.016751269035532996
3754072,Sunderland,0,10,54,trailing,early,medium,0.03741496598639456,0.012853747460137182,0.03965894868585732,0.13794248177615406,168.4848484848485,0.0019023345153664304,0.00593525179856115
3754072,Watford,0,10,58,leading,early,medium,0.03826530612244898,0.07921780159295902,0.020518383725270622,0.08681337553585258,183.23715415019763,0.0018838652482269503,0.005457408485946634
3754072,Sunderland,5,15,46,trailing,early,low,0.02891156462585034,0.0,0.014083080040526849,0.10476026142387723,115.47368421052632,0.0016345301418439714,0.008659981768459436
3754072,Watford,5,15,59,leading,early,medium,0.04251700680272109,0.020214834851779388,0.03630530226274907,0.10645058101143394,193.9404761904762,0.002696513002364066,0.005156221226444048
3754072,Sunderland,10,20,43,trailing,early,low,0.027210884353741496,0.0,0.041251108156028365,0.12501671483912946,163.1706349206349,0.0012189716312056738,0.006128553709963764
3754072,Watford,10,20,66,leading,early,medium,0.041666666666666664,0.01797333576749879,0.024625689519306534,0.11504413208262054,155.6077419354839,0.002714982269503546,0.0064264154698331615
3754072,Sunderland,15,25,43,trailing,early,low,0.030612244897959183,0.009750566893424037,0.04967398764584763,0.1319448199438584,181.78136200716844,0.0015975916075650117,0.005501114024883176
3754072,Watford,15,25,49,leading,early,low,0.031462585034013606,0.01199968725597198,0.026195378631892016,0.13827017201384834,130.7475369458128,0.0029366134751773044,0.007648327634764098
3754072,Sunderland,20,30,40,trailing,early,low,0.031462585034013606,0.0227891156462585,0.02549220596926714,0.10396130431944309,134.72222222222223,0.0015791223404255318,0.007422680412371134
3754072,Watford,20,30,55,leading,early,medium,0.03486394557823129,0.0029478458049886623,0.04033687943262411,0.12331664296702864,168.7433155080214,0.0024102393617021272,0.005926160671842814
3754072,Sunderland,25,35,64,trailing,early,medium,0.04251700680272109,0.03555403013231285,0.044565842438182866,0.12068210545427385,199.93993993993993,0.001791518912529551,0.0050015019525383
3754072,Watford,25,35,66,leading,early,medium,0.03741496598639456,0.027100297283747334,0.06527622247107129,0.11261843797204166,234.1081081081081,0.0019023345153664304,0.0042715308242900025
3754072,Sunderland,30,40,58,trailing,middle,medium,0.0391156462585034,0.025274327072695172,0.055132259919493956,0.10021245281793036,244.0346218487395,0.0018653959810874708,0.004097779210278745
3754072,Watford,30,40,66,leading,middle,medium,0.041666666666666664,0.05711493895826425,0.03723404255319149,0.12059796705496059,191.49584076054666,0.001809988179669031,0.005222045533878912
3754072,Sunderland,35,45,34,trailing,middle,low,0.02465986394557823,0.017006802721088433,0.03536600810536981,0.13146742472490425,131.53846153846155,0.001726876477541371,0.00760233918128655
3754072,Watford,35,45,65,leading,middle,medium,0.041666666666666664,0.05706371559538898,0.032248012035246076,0.12790255554128635,168.35511363636363,0.002262485224586288,0.00593982551762542
3754072,Sunderland,40,50,55,trailing,middle,medium,0.030612244897959183,0.010856462561452422,0.03434650455927051,0.11285061507559646,169.14039408866995,0.0015975916075650117,0.005912248256178008
3754072,Watford,40,50,74,leading,middle,medium,0.04336734693877551,0.048855424215398596,0.03389653733833959,0.14057778619209108,198.06199596774192,0.0017730496453900709,0.005048924177068622
3754072,Sunderland,45,55,67,trailing,middle,medium,0.0391156462585034,0.041876035851200796,0.04820478723404256,0.11751449903687436,198.11428571428573,0.0018653959810874708,0.00504759157773291
3754072,Watford,45,55,72,leading,middle,medium,0.04336734693877551,0.04201914454471795,0.037058144770910725,0.11624247395331375,219.09411764705882,0.0013205526004728132,0.004564248509907104
3754072,Sunderland,50,60,57,trailing,middle,medium,0.03486394557823129,0.035665694849368317,0.029394630192502533,0.1169645189768369,152.51954022988508,0.0024102393617021272,0.006556536942694359
3754072,Watford,50,60,35,leading,middle,low,0.023809523809523808,0.0,0.01497921252139887,0.13260016309057976,102.64047619047619,0.0012928486997635933,0.009742745134426686
3754072,Sunderland,55,65,59,trailing,middle,medium,0.03486394557823129,0.017644221265197955,0.03618591164302601,0.12350783734871044,161.52889784946237,0.00195774231678487,0.006190842711822096
3754072,Watford,55,65,33,leading,middle,low,0.017857142857142856,0.01565772846431322,0.010976021614319485,0.16311048152826496,65.71323529411765,0.00187463061465721,0.015217634552981984
3754072,Sunderland,60,70,48,trailing,late,low,0.034013605442176874,0.02734586462442004,0.04826345431789737,0.11738612991662105,181.09803921568627,0.001523714539007092,0.00552187093980078
3754072,Watford,60,70,54,leading,late,medium,0.03231292517006803,0.024432437789340653,0.0413806909174102,0.11881059756729304,167.78351254480285,0.002465647163120567,0.005960061181416573
3754072,Sunderland,65,75,40,trailing,late,low,0.02806122448979592,0.0,0.017673301304049416,0.12136933439157038,121.80237154150197,0.0021054964539007092,0.008210020768431983
3754072,Watford,65,75,52,leading,late,medium,0.03316326530612245,0.012789115646258504,0.030027453671928623,0.14980395192813048,149.207881773399,0.001542183806146572,0.006702058819645286
3754072,Sunderland,70,80,49,trailing,late,low,0.031462585034013606,0.0,0.04942375886524822,0.11697237011583786,196.76388888888889,0.0011266252955082741,0.005082233359215077
3754072,Watford,70,80,49,leading,late,low,0.02891156462585034,0.012351301385183876,0.012524625689519309,0.11943461077900118,106.81263157894738,0.0025395242316784868,0.009362188584042887
3754072,Sunderland,75,85,59,trailing,late,medium,0.036564625850340135,0.012208008094427594,0.03413964876730834,0.12350732839388116,174.38709677419354,0.0019208037825059103,0.0057343692193858676
3754072,Watford,75,85,42,leading,late,low,0.027210884353741496,0.02271286246409125,0.042430912203472726,0.12016325321362525,165.4985754985755,0.0016714686761229313,0.006042348080564641
3754072,Sunderland,80,90,52,trailing,late,medium,0.036564625850340135,0.005215419501133788,0.04619513130151428,0.12045421578833937,190.79103641456584,0.0019208037825059103,0.005241336379278956
3754072,Watford,80,90,42,leading,late,low,0.025510204081632654,0.02678295658369366,0.022767569310122502,0.12168759125014522,149.58441558441558,0.0012559101654846334,0.006685188400764022
3754082,Everton,0,10,61,tied,early,medium,0.03741496598639456,0.006122448979591836,0.06841755319148936,0.10641792422779725,234.48717948717947,0.0019023345153664304,0.004264625478403499
3754082,Sunderland,0,10,33,tied,early,low,0.02040816326530612,0.0,0.008742968941061384,0.11169899941966216,87.96666666666667,0.0018192228132387705,0.011367942402425162
3754082,Everton,5,15,83,tied,early,high,0.04421768707482993,0.019974003504848938,0.044463183993542064,0.10496907237616167,218.91984126984127,0.0017545803782505912,0.004567881989131341
3754082,Sunderland,5,15,37,tied,early,low,0.023809523809523808,0.0,0.01368572695035461,0.12376702275762874,89.41428571428571,0.002197842789598109,0.011183895190925068
3754082,Everton,10,20,76,tied,early,medium,0.04591836734693878,0.022464390800819814,0.0554289091523134,0.099440057964925,250.55021367521366,0.0021701388888888886,0.00399121591369422
3754082,Sunderland,10,20,34,tied,early,low,0.023809523809523808,0.00782312925170068,0.016400709219858155,0.11665363297940826,88.24242424242425,0.002197842789598109,0.011332417582417582
3754082,Everton,15,25,55,leading,early,medium,0.03571428571428571,0.016291381271235413,0.07437476670399402,0.10442947634980088,247.77619724988145,0.0014867760047281324,0.004035900183710962
3754082,Sunderland,15,25,25,trailing,early,low,0.02040816326530612,0.016666666666666666,0.018156028368794326,0.12740843227958953,88.02631578947368,0.002271719858156028,0.011360239162929745
3754082,Everton,20,30,89,leading,early,high,0.04591836734693878,0.03669290476093387,0.05089561738497909,0.09469134566428956,287.5899470899471,0.0030751329787234044,0.0034771730031552127
3754082,Everton,25,35,116,leading,early,high,0.055272108843537414,0.034458273219542035,0.032423341677096366,0.13177669688963634,245.60269360269356,0.0024194739952718676,0.0040716165825839005
3754082,Sunderland,25,35,24,trailing,early,low,0.017006802721088437,0.006802721088435374,0.005473327166204131,0.12773980630398876,57.07692307692308,0.0014406028368794325,0.01752021563342318
3754082,Everton,30,40,77,leading,middle,medium,0.0467687074829932,0.05454886294447396,0.03329572318934021,0.13261215272709215,206.54261363636363,0.003509160756501182,0.004841615889303055
3754082,Sunderland,30,40,37,trailing,middle,low,0.025510204081632654,0.013836251325886978,0.02963947990543735,0.1066339243712496,122.71538461538462,0.0017084072104018911,0.008148937503917758
3754082,Everton,35,45,90,leading,middle,high,0.05612244897959184,0.02422006041060118,0.026308927826449727,0.14067079505245408,197.5115864527629,0.0028535017730496456,0.005062994115735894
3754082,Sunderland,35,45,35,trailing,middle,low,0.025510204081632654,0.0,0.02630023640661938,0.121725206977,124.63,0.0026134013002364065,0.008023750300890637
3754082,Everton,40,50,120,leading,middle,high,0.06972789115646258,0.06279058466249889,0.037202689846047396,0.11803648226657595,257.81951219512194,0.002557993498817967,0.0038786823832138197
3754082,Sunderland,40,50,49,trailing,middle,low,0.03486394557823129,0.0,0.042451874366767985,0.12708916681685667,160.72941176470587,0.00195774231678487,0.006221636656419265
3754082,Everton,45,55,78,tied,middle,medium,0.050170068027210885,0.037054307029506656,0.05414450354609929,0.10952529403102185,249.84700854700853,0.002530289598108747,0.004002449362173775
3754082,Sunderland,45,55,50,tied,middle,low,0.036564625850340135,0.007482993197278911,0.04653057312631781,0.11402979417020138,173.53303303303304,0.0019208037825059101,0.005762591608766753
3754082,Everton,50,60,46,tied,middle,low,0.02976190476190476,0.026757369614512472,0.04382757092198582,0.13119532226170977,171.16666666666666,0.0016160608747044917,0.0058422590068159695
3754082,Sunderland,50,60,55,tied,middle,medium,0.03741496598639456,0.017274249372145986,0.028335960073548723,0.11490669859534723,160.44827586206895,0.0023548315602836874,0.006232538147431765
3754082,Everton,55,65,32,leading,middle,low,0.0195578231292517,0.021428571428571425,0.005013450721447786,0.09840932470578732,68.66666666666667,0.0018376920803782504,0.014563106796116504
3754082,Sunderland,55,65,65,trailing,middle,medium,0.03486394557823129,0.02990069598559419,0.016782831988261186,0.13322178796679393,133.0588768115942,0.003315233451536643,0.007515470023213545
3754082,Everton,60,70,105,leading,late,high,0.047619047619047616,0.031247044949103773,0.05087933678359209,0.1324518983634426,267.312012012012,0.0021332003546099287,0.0037409467403771725
3754082,Sunderland,60,70,29,trailing,late,low,0.016156462585034014,0.01355867882882975,0.01310086682427108,0.1793432648754847,67.72222222222223,0.0019115691489361702,0.014766201804757998
3754082,Everton,65,75,148,leading,late,high,0.06292517006802721,0.031869253767352085,0.042519946808510636,0.12136167844081695,290.94602564102564,0.002705747635933806,0.0034370636196069497
3754082,Everton,70,80,97,leading,late,high,0.050170068027210885,0.03076772744153285,0.0416586799565523,0.132141504647102,227.06706706706706,0.002077792553191489,0.004403985187797567
3754082,Sunderland,70,80,30,trailing,late,low,0.021258503401360544,0.018427416716149506,0.015752864157119476,0.14312169283116408,86.27894736842106,0.0018007535460992908,0.011590312938449338
3754082,Everton,75,85,77,leading,late,medium,0.04421768707482993,0.027094016440427752,0.04448488241881299,0.11553607744076766,218.47222222222223,0.0017545803782505912,0.004577240940877305
3754082,Sunderland,75,85,57,trailing,late,medium,0.04081632653061224,0.049659863945578225,0.04178646731838222,0.12542928438598583,189.2058823529412,0.0018284574468085107,0.005285247940307787
3754082,Everton,80,90,54,leading,late,medium,0.034013605442176874,0.007853456588347194,0.028864205256570713,0.11849013356157012,156.2807881773399,0.001523714539007092,0.006398739164696612
3754082,Sunderland,80,90,60,trailing,late,medium,0.04336734693877551,0.06384839650145772,0.05319148936170212,0.1237159387761442,212.05263157894737,0.0022255466903073283,0.0047158103747828245
3754106,Leicester City,0,10,26,tied,early,low,0.016156462585034014,0.0,0.010106382978723405,0.1309492035991412,74.28571428571429,0.0014590721040189125,0.01346153846153846
3754106,Aston Villa,0,10,54,tied,early,medium,0.031462585034013606,0.011658132240659619,0.023591410559495665,0.11609789868209235,136.6216931216931,0.002484116430260047,0.007319481827159538
3754106,Leicester City,5,15,27,tied,early,low,0.015306122448979591,0.026569763637238824,0.003503883823032759,0.12009559662377642,52.5,0.0023825354609929078,0.01904761904761905
3754106,Aston Villa,5,15,57,tied,early,medium,0.03571428571428571,0.015375393122830275,0.03400483700385716,0.11998253876566607,169.14583333333331,0.00193927304964539,0.0059120581352383305
3754106,Leicester City,10,20,44,tied,early,low,0.026360544217687076,0.008570891495883491,0.028590425531914893,0.15493921931269575,124.81538461538462,0.0016899379432624112,0.008011832860840626
3754106,Aston Villa,10,20,71,tied,early,medium,0.04591836734693878,0.01911510918295832,0.03298895253682487,0.12111012183561926,192.43193277310925,0.0017176418439716313,0.005196642706795811
3754106,Leicester City,15,25,43,tied,early,low,0.02976190476190476,0.053807644045116024,0.024957016978293573,0.11884754110659573,148.43166666666667,0.001163563829787234,0.006737106861743339
3754106,Aston Villa,15,25,67,tied,early,medium,0.045068027210884355,0.02485921886667692,0.05244135297326786,0.10511678831445473,223.406432748538,0.0017361111111111112,0.004476146849028205
3754106,Leicester City,20,30,40,tied,early,low,0.023809523809523808,0.03696145124716553,0.014813543811484786,0.1027939227040771,108.8561403508772,0.002197842789598109,0.009186436307374935
3754106,Aston Villa,20,30,52,tied,early,medium,0.02976190476190476,0.029136302594187667,0.02668745414526779,0.124116867651971,137.55,0.0020685579196217494,0.007270083605961468
3754106,Leicester City,25,35,40,tied,early,low,0.02465986394557823,0.01635203594452844,0.012854609929078015,0.11535400898840252,113.25490196078431,0.0012743794326241136,0.008829639889196677
3754106,Aston Villa,25,35,72,tied,early,medium,0.03741496598639456,0.06525834812444459,0.039759295078444015,0.1286245834850614,203.44827586206895,0.0028073286052009453,0.004915254237288136
3754106,Leicester City,30,40,41,tied,middle,low,0.025510204081632654,0.017141782991766982,0.02596659803248684,0.12307075534035743,143.4308300395257,0.0012559101654846334,0.006972001763668431
3754106,Aston Villa,30,40,75,tied,middle,medium,0.04251700680272109,0.04281068225713567,0.042654156816390856,0.1152265272986262,198.4436507936508,0.002696513002364066,0.005039213882634309
3754106,Leicester City,35,45,50,trailing,middle,low,0.02891156462585034,0.010249075056212576,0.04266400709219858,0.11776048557945246,160.34827586206896,0.0020870271867612297,0.006236425023117782
3754106,Aston Villa,35,45,42,leading,middle,low,0.023809523809523808,0.014625850340136052,0.028483184625943715,0.08737614222771935,147.14935064935065,0.0017453457446808508,0.0067958166012091255
3754106,Leicester City,40,50,95,trailing,middle,high,0.05612244897959184,0.030140883869071013,0.035442753660838766,0.1319609408376634,212.11542959964012,0.0028535017730496456,0.004714414231380821
3754106,Aston Villa,40,50,53,leading,middle,medium,0.03741496598639456,0.009894272914877806,0.05726471152003066,0.10884667496118419,205.3133133133133,0.0019023345153664304,0.004870604754568325
3754106,Leicester City,45,55,90,trailing,middle,high,0.05442176870748299,0.017392805762508658,0.030636820330969268,0.12588439215605499,200.1529160739687,0.0024379432624113476,0.004996180018833396
3754106,Aston Villa,45,55,74,leading,middle,medium,0.047619047619047616,0.015420837454266345,0.04998446687276475,0.10595127698689154,223.3697705802969,0.0021332003546099287,0.004476881528785563
3754106,Leicester City,50,60,57,trailing,middle,medium,0.03486394557823129,0.03944707871085562,0.03341706067769898,0.10765191008117625,181.4655172413793,0.002862736406619385,0.0055106888361045134
3754106,Aston Villa,50,60,53,leading,middle,medium,0.03571428571428571,0.029591836734693875,0.02561449890239784,0.12369977503741221,148.6468253968254,0.00193927304964539,0.006727355241730959
3754106,Leicester City,55,65,51,trailing,middle,medium,0.03316326530612245,0.013904798124819345,0.022365754812563324,0.10372575001602653,152.79076923076923,0.002899674940898345,0.006544898000281935
3754106,Aston Villa,55,65,34,leading,middle,low,0.02295918367346939,0.026530612244897955,0.020011049439819097,0.12878407197503944,93.36904761904762,0.002216312056737589,0.010710187428279994
3754106,Leicester City,60,70,42,trailing,late,low,0.027210884353741496,0.011337868480725623,0.04221002059025395,0.12831786186804472,162.26600985221674,0.0025764627659574466,0.006162720097146327
3754106,Aston Villa,60,70,50,leading,late,low,0.030612244897959183,0.02259499449311586,0.02679592770533059,0.123506764227578,131.6239316239316,0.002955082742316785,0.007597402597402598
3754106,Leicester City,65,75,34,trailing,late,low,0.021258503401360544,0.0,0.0070921985815602835,0.12195921507941083,72.0,0.001348256501182033,0.013888888888888888
3754106,Aston Villa,65,75,54,leading,late,medium,0.034013605442176874,0.030168859607234453,0.033480218328466135,0.11471087484405205,162.8505747126437,0.00197621158392435,0.006140598531902879
3754106,Leicester City,70,80,33,trailing,late,low,0.0195578231292517,0.02568445644553698,0.018694110391612704,0.15033227136073551,99.40305010893246,0.001385195035460993,0.010060053478279929
3754106,Aston Villa,70,80,30,leading,late,low,0.021258503401360544,0.0,0.010237931823381376,0.09828250819733761,93.47058823529412,0.0022532505910165487,0.010698552548772814
3754106,Leicester City,75,85,41,trailing,late,low,0.02465986394557823,0.018258171168984674,0.032556859867938374,0.10730134084713389,147.25,0.0012743794326241136,0.006791171477079796
3754106,Aston Villa,75,85,21,leading,late,low,0.015306122448979591,0.0,0.0007551878119254007,0.08464794192111852,35.46666666666667,0.0014775413711583924,0.02819548872180451
3754106,Leicester City,80,90,35,tied,late,low,0.02465986394557823,0.011693528451916105,0.02301270685579196,0.16057256736583506,100.4945652173913,0.001726876477541371,0.009950786869287763
3754106,Aston Villa,80,90,22,tied,late,low,0.013605442176870748,0.0,0.0008865248226950353,0.08934765390536054,30.666666666666668,0.0010619828605200946,0.03260869565217391
3754099,Crystal Palace,0,10,53,tied,early,medium,0.03231292517006803,0.020618106476071624,0.034359552976574254,0.10953478499434681,167.52557319223985,0.0015606530732860519,0.005969237895712045
3754099,West Bromwich Albion,0,10,54,tied,early,medium,0.03571428571428571,0.01450321266050162,0.02867449254096356,0.146689316755963,150.17446633825944,0.0023917700945626473,0.00665892161552655
3754099,Crystal Palace,5,15,47,tied,early,low,0.031462585034013606,0.0106731202886508,0.030410487857296366,0.12581298329206614,142.26600985221674,0.002484116430260047,0.007029085872576178
3754099,West Bromwich Albion,5,15,64,tied,early,medium,0.041666666666666664,0.029576624574777582,0.030658983451536642,0.14044265156876024,170.53763440860217,0.0031674793144208036,0.005863808322824716
3754099,Crystal Palace,10,20,69,tied,early,medium,0.04251700680272109,0.022006265645543352,0.0361429350791053,0.11749165599176194,186.13613445378152,0.001791518912529551,0.005372411987250679
3754099,West Bromwich Albion,10,20,37,tied,early,low,0.027210884353741496,0.029591836734693875,0.0254035216434336,0.1156974380864786,131.82065217391303,0.0016714686761229313,0.0075860647289218725
3754099,Crystal Palace,15,25,74,tied,early,medium,0.04421768707482993,0.024222153193030917,0.035444370567375885,0.11894514415113736,193.86946778711484,0.0026595744680851063,0.005158109791161572
3754099,Crystal Palace,20,30,44,tied,early,low,0.027210884353741496,0.02762738474062946,0.01960908476865924,0.13393039810332777,107.02173913043478,0.0025764627659574466,0.009343895998374974
3754099,Crystal Palace,25,35,51,tied,early,medium,0.034013605442176874,0.033910356205873904,0.016109546655541648,0.1276980202367666,121.73333333333333,0.00197621158392435,0.008214676889375685
3754099,Crystal Palace,30,40,77,tied,middle,medium,0.04846938775510204,0.04435384639634235,0.03959879597558963,0.10554356824627872,217.46288798920378,0.002114731087470449,0.00459848578875512
3754099,West Bromwich Albion,30,40,24,tied,middle,low,0.012755102040816327,0.0,0.0016797312430011197,0.120678388330182,30.761904761904763,0.0010804521276595745,0.032507739938080496
3754099,Crystal Palace,35,45,61,tied,middle,medium,0.03826530612244898,0.031201345487668557,0.05209731007603348,0.12294560222070847,207.04054054054055,0.0014313682033096926,0.00482997193394687
3754099,West Bromwich Albion,35,45,28,tied,middle,low,0.017006802721088437,0.0,0.0015197568389057753,0.08028574833376435,46.095238095238095,0.000988105791962175,0.02169421487603306
3754099,Crystal Palace,40,50,49,tied,middle,low,0.03486394557823129,0.0,0.04355337334060738,0.11360873042205477,184.6764705882353,0.00195774231678487,0.005414874980092371
3754099,West Bromwich Albion,40,50,55,tied,middle,medium,0.03826530612244898,0.009438223969799958,0.037882719252724434,0.10805637851631114,192.66098484848484,0.0014313682033096926,0.0051904644875890886
3754099,Crystal Palace,45,55,61,tied,middle,medium,0.0467687074829932,0.006802721088435374,0.06468944766817107,0.12155082788935533,247.81871035940804,0.0012466755319148935,0.004035207828132564
3754099,West Bromwich Albion,45,55,60,tied,middle,medium,0.04251700680272109,0.014072506823714762,0.04083185579196218,0.10985538026968111,191.31631631631632,0.002696513002364066,0.00522694571615435
3754099,Crystal Palace,50,60,66,tied,middle,medium,0.047619047619047616,0.06356225255530737,0.057380319148936175,0.10580114262366173,248.96153846153845,0.0021332003546099287,0.004016684690251815
3754099,West Bromwich Albion,50,60,39,tied,middle,low,0.02891156462585034,0.02040816326530612,0.026443768996960486,0.11418010011407793,142.69538461538463,0.0020870271867612297,0.00700793513886493
3754099,Crystal Palace,55,65,68,tied,middle,medium,0.047619047619047616,0.0738006215338021,0.040862119718502704,0.11990399824031246,205.27027027027026,0.0016807033096926714,0.004871626069782752
3754099,West Bromwich Albion,55,65,25,tied,middle,low,0.01870748299319728,0.0,0.006921713038734314,0.12280834727208614,68.41025641025641,0.0014036643026004727,0.01461769115442279
3754099,Crystal Palace,60,70,38,tied,late,low,0.026360544217687076,0.03114601069053444,0.03676439547450185,0.15024139689374033,147.75384615384615,0.0016899379432624112,0.006768013327780092
3754099,West Bromwich Albion,60,70,22,tied,late,low,0.01445578231292517,0.0,0.0026595744680851063,0.11174476758655662,45.23809523809524,0.0010435135933806149,0.022105263157894735
3754099,Crystal Palace,65,75,26,leading,late,low,0.0195578231292517,0.0,0.0020458265139116204,0.10120248361364359,44.57142857142857,0.001385195035460993,0.022435897435897436
3754099,West Bromwich Albion,65,75,36,trailing,late,low,0.026360544217687076,0.012373800560759643,0.014154846335697401,0.12023203240524892,104.38421052631578,0.0016899379432624112,0.009579992941057833
3754099,Crystal Palace,70,80,51,leading,late,medium,0.03741496598639456,0.026998308212032997,0.061022458628841605,0.12419015678643748,223.97619047619048,0.0014498374704491725,0.004464760284894228
3754099,West Bromwich Albion,70,80,52,trailing,late,medium,0.036564625850340135,0.008820593140231996,0.03660081053698075,0.13900742706472863,173.1534090909091,0.0019208037825059103,0.005775225594749795
3754099,Crystal Palace,75,85,67,leading,late,medium,0.041666666666666664,0.05965136943652279,0.041338324139742574,0.1280864625522563,183.69126984126984,0.001809988179669031,0.005443916854971463
3754099,West Bromwich Albion,75,85,43,trailing,late,low,0.02891156462585034,0.0,0.0344636524822695,0.14038028701253336,137.76014109347443,0.0020870271867612297,0.007258993726795545
3754099,Crystal Palace,80,90,55,leading,late,medium,0.036564625850340135,0.05612244897959183,0.024379432624113472,0.10290718322542669,163.10344827586206,0.0019208037825059103,0.00613107822410148
3754099,West Bromwich Albion,80,90,29,trailing,late,low,0.01870748299319728,0.01258503401360544,0.008971631205673758,0.12493648886258679,72.39583333333333,0.002308658392434988,0.01381294964028777
3754098,Chelsea,0,10,41,leading,early,low,0.021258503401360544,0.017913832199546485,0.0038652482269503547,0.12187236295844077,61.34615384615385,0.0018007535460992908,0.016300940438871474
3754098,Liverpool,0,10,66,trailing,early,medium,0.04251700680272109,0.016970826046962127,0.037145390070921984,0.13082827086137658,184.99915966386556,0.003149010047281324,0.00540542995880063
3754098,Chelsea,5,15,40,leading,early,low,0.022108843537414966,0.040006478781988986,0.004188065541697237,0.10297522413699191,64.46886446886447,0.0026872783687943258,0.015511363636363637
3754098,Liverpool,5,15,78,trailing,early,medium,0.0467687074829932,0.027834900702538492,0.04082446808510638,0.11544033182873192,203.14556661925084,0.0026041666666666665,0.0049225785068411935
3754098,Chelsea,10,20,30,leading,early,low,0.017857142857142856,0.061224489795918366,0.008694762684124387,0.12132852488482555,72.0,0.00187463061465721,0.013888888888888888
3754098,Liverpool,10,20,117,trailing,early,high,0.06037414965986394,0.03370772057398857,0.04206006205673759,0.12326637359409956,252.28711538461536,0.0018561613475177301,0.003963737896307092
3754098,Chelsea,15,25,44,leading,early,low,0.023809523809523808,0.018349429598881337,0.013371749408983452,0.15639287141313607,84.0140350877193,0.0017453457446808508,0.011902773137320416
3754098,Liverpool,15,25,100,trailing,early,high,0.050170068027210885,0.019456190976331323,0.046080347942050064,0.10887529958241107,222.60652271704905,0.002530289598108747,0.00449223134971243
3754098,Chelsea,20,30,42,leading,early,low,0.025510204081632654,0.019683783145506013,0.024584015275504637,0.13885410603081488,116.71557971014492,0.0017084072104018911,0.008567836466077887
3754098,Liverpool,20,30,47,trailing,early,low,0.02976190476190476,0.025712674487650473,0.032465150403521645,0.1590562874780294,131.40886699507388,0.0020685579196217494,0.007609836557204979
3754098,Chelsea,25,35,53,leading,early,medium,0.03316326530612245,0.047765566910086196,0.020316193853427894,0.11054444993490824,138.737922705314,0.001542183806146572,0.007207834602829163
3754098,Liverpool,25,35,50,trailing,early,low,0.03231292517006803,0.03602000535660649,0.037287771330324515,0.12523777146615028,151.03870967741935,0.00201315011820331,0.006620819272991329
3754098,Chelsea,30,40,59,leading,middle,medium,0.03741496598639456,0.03406432071891293,0.028800338306024287,0.1460797253434437,149.29802955665025,0.0019023345153664304,0.006698012043223624
3754098,Liverpool,30,40,62,trailing,middle,medium,0.041666666666666664,0.052509854982528345,0.05301651735722284,0.1301623023019987,210.0398293029872,0.001809988179669031,0.004761001774370505
3754098,Chelsea,35,45,28,leading,middle,low,0.021258503401360544,0.012244897959183673,0.024398704902867715,0.1662123473773289,87.5494071146245,0.0018007535460992908,0.011422121896162528
3754098,Liverpool,35,45,78,trailing,middle,medium,0.05272108843537415,0.06414282951160293,0.04445216795615732,0.11285006570160215,244.96923076923076,0.002022384751773049,0.004082145324373548
3754098,Chelsea,40,50,61,leading,middle,medium,0.04081632653061224,0.028458869560682058,0.028022495567375884,0.13847315643062708,145.18817204301075,0.002280954491725768,0.0068876134049250136
3754098,Liverpool,40,50,96,trailing,middle,high,0.06207482993197279,0.04385258296131918,0.0462267716751883,0.11667704410113225,269.5813953488372,0.0018192228132387705,0.0037094547964113185
3754098,Chelsea,45,55,59,tied,middle,medium,0.03741496598639456,0.025059100716463677,0.03997747747747748,0.12409265527461369,170.72857142857143,0.0023548315602836874,0.005857250439293783
3754098,Liverpool,45,55,89,tied,middle,high,0.06207482993197279,0.025149946402347956,0.043879460767758637,0.11712474566447066,266.6957413859853,0.002724216903073286,0.003749591181333162
3754098,Chelsea,50,60,34,tied,middle,low,0.02295918367346939,0.033053267056285564,0.0069536790780141845,0.09803417566946171,89.2,0.001763815011820331,0.011210762331838564
3754098,Liverpool,50,60,65,tied,middle,medium,0.045068027210884355,0.08301688710472278,0.04061920963516708,0.1211419290685405,208.3344537815126,0.0026411052009456264,0.004799974185012787
3754098,Chelsea,55,65,44,tied,middle,low,0.02806122448979592,0.04162415855216905,0.04104609929078014,0.14236102663704678,160.60185185185185,0.0016529994089834515,0.006226578264629576
3754098,Liverpool,55,65,43,tied,middle,low,0.030612244897959183,0.0546351062849757,0.019564685742235268,0.1489326403718717,118.86666666666666,0.0020500886524822694,0.008412787436904094
3754098,Chelsea,60,70,42,tied,late,low,0.026360544217687076,0.04451598635918543,0.0367612293144208,0.10393827906682741,144.18803418803418,0.0016899379432624112,0.006935388263189094
3754098,Liverpool,60,70,49,tied,late,low,0.03316326530612245,0.027185344467637623,0.02745271867612293,0.11648244287659298,140.67724867724868,0.003352171985815603,0.007108469986460057
3754098,Chelsea,65,75,40,tied,late,low,0.023809523809523808,0.025604690271107636,0.028138954557394274,0.10720342984062813,132.1897233201581,0.0017453457446808508,0.00756488458318383
3754098,Liverpool,65,75,51,tied,late,medium,0.030612244897959183,0.018038674423500867,0.04311465721040189,0.11893395373655923,173.44291187739464,0.0015975916075650117,0.0057655858586304854
3754098,Chelsea,70,80,53,trailing,late,medium,0.03486394557823129,0.025977646878099166,0.03269712140175219,0.12498788926215611,165.17241379310346,0.0024102393617021272,0.006054279749478079
3754098,Liverpool,70,80,46,leading,late,low,0.034013605442176874,0.03721371394906359,0.06512158054711248,0.09953449593698319,246.40530303030303,0.001523714539007092,0.004058354214385636
3754098,Chelsea,75,85,66,trailing,late,medium,0.0467687074829932,0.03301125462025001,0.03257650380877332,0.12737646948396586,177.57460317460317,0.0026041666666666665,0.0056314359267734555
3754098,Liverpool,75,85,32,leading,late,low,0.02295918367346939,0.04842384526978015,0.006577442232898652,0.07988186430197887,110.61363636363636,0.0008588209219858156,0.009040476679679475
3754098,Chelsea,80,90,74,trailing,late,medium,0.04931972789115646,0.038937883378605126,0.03226106045254981,0.13636557273843197,176.84873949579833,0.003453752955082742,0.005654549774293181
3754098,Liverpool,80,90,46,leading,late,low,0.03316326530612245,0.052348957604222576,0.012392878250591016,0.14130518728113897,105.09740259740259,0.002447177895981087,0.009514983008958913
3754057,Tottenham Hotspur,0,10,66,tied,early,medium,0.045068027210884355,0.05625327980236262,0.04223716180719726,0.12339243099408716,199.45,0.0021886081560283685,0.005013787916771121
3754057,Norwich City,0,10,38,tied,early,low,0.023809523809523808,0.0,0.03306737588652482,0.1226972141030524,137.3,0.0012928486997635933,0.007283321194464675
3754057,Tottenham Hotspur,5,15,64,tied,early,medium,0.039965986394557826,0.04565713183664517,0.0484553702638809,0.11720184782639684,201.6423923923924,0.002751920803782506,0.004959274625417151
3754057,Norwich City,5,15,50,tied,early,low,0.03231292517006803,0.015306122448979591,0.05227810015044057,0.11264295614299243,187.56723484848484,0.0011081560283687944,0.005331421560955415
3754057,Tottenham Hotspur,10,20,47,tied,early,low,0.02806122448979592,0.009394233884029803,0.014127202013269275,0.11008668860244547,113.64912280701753,0.0025579934988179663,0.00879901204075332
3754057,Norwich City,10,20,64,tied,early,medium,0.036564625850340135,0.0,0.060454173486088364,0.11087595074513121,245.25132275132276,0.0010158096926713947,0.004077449975729465
3754057,Tottenham Hotspur,15,25,65,tied,early,medium,0.04081632653061224,0.017590054637781807,0.041248029944838456,0.11986575575754992,181.51031746031745,0.0027334515366430256,0.005509328692671281
3754057,Norwich City,15,25,28,tied,early,low,0.017006802721088437,0.0,0.008794326241134751,0.12502455659082953,76.03846153846153,0.000988105791962175,0.013151239251390997
3754057,Tottenham Hotspur,20,30,55,leading,early,medium,0.036564625850340135,0.01527845505041253,0.018125838604562006,0.10297085062075027,126.40714285714286,0.0019208037825059103,0.007910945357970278
3754057,Norwich City,20,30,28,trailing,early,low,0.01870748299319728,0.0,0.014145852605612089,0.16435818840195143,66.3859649122807,0.0018561613475177306,0.015063424947145878
3754057,Tottenham Hotspur,25,35,44,leading,early,low,0.030612244897959183,0.010713614369854364,0.03091755319148936,0.13204472686741422,146.5079365079365,0.0025025856973995265,0.006825568797399783
3754057,Norwich City,25,35,35,trailing,early,low,0.023809523809523808,0.017006802721088433,0.009988179669030733,0.1236451644656909,85.19607843137256,0.0017453457446808508,0.011737629459148446
3754057,Tottenham Hotspur,30,40,74,leading,middle,medium,0.04081632653061224,0.028535538005272486,0.038023603723404256,0.13573647337447522,186.86021505376345,0.0018284574468085107,0.0053515939693865805
3754057,Norwich City,30,40,25,trailing,middle,low,0.02040816326530612,0.08231292517006802,0.002557283142389525,0.09344549022968551,65.14285714285714,0.0018192228132387705,0.015350877192982457
3754057,Tottenham Hotspur,35,45,81,leading,middle,high,0.04591836734693878,0.03292489124521279,0.023843296183721715,0.1187252741447535,172.9978494623656,0.0030751329787234044,0.005780418676346278
3754057,Norwich City,35,45,41,trailing,middle,low,0.02806122448979592,0.022108843537414963,0.03803477465110958,0.12138864373285667,163.94871794871796,0.0012005023640661936,0.006099468251485767
3754057,Tottenham Hotspur,40,50,76,leading,middle,medium,0.04846938775510204,0.03999548610792585,0.020819901139050075,0.13414934554761437,158.75402298850574,0.0025672281323877067,0.006299052969967274
3754057,Norwich City,40,50,55,trailing,middle,medium,0.03486394557823129,0.028911564625850338,0.027870124113475173,0.14145383480870655,136.16666666666666,0.00195774231678487,0.0073439412484700125
3754057,Tottenham Hotspur,45,55,76,leading,middle,medium,0.05357142857142857,0.042016127171071845,0.033587037998039554,0.1228319718065502,204.5462304409673,0.0020039154846335696,0.004888870344098584
3754057,Norwich City,45,55,53,trailing,middle,medium,0.030612244897959183,0.02265420518166548,0.03686227407915809,0.14796632290426415,143.4021505376344,0.0020500886524822694,0.006973396118892654
3754057,Tottenham Hotspur,50,60,66,leading,middle,medium,0.0467687074829932,0.03527121839977002,0.05251920803782506,0.12201322347207721,240.36923076923077,0.0016991725768321514,0.004160266257040451
3754057,Norwich City,50,60,43,trailing,middle,low,0.027210884353741496,0.01481596631919623,0.006505799349881797,0.11515040533118309,80.9154411764706,0.0016714686761229313,0.012358580580671543
3754057,Tottenham Hotspur,55,65,52,leading,middle,medium,0.03486394557823129,0.021679178361462804,0.04247720364741641,0.13376292433305276,159.70420168067227,0.0024102393617021272,0.006261576022899478
3754057,Norwich City,55,65,43,trailing,middle,low,0.02295918367346939,0.007713802346295142,0.025021398875030573,0.11889792628446133,121.82213438735178,0.001763815011820331,0.008208688880957788
3754057,Tottenham Hotspur,60,70,50,leading,late,low,0.034013605442176874,0.028283941936415518,0.04058846080122676,0.10649919660124686,177.375,0.001523714539007092,0.005637773079633545
3754057,Norwich City,60,70,56,trailing,late,medium,0.027210884353741496,0.02040816326530612,0.015475073007926573,0.09883767633126968,124.29047619047618,0.002123965721040189,0.00804566874832382
3754057,Tottenham Hotspur,65,75,51,leading,late,medium,0.03316326530612245,0.003428356598353397,0.02654033687943262,0.1284542755749536,137.85714285714286,0.0019946808510638296,0.007253886010362694
3754057,Norwich City,65,75,43,trailing,late,low,0.02465986394557823,0.011338578942629997,0.010444370567375887,0.11130962583297935,93.43567251461988,0.002179373522458629,0.010702550461586606
3754057,Tottenham Hotspur,70,80,64,leading,late,medium,0.03826530612244898,0.02715999030658981,0.03281662842441941,0.1331464946685969,166.05241935483872,0.002336362293144208,0.006022194701439984
3754057,Norwich City,70,80,20,trailing,late,low,0.013605442176870748,0.0,0.0024625689519306537,0.15067645213303318,34.47222222222222,0.0015144799054373523,0.029008863819500404
3754057,Tottenham Hotspur,75,85,48,leading,late,low,0.026360544217687076,0.01858909881070632,0.02624113475177305,0.11657257760782229,133.52173913043478,0.0025949320330969266,0.007489417127971345
3754057,Norwich City,75,85,43,trailing,late,low,0.030612244897959183,0.011564625850340135,0.03466617754952311,0.13341042676766543,135.71428571428572,0.0020500886524822694,0.007368421052631579
3754057,Norwich City,80,90,79,trailing,late,medium,0.04846938775510204,0.025179098360612488,0.038928571428571423,0.12011581304416902,198.99831932773108,0.0021147310874704488,0.00502516806864633
3754112,Newcastle United,0,10,66,tied,early,medium,0.04336734693877551,0.012482518365526319,0.04598348348348348,0.12283275898255258,205.64164164164166,0.0022255466903073283,0.004862828326096692
3754112,Southampton,0,10,51,tied,early,medium,0.03316326530612245,0.011700501246927151,0.0326727293525509,0.11807511477928559,136.24193548387098,0.0019946808510638296,0.007339883982478986
3754112,Newcastle United,5,15,60,tied,early,medium,0.03741496598639456,0.014779275543192642,0.04818729003359462,0.11185469472836364,202.47962962962964,0.0014498374704491725,0.0049387684174905565
3754112,Southampton,5,15,53,tied,early,medium,0.03486394557823129,0.049232247550010724,0.02870124113475177,0.12954382556566763,155.48768472906403,0.002862736406619385,0.0064313775186921815
3754112,Newcastle United,10,20,55,tied,early,medium,0.03316326530612245,0.00565910097976253,0.019655777634501038,0.11524884494573995,135.66666666666666,0.0024471778959810875,0.007371007371007371
3754112,Southampton,10,20,41,tied,early,low,0.02891156462585034,0.03877764158979475,0.03254921741257031,0.1259781213470484,146.94444444444446,0.0020870271867612293,0.006805293005671077
3754112,Newcastle United,15,25,48,tied,early,low,0.025510204081632654,0.017074292856427708,0.02430793868679936,0.11082222439969866,135.7173913043478,0.0012559101654846334,0.007368252442735865
3754112,Southampton,15,25,37,tied,early,low,0.02806122448979592,0.02734586462442004,0.011342302878598247,0.08972177252684778,115.625,0.0012005023640661936,0.008648648648648649
3754112,Newcastle United,20,30,56,trailing,early,medium,0.03486394557823129,0.03793314716355351,0.03275216706067769,0.09668952162268585,171.73908045977012,0.00195774231678487,0.005822786504521026
3754112,Southampton,20,30,33,leading,early,low,0.02295918367346939,0.01935333868993983,0.02574205411084844,0.1509164088987881,97.65,0.002216312056737589,0.010240655401945725
3754112,Newcastle United,25,35,67,trailing,early,medium,0.04591836734693878,0.057780888966403106,0.058913073908174685,0.1000714037729925,254.37482219061167,0.0017176418439716313,0.003931206679136924
3754112,Southampton,25,35,41,leading,early,low,0.02891156462585034,0.028911564625850338,0.007586606655755592,0.12605145565935177,84.39869281045752,0.0020870271867612293,0.01184852474250755
3754112,Newcastle United,30,40,78,trailing,middle,medium,0.04931972789115646,0.02920634040858336,0.04621010638297872,0.11130420702761201,247.63143669985774,0.0016437647754137116,0.004038259492925579
3754112,Southampton,30,40,36,leading,middle,low,0.026360544217687076,0.012427792669031061,0.019113475177304964,0.1501775481805382,102.80632411067194,0.002142434988179669,0.009727028066128412
3754112,Newcastle United,35,45,77,trailing,middle,medium,0.04846938775510204,0.021954279149608836,0.047152039007092195,0.11807005743612328,222.88397435897437,0.002114731087470449,0.00448663930583637
3754112,Southampton,35,45,31,leading,middle,low,0.02040816326530612,0.0,0.015602836879432624,0.11792993245397909,100.8640350877193,0.0018192228132387705,0.009914336652606862
3754112,Newcastle United,40,50,54,tied,middle,medium,0.03316326530612245,0.008390022675736962,0.028910559495665875,0.10855477723343963,140.59498207885304,0.0019946808510638296,0.007112629378473462
3754112,Southampton,40,50,54,tied,middle,medium,0.03571428571428571,0.01562961398547466,0.03626929495202337,0.12014172558751746,172.6031586021506,0.0023917700945626477,0.005793636733525804
3754112,Newcastle United,45,55,63,leading,middle,medium,0.0391156462585034,0.03741496598639456,0.039510254935786845,0.12922134467448096,184.5983193277311,0.0018653959810874708,0.005417167413234276
3754112,Southampton,45,55,58,trailing,middle,medium,0.04081632653061224,0.02650227350189955,0.03138297872340425,0.13500170940039702,157.77272727272728,0.0018284574468085107,0.00633823105733218
3754112,Newcastle United,50,60,63,leading,middle,medium,0.039965986394557826,0.02527800975116913,0.03333799925345278,0.11236335962107942,183.31720430107526,0.0022994237588652476,0.005455025368800774
3754112,Southampton,50,60,46,trailing,middle,low,0.02976190476190476,0.007285257771500967,0.04154002026342452,0.1156836032494584,171.15172413793104,0.0020685579196217494,0.005842769069589394
3754112,Newcastle United,55,65,55,leading,middle,medium,0.036564625850340135,0.042876718553313285,0.032645221209051,0.10328646695624208,174.0295566502463,0.0019208037825059103,0.005746150362318841
3754112,Southampton,55,65,35,trailing,middle,low,0.021258503401360544,0.0,0.013297872340425532,0.12778104134885548,91.50980392156863,0.001348256501182033,0.010927790872080565
3754112,Newcastle United,60,70,43,leading,late,low,0.02465986394557823,0.026846791079735303,0.03280141843971632,0.13423110601819038,142.02173913043478,0.001726876477541371,0.007041175570182153
3754112,Southampton,60,70,26,trailing,late,low,0.015306122448979591,0.0,0.0026595744680851068,0.10934243207628676,52.77777777777778,0.0010250443262411347,0.018947368421052633
3754112,Newcastle United,65,75,42,leading,late,low,0.023809523809523808,0.0,0.026868521549372616,0.14340776039813405,130.74308300395256,0.0012928486997635933,0.007648588185500938
3754112,Southampton,65,75,28,trailing,late,low,0.015306122448979591,0.0,0.0017730496453900709,0.10409279238327762,47.535714285714285,0.0014775413711583924,0.021036814425244178
3754112,Newcastle United,70,80,44,leading,late,low,0.025510204081632654,0.0,0.025986258865248222,0.11857097864514596,131.46,0.0017084072104018911,0.007606876616461281
3754112,Southampton,70,80,53,trailing,late,medium,0.034013605442176874,0.03263543163611869,0.028916353775552774,0.11709175531450648,154.0886699507389,0.00197621158392435,0.006489769820971867
3754112,Newcastle United,75,85,55,tied,late,medium,0.030612244897959183,0.015645133510543148,0.03396307165566153,0.14276528423217089,138.3805418719212,0.0025025856973995265,0.007226449517198415
3754112,Southampton,75,85,65,tied,late,medium,0.04336734693877551,0.048052327174081665,0.03753354418248035,0.12904626862311902,188.50252100840336,0.0017730496453900709,0.005304968838880518
3754112,Newcastle United,80,90,72,tied,late,medium,0.03826530612244898,0.02803448291450328,0.03406194592198582,0.13334107010790722,171.4375,0.002336362293144208,0.005833029529711994
3754112,Southampton,80,90,62,tied,late,medium,0.0391156462585034,0.02558481594180847,0.058116627265563436,0.11000105536809755,222.30555555555554,0.0018653959810874708,0.004498313132575284
3754117,Aston Villa,0,10,56,tied,early,medium,0.03741496598639456,0.03141332282466486,0.035555977710233035,0.11837872952223957,167.86363636363637,0.0023548315602836874,0.00595721635526672
3754117,Arsenal,0,10,41,tied,early,low,0.02806122448979592,0.0,0.027077001013171224,0.10740985683228918,146.69076923076923,0.0016529994089834515,0.006817061531846165
3754117,Aston Villa,5,15,39,trailing,early,low,0.030612244897959183,0.024829931972789113,0.043617021276595745,0.11325830229968356,182.15057471264367,0.0015975916075650117,0.005489963463346606
3754117,Arsenal,5,15,30,leading,early,low,0.0195578231292517,0.03061224489795918,0.002462568951930654,0.08316764310775841,54.888888888888886,0.001385195035460993,0.01821862348178138
3754117,Aston Villa,10,20,44,trailing,early,low,0.03231292517006803,0.040951306801290784,0.03586831512363427,0.10860261189540468,183.2512315270936,0.0011081560283687944,0.005456989247311828
3754117,Arsenal,10,20,41,leading,early,low,0.025510204081632654,0.017006802721088433,0.028748733535967578,0.12508913481379189,125.41304347826087,0.0017084072104018911,0.00797365227942451
3754117,Aston Villa,15,25,45,trailing,early,low,0.02891156462585034,0.04534227240014235,0.022553954091359723,0.11630339766337809,131.06666666666666,0.0020870271867612297,0.0076297049847405905
3754117,Arsenal,15,25,52,leading,early,medium,0.03316326530612245,0.03719813272885971,0.024736902310684053,0.1205140756432114,146.7355175688509,0.0019946808510638296,0.006814982606585228
3754117,Aston Villa,20,30,24,trailing,early,low,0.015306122448979591,0.0,0.0034252095422308186,0.11971414988898982,47.13333333333333,0.0014775413711583924,0.021216407355021217
3754117,Arsenal,20,30,87,leading,early,high,0.047619047619047616,0.020532962160998265,0.033566263384786535,0.13389711527415685,191.73387096774192,0.0025856973995271866,0.005215562565720294
3754117,Aston Villa,25,35,24,trailing,early,low,0.015306122448979591,0.05833266198890199,0.006294326241134751,0.14194878940951156,62.5,0.0014775413711583924,0.016
3754117,Arsenal,25,35,92,leading,early,high,0.04846938775510204,0.014441300326430963,0.05628351496280921,0.11063264362037238,266.7061403508772,0.002114731087470449,0.003749444983472841
3754117,Aston Villa,30,40,47,trailing,middle,low,0.03231292517006803,0.06273197945596659,0.03831449468085106,0.11287943987436287,188.60846560846562,0.0015606530732860519,0.00530198894717648
3754117,Arsenal,30,40,69,leading,middle,medium,0.0391156462585034,0.01256411562857231,0.025565459076097374,0.1061186318730051,185.5079365079365,0.0014128989361702126,0.005390604945666125
3754117,Aston Villa,35,45,50,trailing,middle,low,0.03571428571428571,0.08771934293985263,0.02901076057715823,0.15826971873492574,141.69950738916256,0.00193927304964539,0.007057187554319486
3754117,Arsenal,35,45,77,leading,middle,medium,0.050170068027210885,0.07184555642851327,0.02262485224586288,0.12240905195274521,172.25483870967741,0.002530289598108747,0.005805352160152812
3754117,Aston Villa,40,50,64,trailing,middle,medium,0.04336734693877551,0.04609739495916358,0.05682344578621175,0.10904012882718196,250.42342342342343,0.0022255466903073283,0.0039932366802172894
3754117,Arsenal,40,50,87,leading,middle,high,0.05357142857142857,0.05842647723626703,0.026581632653061224,0.1269110918608765,188.28125,0.0033614066193853424,0.0053112033195020746
3754117,Aston Villa,45,55,61,trailing,middle,medium,0.04251700680272109,0.03066296574586702,0.03988563031116221,0.12056014492773819,193.76330532212887,0.001791518912529551,0.005160935907536845
3754117,Arsenal,45,55,68,leading,middle,medium,0.04591836734693878,0.05421529698608755,0.0383789260385005,0.12167252708487268,200.21848739495798,0.0030751329787234044,0.004994543775707211
3754117,Aston Villa,50,60,58,trailing,middle,medium,0.04081632653061224,0.028073805821242973,0.04921410772474602,0.11008381246239006,203.56456456456456,0.0018284574468085107,0.0049124463392685915
3754117,Arsenal,50,60,50,leading,middle,low,0.031462585034013606,0.031748158623397145,0.01996110729810112,0.11908790671544897,122.0923076923077,0.002484116430260047,0.008190524193548387
3754117,Aston Villa,55,65,66,trailing,middle,medium,0.041666666666666664,0.0321355268181127,0.053311290013417674,0.0920444754942982,213.64114114114113,0.001809988179669031,0.004680746389289103
3754117,Arsenal,55,65,41,leading,middle,low,0.02465986394557823,0.008163265306122448,0.008278997940974604,0.10739895452498699,85.60457516339869,0.001726876477541371,0.011681618629509448
3754117,Aston Villa,60,70,69,trailing,late,medium,0.04336734693877551,0.016737717664424213,0.026399563371447866,0.12352910942149364,174.9774193548387,0.0017730496453900709,0.005715023136625925
3754117,Arsenal,60,70,47,leading,late,low,0.030612244897959183,0.009523809523809525,0.038039974210186976,0.12347628370978266,152.00860215053763,0.0020500886524822694,0.006578575066493125
3754117,Aston Villa,65,75,69,trailing,late,medium,0.045068027210884355,0.02402868722647066,0.042376296952981354,0.1321029506832536,201.7132275132275,0.0017361111111111112,0.004957533089566098
3754117,Arsenal,65,75,48,leading,late,low,0.03231292517006803,0.037583539997430436,0.03137760584569095,0.12185724412820804,158.6584564860427,0.00201315011820331,0.006302847148194529
3754117,Aston Villa,70,80,55,trailing,late,medium,0.03486394557823129,0.02139910489759863,0.04144503546099291,0.11352762987874347,187.8030303030303,0.00195774231678487,0.005324727712787414
3754117,Arsenal,70,80,41,leading,late,low,0.02295918367346939,0.011337868480725623,0.0210038188761593,0.0812515529768824,109.50238095238095,0.0013113179669030732,0.009132221521602053
3754117,Aston Villa,75,85,36,trailing,late,low,0.025510204081632654,0.010301137147574486,0.05816746739876459,0.1076230735665003,182.89655172413794,0.0017084072104018911,0.005467571644042232
3754117,Arsenal,75,85,59,leading,late,medium,0.034013605442176874,0.02649957389648597,0.030427819720887667,0.12227832897619477,159.4179802955665,0.0019762115839243497,0.006272818148529828
3754117,Aston Villa,80,90,34,trailing,late,low,0.026360544217687076,0.03197278911564626,0.04552733928162893,0.10387086729987055,152.55665024630542,0.0016899379432624112,0.006554942038813006
3754117,Arsenal,80,90,76,leading,late,medium,0.05272108843537415,0.03736422474419132,0.0439771719858156,0.11367654267571366,224.96666666666667,0.002474881796690307,0.004445102978218996
3754104,Norwich City,0,10,44,tied,early,low,0.021258503401360544,0.0,0.017255572441742653,0.11809212627221122,105.13815789473684,0.001348256501182033,0.009511294662411615
3754104,Stoke City,0,10,54,tied,early,medium,0.03486394557823129,0.014942452171282383,0.035486322188449854,0.1221935340227536,157.3844696969697,0.0024102393617021272,0.006353867074212686
3754104,Norwich City,5,15,40,trailing,early,low,0.02295918367346939,0.013927698680810674,0.030031028368794326,0.1678397818896372,117.2038043478261,0.0013113179669030732,0.008532146252115647
3754104,Stoke City,5,15,41,leading,early,low,0.027210884353741496,0.007482993197278911,0.040046466128637805,0.12994804691068151,137.7475369458128,0.0016714686761229313,0.0072596579377922415
3754104,Norwich City,10,20,61,trailing,early,medium,0.04336734693877551,0.036808096756763435,0.03855079265748853,0.12432204027049609,189.62566844919786,0.0022255466903073283,0.005273547659334461
3754104,Stoke City,10,20,54,leading,early,medium,0.036564625850340135,0.05832143728299446,0.026004049669513193,0.15199446133422279,138.67592592592592,0.0023733008274231674,0.007211056953996127
3754104,Norwich City,15,25,65,trailing,early,medium,0.04251700680272109,0.025631429341631404,0.02643110435663627,0.12867192823625065,168.0,0.0022440159574468083,0.005952380952380952
3754104,Stoke City,15,25,38,leading,early,low,0.026360544217687076,0.030946792060651932,0.029957151300236406,0.15441381669400134,132.43478260869566,0.0025949320330969266,0.0075508864084044645
3754104,Norwich City,20,30,38,trailing,early,low,0.027210884353741496,0.030272108843537412,0.025202634245187434,0.13264920829633844,120.285,0.002123965721040189,0.008313588560502141
3754104,Stoke City,20,30,30,leading,early,low,0.02040816326530612,0.027210884353741496,0.032223250077089115,0.15221867349906876,103.30434782608695,0.0013667257683215128,0.009680134680134681
3754104,Norwich City,25,35,29,tied,early,low,0.0195578231292517,0.0,0.008635408458103495,0.12141669303628815,80.71428571428571,0.0018376920803782504,0.012389380530973453
3754104,Stoke City,25,35,54,tied,early,medium,0.031462585034013606,0.026203346158700007,0.03569739952718676,0.12393811184522972,145.24367816091953,0.002484116430260047,0.006884981244361438
3754104,Stoke City,30,40,66,tied,middle,medium,0.04336734693877551,0.03464700713247171,0.03041202296521445,0.12144496108058679,179.22348484848484,0.003583037825059101,0.005579625911444574
3754104,Norwich City,35,45,41,tied,middle,low,0.02295918367346939,0.052152352238685626,0.0031639765223771092,0.10280989184536227,71.45454545454545,0.0013113179669030732,0.013994910941475827
3754104,Stoke City,35,45,64,tied,middle,medium,0.036564625850340135,0.049908483866134404,0.028597574925646303,0.13067168875027443,149.67118226600985,0.0023733008274231674,0.006681312894440193
3754104,Norwich City,40,50,78,tied,middle,medium,0.041666666666666664,0.058465686325129336,0.02744727510265024,0.10681513651819832,189.21720430107527,0.002262485224586288,0.00528493169367854
3754104,Stoke City,40,50,58,tied,middle,medium,0.03231292517006803,0.01639402074758417,0.04537437204491726,0.13544501693676814,170.26612903225808,0.0015606530732860519,0.005873158717377918
3754104,Norwich City,45,55,81,tied,middle,high,0.04421768707482993,0.060676042478524185,0.03869854679460437,0.12478679139970428,190.8683897801545,0.003112071513002364,0.005239212219225076
3754104,Stoke City,45,55,41,tied,middle,low,0.02295918367346939,0.016031451918947535,0.0248555292881534,0.12473909278456603,123.81422924901186,0.002668809101654846,0.008076616121308859
3754104,Norwich City,50,60,42,tied,middle,low,0.02891156462585034,0.029559486227058566,0.023714539007092198,0.14199308786463918,123.64615384615385,0.0020870271867612297,0.008087594873709095
3754104,Stoke City,50,60,59,tied,middle,medium,0.03486394557823129,0.01026606222002777,0.03243637880684187,0.11399201344784565,174.33946360153257,0.0024102393617021272,0.005735935968494108
3754104,Norwich City,55,65,21,tied,middle,low,0.01445578231292517,0.0,0.0021584952204748687,0.11124600330973881,43.089285714285715,0.0014960106382978723,0.023207625362619146
3754104,Stoke City,55,65,85,tied,middle,high,0.0467687074829932,0.014132301080086273,0.050563021027746666,0.1184727089671368,235.6496647022963,0.0026041666666666665,0.004243587620900423
3754104,Norwich City,60,70,31,tied,late,low,0.01870748299319728,0.0,0.0011616532159452189,0.0825966994424603,45.833333333333336,0.0009511672576832152,0.021818181818181816
3754104,Stoke City,60,70,68,tied,late,medium,0.04251700680272109,0.014552433605858645,0.05668966839179605,0.1165700565765938,239.3093093093093,0.002696513002364066,0.004178692433178567
3754104,Norwich City,65,75,45,tied,late,low,0.026360544217687076,0.0,0.01872131831455987,0.11490083741380172,129.07114624505928,0.0016899379432624112,0.007747664982391671
3754104,Stoke City,65,75,51,tied,late,medium,0.036564625850340135,0.03244182777164399,0.030762411347517733,0.08998546093145121,191.24137931034483,0.0019208037825059103,0.005228993869455464
3754104,Norwich City,70,80,38,tied,late,low,0.025510204081632654,0.03645462760050325,0.03475788701393984,0.10282110392249025,159.47826086956522,0.0017084072104018911,0.0062704471101417665
3754104,Stoke City,70,80,73,tied,late,medium,0.04591836734693878,0.038366691225376386,0.02967250730079266,0.13536104925325904,170.71657754010695,0.0035276300236406614,0.005857661947124421
3754104,Norwich City,75,85,34,tied,late,low,0.025510204081632654,0.0,0.012091213553979512,0.09135601572503886,129.94166666666666,0.0012559101654846334,0.0076957609183608035
3754104,Stoke City,75,85,62,tied,late,medium,0.039965986394557826,0.0199951865475509,0.029873200085966042,0.13729956658187037,156.70454545454547,0.003204417848699764,0.006381435823060188
3754104,Norwich City,80,90,40,tied,late,low,0.02891156462585034,0.0,0.029649330181245073,0.11312218335082116,154.95726495726495,0.001182033096926714,0.0064533921676778825
3754104,Stoke City,80,90,23,tied,late,low,0.017857142857142856,0.0,0.022872340425531913,0.1713817039220701,78.03157894736842,0.0027796247044917254,0.012815324430055309
3754054,Manchester City,0,10,73,tied,early,medium,0.047619047619047616,0.06109216022006349,0.03464795632698768,0.12987926781618703,197.94761904761904,0.0021332003546099287,0.005051841516514711
3754054,Sunderland,0,10,50,tied,early,low,0.034013605442176874,0.032053777278053384,0.0414204097714736,0.10363421691194394,191.84516129032258,0.001523714539007092,0.005212536992198009
3754054,Manchester City,5,15,43,tied,early,low,0.02976190476190476,0.045206888614232506,0.008385047281323877,0.09138342588086285,92.5,0.0020685579196217494,0.010810810810810811
3754054,Sunderland,5,15,60,tied,early,medium,0.0391156462585034,0.01973599471526602,0.02692167292448894,0.12807365731911524,153.58494623655915,0.0018653959810874708,0.006511054790876121
3754054,Manchester City,10,20,46,leading,early,low,0.02891156462585034,0.03108128355395692,0.04086879432624113,0.12175044938906616,162.1441798941799,0.0020870271867612297,0.006167350568195723
3754054,Sunderland,10,20,43,trailing,early,low,0.026360544217687076,0.026008430945600923,0.011066275372951821,0.12802592891031114,95.53333333333333,0.002142434988179669,0.0104675505931612
3754054,Manchester City,15,25,55,leading,early,medium,0.03571428571428571,0.027891156462585033,0.042687513432194284,0.1510196563198627,176.72537878787878,0.0014867760047281324,0.005658496854604495
3754054,Sunderland,15,25,35,trailing,early,low,0.0195578231292517,0.007526057190541259,0.01760385005065856,0.1755458414485981,83.85964912280701,0.0022901891252955085,0.01192468619246862
3754054,Manchester City,20,30,97,leading,early,high,0.05697278911564626,0.052720579958456394,0.05279220139592481,0.11990380951918744,263.3253968253968,0.0019300384160756499,0.0037975828084029057
3754054,Sunderland,20,30,29,trailing,early,low,0.01870748299319728,0.0,0.010501909438079651,0.1329684538431892,79.27450980392157,0.0014036643026004727,0.0126143952510512
3754054,Manchester City,25,35,74,leading,early,medium,0.04591836734693878,0.058390970843310734,0.04612724426554214,0.14081061880255785,213.6216216216216,0.0017176418439716313,0.004681174089068826
3754054,Sunderland,25,35,34,trailing,early,low,0.023809523809523808,0.01800224410746369,0.018814026792750196,0.13414480980302565,92.63241106719367,0.0026503398345153664,0.010795357569551118
3754054,Manchester City,30,40,31,leading,middle,low,0.02040816326530612,0.01020408163265306,0.0032029283916723853,0.07979396163328714,59.94444444444444,0.0009142287234042553,0.016682113067655237
3754054,Sunderland,30,40,36,trailing,middle,low,0.025510204081632654,0.015792031098153546,0.01366471019809244,0.12561125654883631,97.11428571428571,0.002613401300236406,0.010297146219476317
3754054,Manchester City,35,45,61,leading,middle,medium,0.03741496598639456,0.04698689597967758,0.02446808510638298,0.09790106319358553,168.8896551724138,0.0037123226950354603,0.00592102576667075
3754054,Sunderland,35,45,45,trailing,middle,low,0.02806122448979592,0.018621775863729248,0.021706821026282852,0.11712139776600324,128.4876923076923,0.0021054964539007092,0.007782846606080199
3754054,Manchester City,40,50,107,leading,middle,high,0.05782312925170068,0.049628503066276045,0.04511999010390896,0.10886178102330199,259.7234146341463,0.004174054373522459,0.003850249702779505
3754054,Sunderland,40,50,51,trailing,middle,medium,0.02891156462585034,0.015693277816661733,0.012044509660063584,0.13491659899262368,100.1038961038961,0.003444518321513002,0.009989621172807472
3754054,Manchester City,45,55,81,leading,middle,high,0.04336734693877551,0.02366152156022565,0.05150557677153422,0.11134778230667361,254.01511511511512,0.0022255466903073283,0.003936773603203958
3754054,Sunderland,45,55,50,trailing,middle,low,0.02976190476190476,0.019069668196444574,0.03218657057881492,0.11972593330835476,151.11206077872745,0.0020685579196217494,0.006617605470051093
3754054,Manchester City,50,60,46,leading,middle,low,0.027210884353741496,0.02648202137998056,0.020445478723404256,0.10997728956769702,122.07971014492753,0.0025764627659574466,0.008191369383272987
3754054,Sunderland,50,60,50,trailing,middle,low,0.03486394557823129,0.02717756730034808,0.0524930152589727,0.13926368693182872,204.88005050505052,0.001505245271867612,0.00488090469294056
3754054,Manchester City,55,65,74,leading,middle,medium,0.04336734693877551,0.06072925207763461,0.026078947488521954,0.11123658658413049,178.24086021505377,0.002678043735224586,0.0056103858497623125
3754054,Sunderland,55,65,37,trailing,middle,low,0.025510204081632654,0.01020408163265306,0.009308510638297872,0.09409541336782845,88.83809523809524,0.0012559101654846334,0.011256432246998285
3754054,Manchester City,60,70,83,leading,late,high,0.04336734693877551,0.034919572909140106,0.03881411634071208,0.11694909303696052,210.55934343434342,0.003130540780141844,0.004749254930650084
3754054,Sunderland,60,70,32,trailing,late,low,0.0195578231292517,0.0,0.02278697136853165,0.13215085940733248,109.02857142857142,0.001385195035460993,0.009171907756813417
3754054,Manchester City,65,75,67,leading,late,medium,0.03826530612244898,0.03093313987882571,0.021596005423445974,0.12440138046096297,156.37986704653372,0.0018838652482269503,0.006394685063278839
3754054,Sunderland,65,75,33,trailing,late,low,0.01870748299319728,0.017997744353380946,0.005811662726556343,0.09074360246804067,83.48484848484848,0.0009511672576832152,0.011978221415607986
3754054,Manchester City,70,80,59,leading,late,medium,0.03826530612244898,0.03554910214547497,0.03210294433698689,0.12703072417685146,165.45089605734768,0.0018838652482269503,0.006044089357203514
3754054,Manchester City,75,85,95,leading,late,high,0.050170068027210885,0.05666647537989035,0.03608156028368794,0.12001918036058462,230.06392045454547,0.0029827866430260047,0.0043466180965023304
3754054,Manchester City,80,90,80,leading,late,medium,0.04336734693877551,0.057633148675185694,0.04002495403204623,0.11788666466022235,217.4059714795009,0.0022255466903073283,0.0045996896644317315
3754113,Southampton,0,10,72,tied,early,medium,0.0467687074829932,0.028585817562085846,0.041019743147402726,0.12750200077978588,208.46196196196195,0.0021516696217494086,0.004797038225047839
3754113,Aston Villa,0,10,39,tied,early,low,0.02295918367346939,0.03934645540751963,0.007387706855791962,0.14827638094461293,72.6,0.0017638150118203307,0.013774104683195593
3754113,Southampton,5,15,73,tied,early,medium,0.047619047619047616,0.017924507479751273,0.04214402618657938,0.13610118022820633,202.31860098965365,0.0021332003546099287,0.004942699262986397
3754113,Aston Villa,5,15,36,tied,early,low,0.02465986394557823,0.01020408163265306,0.026235224586288415,0.13436323107855994,115.03557312252964,0.002179373522458629,0.008692963166575042
3754113,Southampton,10,20,52,tied,early,medium,0.036564625850340135,0.02040816326530612,0.050872885979268964,0.11195750431264785,200.45714285714286,0.0019208037825059103,0.004988597491448118
3754113,Aston Villa,10,20,32,tied,early,low,0.0195578231292517,0.019217015730398582,0.013382303275920297,0.15250302807169341,77.04411764705883,0.0018376920803782504,0.012979576255010498
3754113,Southampton,15,25,42,tied,early,low,0.02976190476190476,0.07580850336598816,0.0230219414893617,0.12300785457711969,138.19565217391303,0.0016160608747044917,0.007236117665565519
3754113,Aston Villa,15,25,61,tied,early,medium,0.03231292517006803,0.02532098234722442,0.019991134751773047,0.1416867254074182,147.00000000000003,0.00201315011820331,0.006802721088435373
3754113,Southampton,20,30,64,tied,early,medium,0.04081632653061224,0.06462149175385884,0.03342038847357996,0.11700418229888916,191.09816919191917,0.002280954491725768,0.005232912508940386
3754113,Aston Villa,20,30,78,tied,early,medium,0.03741496598639456,0.02437198001331791,0.028673537234042555,0.1183630700395838,185.87248677248678,0.0023548315602836874,0.0053800323940574836
3754113,Southampton,25,35,87,tied,early,high,0.050170068027210885,0.03968962077131016,0.023627997298210062,0.13143355306358503,183.41419354838712,0.003435283687943262,0.005452140756686786
3754113,Aston Villa,25,35,55,tied,early,medium,0.03231292517006803,0.05227162547554683,0.01906482996908529,0.15127393250847718,110.78260869565217,0.00201315011820331,0.00902668759811617
3754113,Southampton,30,40,78,tied,middle,medium,0.047619047619047616,0.03806078905794269,0.031249999999999993,0.1307756119686702,195.22326203208556,0.0025856973995271866,0.0051223403891061245
3754113,Aston Villa,30,40,40,tied,middle,low,0.02891156462585034,0.031175769743431905,0.042869807497467056,0.13588155043488193,161.1904761904762,0.0016345301418439714,0.0062038404726735595
3754113,Southampton,35,45,70,tied,middle,medium,0.04251700680272109,0.03132088112547421,0.03936649415372819,0.12059648984722204,182.01680672268907,0.0036015070921985816,0.005493998153277932
3754113,Aston Villa,35,45,28,tied,middle,low,0.02040816326530612,0.005442176870748299,0.009785870158210584,0.1072625375216779,84.61538461538461,0.0018192228132387705,0.011818181818181818
3754113,Southampton,40,50,93,trailing,middle,high,0.05952380952380952,0.059338959348835395,0.0331525922260707,0.11189833971049665,229.79516358463727,0.0027796247044917254,0.004351701682492912
3754113,Aston Villa,40,50,31,leading,middle,low,0.021258503401360544,0.023809523809523808,0.019076700814289464,0.12912001549427604,108.86549707602339,0.001348256501182033,0.009185646755479159
3754113,Southampton,45,55,90,trailing,middle,high,0.058673469387755105,0.04381931594816996,0.053042093511951674,0.10411802994771083,271.6004060538944,0.0018930998817966902,0.003681879620612818
3754113,Aston Villa,45,55,39,leading,middle,low,0.023809523809523808,0.014455782312925169,0.03335167522621668,0.13734089793674517,144.85333333333332,0.0012928486997635933,0.006903534609720177
3754113,Southampton,50,60,42,trailing,middle,low,0.02976190476190476,0.021428571428571425,0.045086119554204655,0.09400739240642818,208.92307692307693,0.0016160608747044917,0.004786450662739322
3754113,Aston Villa,50,60,51,leading,middle,medium,0.03316326530612245,0.025680272108843535,0.0425531914893617,0.11298401720605414,197.75806451612902,0.001542183806146572,0.005056683794144034
3754113,Southampton,55,65,46,trailing,middle,low,0.030612244897959183,0.03673469387755102,0.032995345744680854,0.10908289305560867,157.52136752136752,0.0020500886524822694,0.006348345089527943
3754113,Aston Villa,55,65,34,leading,middle,low,0.02806122448979592,0.03197278911564626,0.03914561170212766,0.10945648841501684,156.0079365079365,0.0021054964539007092,0.006409930304726052
3754113,Southampton,60,70,61,trailing,late,medium,0.03826530612244898,0.016783839347668607,0.03427895981087471,0.12322135567742674,171.43813131313132,0.0018838652482269503,0.005833008049845705
3754113,Aston Villa,60,70,36,leading,late,low,0.026360544217687076,0.045323909205772374,0.03131332320162108,0.12209904513757365,130.29846153846154,0.0025949320330969266,0.0076746876992467
3754113,Southampton,65,75,59,trailing,late,medium,0.0391156462585034,0.008503401360544217,0.031096563011456618,0.11602531484958785,169.1818181818182,0.0018653959810874708,0.005910800644814616
3754113,Aston Villa,65,75,36,leading,late,low,0.025510204081632654,0.018427416716149506,0.029530447542186353,0.13547153572713788,124.13076923076923,0.0017084072104018911,0.008056020325958976
3754113,Southampton,70,80,53,tied,late,medium,0.03571428571428571,0.0295230039104919,0.038016270337922396,0.11558806795974493,171.61895161290323,0.00193927304964539,0.005826862305134922
3754113,Aston Villa,70,80,34,tied,late,low,0.021258503401360544,0.010798646612028569,0.02110611020185488,0.13238368217029184,99.01428571428572,0.0022532505910165482,0.010099552734093204
3754113,Southampton,75,85,72,tied,late,medium,0.045068027210884355,0.022422885438699098,0.060575407649875734,0.10327302248573993,247.1255060728745,0.0021886081560283685,0.0040465268676277855
3754113,Aston Villa,75,85,41,tied,late,low,0.027210884353741496,0.028797518753383898,0.02339594414893617,0.12044549167872319,137.02766798418972,0.002123965721040189,0.007297796238606207
3754113,Southampton,80,90,63,tied,late,medium,0.0391156462585034,0.006213896334515531,0.026936882909192043,0.12567697971028943,181.92733990147784,0.002317893026004728,0.005496699949229988
3754107,Aston Villa,0,10,60,tied,early,medium,0.03571428571428571,0.035495628515929835,0.03399298406161824,0.12046412889190983,154.51720430107528,0.0023917700945626473,0.0064717712472425375
3754107,Manchester United,0,10,92,tied,early,high,0.05612244897959184,0.0661109816125758,0.04009182379057833,0.09244924287610673,236.56320287899237,0.0019485076832151298,0.004227200121700768
3754107,Aston Villa,5,15,71,tied,early,medium,0.045068027210884355,0.015568802513919698,0.04293256021979427,0.12110866015902536,208.54979979979979,0.0017361111111111112,0.004795017789324006
3754107,Manchester United,5,15,76,tied,early,medium,0.04336734693877551,0.06417002550282583,0.053600654664484444,0.08146160777509404,246.82882882882882,0.0022255466903073283,0.004051390612453464
3754107,Aston Villa,10,20,68,tied,early,medium,0.039965986394557826,0.008819580195381566,0.0329260859929078,0.13387093990909749,166.37449596774192,0.003204417848699764,0.00601053661610424
3754107,Manchester United,10,20,62,tied,early,medium,0.036564625850340135,0.009310391129373439,0.03404044241810199,0.12389711814347665,164.78298611111111,0.0023733008274231674,0.0060685876837170095
3754107,Aston Villa,15,25,44,tied,early,low,0.023809523809523808,0.0,0.0067793074676679175,0.09333299184894595,78.90833333333333,0.0026503398345153664,0.01267293272784877
3754107,Manchester United,15,25,61,tied,early,medium,0.04081632653061224,0.009972377357728364,0.04063238770685579,0.12296889349015276,186.16470588235293,0.0018284574468085107,0.0053715874620829124
3754107,Aston Villa,20,30,32,tied,early,low,0.022108843537414966,0.0,0.010416666666666668,0.11327393397684106,103.13333333333334,0.0013297872340425532,0.0096961861667744
3754107,Manchester United,20,30,68,tied,early,medium,0.04421768707482993,0.047808904971581634,0.04674474306333208,0.10859946356258753,228.5079365079365,0.0022070774231678484,0.0043762156154487355
3754107,Aston Villa,25,35,38,trailing,early,low,0.027210884353741496,0.04416309770030104,0.008257814552140794,0.13701948963804958,80.47058823529412,0.002123965721040189,0.012426900584795323
3754107,Manchester United,25,35,86,leading,early,high,0.05272108843537415,0.03817104783802435,0.03582039486294806,0.11999384917946675,205.48048048048048,0.002474881796690307,0.004866642309097552
3754107,Aston Villa,30,40,53,trailing,middle,medium,0.034013605442176874,0.029275480834965503,0.013513513513513513,0.10013752711448022,121.76623376623377,0.00197621158392435,0.00821245733788396
3754107,Manchester United,30,40,59,leading,middle,medium,0.03571428571428571,0.026253545991883297,0.03393035239361702,0.12433616969968361,165.0,0.00193927304964539,0.006060606060606061
3754107,Aston Villa,35,45,68,trailing,middle,medium,0.041666666666666664,0.03455521702638023,0.04183130699088146,0.12946207319497774,195.14621848739495,0.002262485224586288,0.005124362684304809
3754107,Manchester United,35,45,35,leading,middle,low,0.02295918367346939,0.010407511102144239,0.02497044917257683,0.1690991293234573,98.7632850241546,0.002668809101654846,0.010125220113480727
3754107,Aston Villa,40,50,83,trailing,middle,high,0.05357142857142857,0.06305093432756963,0.04148481542098563,0.118400238228764,231.23234367971207,0.0033614066193853424,0.004324654518855436
3754107,Manchester United,40,50,63,leading,middle,medium,0.04081632653061224,0.03522975829963131,0.04435086682427108,0.13214182587147244,188.57142857142858,0.0018284574468085107,0.0053030303030303025
3754107,Aston Villa,45,55,63,trailing,middle,medium,0.04251700680272109,0.07491180859246169,0.017423622476813963,0.1122816920188612,143.3128078817734,0.003149010047281324,0.006977743404657557
3754107,Manchester United,45,55,70,leading,middle,medium,0.04251700680272109,0.048441065610989695,0.04122129348193178,0.12167557495866563,197.69747899159663,0.002696513002364066,0.005058233443849359
3754107,Aston Villa,50,60,33,trailing,middle,low,0.021258503401360544,0.014285714285714285,0.0016899379432624112,0.08070586338719771,68.47222222222223,0.0018007535460992908,0.014604462474645028
3754107,Manchester United,50,60,37,leading,middle,low,0.027210884353741496,0.0227891156462585,0.038947990543735225,0.11315500429414699,164.8230769230769,0.0016714686761229313,0.006067111588183134
3754107,Aston Villa,55,65,32,trailing,middle,low,0.02040816326530612,0.00817601797226422,0.008012820512820512,0.12763273651855148,83.35164835164835,0.0013667257683215128,0.011997363216875412
3754107,Manchester United,55,65,39,leading,middle,low,0.025510204081632654,0.034162829162528496,0.04744490881458966,0.12905373201587564,169.73015873015873,0.002160904255319149,0.00589170485364257
3754107,Aston Villa,60,70,26,trailing,late,low,0.017857142857142856,0.0,0.0025610717100078804,0.09644613271140494,65.14285714285714,0.000969636524822695,0.015350877192982457
3754107,Manchester United,60,70,62,leading,late,medium,0.03486394557823129,0.03436386566905575,0.038180467701744304,0.09517039450220842,230.85846560846562,0.001505245271867612,0.004331658349042279
3754107,Aston Villa,65,75,38,trailing,late,low,0.02465986394557823,0.0475182899888529,0.014095744680851062,0.09599446019401042,129.7058823529412,0.002179373522458629,0.007709750566893423
3754107,Manchester United,65,75,57,leading,late,medium,0.03571428571428571,0.02206967757511582,0.029255319148936164,0.1049888709078394,190.22988505747125,0.00193927304964539,0.005256797583081571
3754107,Aston Villa,70,80,64,trailing,late,medium,0.039965986394557826,0.052007641601679755,0.0334138204553938,0.11098046587630692,169.2235294117647,0.003204417848699764,0.005909343715239154
3754107,Manchester United,70,80,63,leading,late,medium,0.0391156462585034,0.004859390975412856,0.03632289204097715,0.147373036613224,180.04498106060606,0.0018653959810874703,0.005554167598059197
3754107,Aston Villa,75,85,51,trailing,late,medium,0.03316326530612245,0.016553131690689435,0.02874056280027453,0.14058529167697079,137.60394265232978,0.00380466903073286,0.0072672336324446805
3754107,Manchester United,75,85,70,leading,late,medium,0.045068027210884355,0.024046978218515605,0.040094726819017594,0.11957788818148159,188.43174603174603,0.0035460992907801413,0.005306961385538109
3754107,Aston Villa,80,90,64,trailing,late,medium,0.04251700680272109,0.029898078780650452,0.03375747462105409,0.13454372789075286,169.79560308972071,0.0022440159574468083,0.005889434012443748
3754107,Manchester United,80,90,58,leading,late,medium,0.04251700680272109,0.05423493675607763,0.04052978066719202,0.13162378711631348,184.46825396825398,0.0022440159574468083,0.005420986963817063
3754105,West Bromwich Albion,0,10,90,tied,early,high,0.05612244897959184,0.033081649628582434,0.03766593926168394,0.1357143007226025,219.4,0.0019485076832151298,0.004557885141294439
3754105,Everton,0,10,40,tied,early,low,0.027210884353741496,0.012504049238743115,0.015070921985815602,0.150997740377415,89.06493506493507,0.0030289598108747045,0.011227763196267133
3754105,West Bromwich Albion,5,15,88,tied,early,high,0.05782312925170068,0.0396516644245425,0.03052706011482607,0.12983186842201863,202.97037037037038,0.0032690602836879428,0.0049268274880478816
3754105,Everton,5,15,62,tied,early,medium,0.039965986394557826,0.017623188911040182,0.0407548125633232,0.1224893099713451,174.97142857142856,0.0018469267139479906,0.005715218811234488
3754105,West Bromwich Albion,10,20,51,tied,early,medium,0.036564625850340135,0.008649173955296404,0.03945035460992908,0.11637617316212633,164.4313725490196,0.0023733008274231674,0.006081564512282376
3754105,Everton,10,20,71,tied,early,medium,0.039965986394557826,0.010954643200471273,0.05124605988967691,0.10979480534613659,208.69232804232803,0.0018469267139479906,0.004791742990174392
3754105,West Bromwich Albion,15,25,39,tied,early,low,0.027210884353741496,0.0,0.042284547603696536,0.11608420410863025,167.7192118226601,0.0016714686761229313,0.005962346168531736
3754105,Everton,15,25,46,tied,early,low,0.02806122448979592,0.0037140529815495125,0.03286765305290617,0.1373889570975514,135.55413105413106,0.0016529994089834515,0.007377126703727446
3754105,West Bromwich Albion,20,30,45,tied,early,low,0.03231292517006803,0.02680079228669019,0.035971416290565224,0.11436347750178356,179.2873563218391,0.00201315011820331,0.0055776381587383
3754105,Everton,20,30,35,tied,early,low,0.02295918367346939,0.005142534897530094,0.01963993453355156,0.14110650096794333,98.5021645021645,0.002216312056737589,0.010152061176056958
3754105,West Bromwich Albion,25,35,39,tied,early,low,0.026360544217687076,0.05920190647669549,0.015743458058204943,0.09631408505317827,144.7058823529412,0.0016899379432624112,0.006910569105691057
3754105,Everton,25,35,53,tied,early,medium,0.03486394557823129,0.038309369063772775,0.016439214843470162,0.11664385944753344,124.66666666666667,0.0024102393617021272,0.00802139037433155
3754105,West Bromwich Albion,30,40,37,tied,middle,low,0.02465986394557823,0.0,0.01624240121580547,0.13305856641427263,90.5,0.003084367612293144,0.011049723756906077
3754105,Everton,30,40,73,tied,middle,medium,0.0467687074829932,0.0610640784605647,0.0430112293144208,0.10820832530646293,209.52204836415362,0.0021516696217494086,0.004772767390389289
3754105,West Bromwich Albion,35,45,37,leading,middle,low,0.025510204081632654,0.0,0.023078242964996568,0.12395958889633833,113.14769230769231,0.003065898345153664,0.008838006145813504
3754105,Everton,35,45,56,trailing,middle,medium,0.03571428571428571,0.03489934798107134,0.04434312732185073,0.12354568063272749,171.6386554621849,0.00193927304964539,0.005826193390452876
3754105,West Bromwich Albion,40,50,53,leading,middle,medium,0.03571428571428571,0.03457014070598183,0.0363580715974333,0.1389163936657997,162.04545454545453,0.0014867760047281324,0.006171107994389902
3754105,Everton,40,50,75,trailing,middle,medium,0.05187074829931973,0.05925089546540642,0.029004981425194185,0.1321657586938671,192.2159090909091,0.0020408540189125295,0.005202483003251552
3754105,West Bromwich Albion,45,55,59,leading,middle,medium,0.0391156462585034,0.04234626743107885,0.042293720809548525,0.1171932716919122,185.0975975975976,0.002317893026004728,0.005402555262624214
3754105,Everton,45,55,80,trailing,middle,medium,0.050170068027210885,0.02557107377816566,0.04204382854298867,0.11253398882560639,216.9472498814604,0.002530289598108747,0.004609415424931168
3754105,West Bromwich Albion,50,60,42,leading,middle,low,0.02891156462585034,0.03783474751436076,0.027268280753240403,0.14434633614686324,123.94871794871794,0.0016345301418439714,0.008067852709971039
3754105,Everton,50,60,52,trailing,middle,medium,0.03316326530612245,0.004988662131519275,0.024265450861195543,0.12107308030093285,145.95238095238096,0.0019946808510638296,0.0068515497553017935
3754105,West Bromwich Albion,55,65,35,leading,middle,low,0.021258503401360544,0.010570766178256304,0.024468085106382976,0.1386207403963279,95.11923583662714,0.0022532505910165487,0.010513120623861599
3754105,Everton,55,65,46,trailing,middle,low,0.031462585034013606,0.0037140529815495125,0.03308739418897277,0.1373411754863677,141.3793103448276,0.0015791223404255318,0.007073170731707317
3754105,West Bromwich Albion,60,70,30,leading,late,low,0.01870748299319728,0.0,0.006921713038734316,0.12155200976681745,59.28787878787879,0.0018561613475177306,0.0168668540761564
3754105,Everton,60,70,42,trailing,late,low,0.02976190476190476,0.015306122448979591,0.035380399742101866,0.11645294650023823,147.11453201970443,0.0016160608747044917,0.006797425014858903
3754105,West Bromwich Albion,65,75,25,leading,late,low,0.017857142857142856,0.008503401360544217,0.0032978723404255323,0.11261782189824807,53.527272727272724,0.0014221335697399526,0.018682065217391304
3754105,Everton,65,75,70,trailing,late,medium,0.041666666666666664,0.045189955323676874,0.0436613475177305,0.10521361128892251,230.25549613784906,0.002262485224586288,0.004343001651527663
3754105,West Bromwich Albion,70,80,31,tied,late,low,0.021258503401360544,0.019284505865737853,0.04670212765957446,0.15520077610331076,139.92333333333335,0.001348256501182033,0.007146770850703956
3754105,Everton,70,80,69,tied,late,medium,0.03826530612244898,0.01733074182053774,0.05228163493840986,0.11317190364433805,201.52323376007587,0.002336362293144208,0.0049622069939119435
3754105,West Bromwich Albion,75,85,42,tied,late,low,0.026360544217687076,0.005668934240362812,0.04429457953394123,0.139495431157864,154.6031746031746,0.0012374408983451535,0.006468172484599589
3754105,Everton,75,85,38,tied,late,low,0.026360544217687076,0.008570891495883491,0.01554373522458629,0.12297605057500681,109.77142857142857,0.0016899379432624112,0.009109838625715773
3754105,West Bromwich Albion,80,90,45,trailing,late,low,0.026360544217687076,0.019998746823728143,0.02968514936600043,0.11600838637263888,200.37662337662337,0.0012374408983451535,0.004990602112904271
3754105,Everton,80,90,38,leading,late,low,0.027210884353741496,0.009863945578231292,0.018617021276595744,0.11038409368769969,115.17391304347827,0.0016714686761229313,0.008682521706304265
3754097,Manchester United,0,10,69,tied,early,medium,0.045068027210884355,0.020375325179951758,0.038966759312504,0.13640149130314164,193.04104104104104,0.0026411052009456264,0.0051802455820127765
3754097,Tottenham Hotspur,0,10,87,tied,early,high,0.05612244897959184,0.04645013860846623,0.03684249408983451,0.1037294549546242,221.08013276434332,0.0033059988179669026,0.004523246786114125
3754097,Manchester United,5,15,71,tied,early,medium,0.045068027210884355,0.02765809271214092,0.03700871749408983,0.14217532957504403,181.5,0.0021886081560283685,0.005509641873278237
3754097,Tottenham Hotspur,5,15,54,tied,early,medium,0.041666666666666664,0.022485056430125643,0.04478501773049645,0.10272128421146735,190.8904694167852,0.002714982269503546,0.0052386062177710215
3754097,Manchester United,10,20,57,tied,early,medium,0.03571428571428571,0.031197694141788,0.05395821353268161,0.10524982560005029,202.87731092436974,0.002844267139479905,0.0049290874146729405
3754097,Tottenham Hotspur,10,20,62,tied,early,medium,0.04251700680272109,0.017649734014676857,0.04857701400254591,0.11924215284339065,205.1003148897886,0.0022440159574468083,0.004875662919081103
3754097,Manchester United,15,25,69,tied,early,medium,0.04591836734693878,0.052041164702039296,0.04733409321175278,0.09449097180318757,220.07692307692307,0.0030751329787234044,0.004543865781195386
3754097,Tottenham Hotspur,15,25,56,tied,early,medium,0.036564625850340135,0.02541201571976452,0.03991099986093728,0.13210729535523721,169.06951871657753,0.0023733008274231674,0.005914726720647774
3754097,Manchester United,20,30,69,tied,early,medium,0.0467687074829932,0.05262304354841334,0.0306437976096664,0.11908577036480955,179.58288770053477,0.0026041666666666665,0.005568459293669227
3754097,Tottenham Hotspur,20,30,38,tied,early,low,0.027210884353741496,0.059745855625997775,0.029751773049645394,0.1542518538733085,130.2,0.0016714686761229313,0.007680491551459294
3754097,Manchester United,25,35,57,tied,early,medium,0.02976190476190476,0.008919712901123882,0.015070921985815602,0.14614622165167324,112.71943929086787,0.0020685579196217494,0.008871584229757755
3754097,Tottenham Hotspur,25,35,53,tied,early,medium,0.03486394557823129,0.025232678592267858,0.023350430597771026,0.14295899664914002,130.28571428571428,0.003315233451536643,0.0076754385964912285
3754097,Manchester United,30,40,66,tied,middle,medium,0.03826530612244898,0.015786174047647726,0.04660411741528763,0.11529951148180577,203.22962962962964,0.002336362293144208,0.004920542353112699
3754097,Tottenham Hotspur,30,40,52,tied,middle,medium,0.03486394557823129,0.025130341445688018,0.029373522458628842,0.13572476942929013,145.77241379310345,0.0024102393617021272,0.0068600085158726405
3754097,Manchester United,35,45,71,tied,middle,medium,0.04336734693877551,0.036359595717641635,0.038247213779128666,0.12600231616476157,210.82386363636363,0.0017730496453900709,0.0047432960517450485
3754097,Tottenham Hotspur,35,45,61,tied,middle,medium,0.04081632653061224,0.02301542545291878,0.027879467389792793,0.141428302814609,157.3494623655914,0.002280954491725768,0.006355280691563878
3754097,Manchester United,40,50,60,tied,middle,medium,0.041666666666666664,0.03248398506577658,0.05527602070155261,0.11191482793181469,226.72972972972974,0.0018099881796690305,0.004410537608773394
3754097,Tottenham Hotspur,40,50,78,tied,middle,medium,0.04846938775510204,0.016330582391646618,0.044004212887191606,0.1235495039235742,212.99055330634278,0.0016622340425531915,0.004695043909115101
3754097,Manchester United,45,55,51,tied,middle,medium,0.0391156462585034,0.006802721088435374,0.048058977230309816,0.1312383085797928,179.50924608819346,0.0018653959810874708,0.0055707436903205355
3754097,Tottenham Hotspur,45,55,84,tied,middle,high,0.055272108843537414,0.03533851730484844,0.0357276711064983,0.12083968072825028,214.56410256410257,0.0028719710401891255,0.004660611854684513
3754097,Manchester United,50,60,39,tied,middle,low,0.02806122448979592,0.022108843537414963,0.029314420803782503,0.14035991710890008,134.30769230769232,0.0012005023640661936,0.0074455899198167235
3754097,Tottenham Hotspur,50,60,65,tied,middle,medium,0.047619047619047616,0.05000551228720637,0.0432643056313269,0.1164474326946123,201.3987854251012,0.0030381944444444445,0.00496527324079565
3754097,Manchester United,55,65,59,tied,middle,medium,0.04081632653061224,0.024249776524282354,0.04495947315096251,0.12136967275469117,200.72142857142856,0.002280954491725768,0.004982029109284367
3754097,Tottenham Hotspur,55,65,50,tied,middle,low,0.03316326530612245,0.022878331855054047,0.03804907343857241,0.12614092961106546,166.6225806451613,0.0024471778959810875,0.006001587516697965
3754097,Manchester United,60,70,63,tied,late,medium,0.03826530612244898,0.016340594315896528,0.032453761646502564,0.13385461633540532,168.9784946236559,0.002336362293144208,0.005917912822144448
3754097,Tottenham Hotspur,60,70,51,tied,late,medium,0.031462585034013606,0.014171888037952798,0.020377033792240297,0.09226804215538607,146.62914862914863,0.0015791223404255318,0.006819926388096129
3754097,Manchester United,65,75,88,tied,late,high,0.04931972789115646,0.02721276704894575,0.042296818094690436,0.1224085197490016,221.83783783783784,0.002096261820330969,0.0045077972709551654
3754097,Tottenham Hotspur,65,75,36,tied,late,low,0.02295918367346939,0.01530612244897959,0.01268647591098068,0.1226024749553257,102.3529411764706,0.001763815011820331,0.009770114942528735
3754097,Manchester United,70,80,79,tied,late,medium,0.0467687074829932,0.031094354610987935,0.032531572726141586,0.12044813583770568,192.80392156862746,0.0026041666666666665,0.005186616495474423
3754097,Tottenham Hotspur,70,80,34,tied,late,low,0.02295918367346939,0.013605442176870748,0.006261081560283688,0.09923849479068651,87.0,0.0013113179669030732,0.011494252873563218
3754097,Manchester United,75,85,34,tied,late,low,0.02295918367346939,0.006122448979591836,0.02098108747044917,0.10938422612624711,111.7943722943723,0.001763815011820331,0.008944994094754981
3754097,Tottenham Hotspur,75,85,42,tied,late,low,0.02806122448979592,0.014091350826044704,0.027646440767008146,0.15130284600599672,116.58689458689459,0.0025579934988179663,0.008577293387419969
3754097,Manchester United,80,90,32,tied,late,low,0.01870748299319728,0.019284505865737853,0.0027580772261623326,0.09040341982517727,61.160714285714285,0.0014036643026004727,0.01635036496350365
3754097,Tottenham Hotspur,80,90,54,tied,late,medium,0.034013605442176874,0.009863945578231292,0.024616734723117702,0.13137970566344115,136.86145320197045,0.00197621158392435,0.007306659228031656
3754102,Newcastle United,0,10,56,tied,early,medium,0.03741496598639456,0.03230212303262548,0.029196217494089835,0.12467320124837132,146.49310344827586,0.0023548315602836874,0.006826259915730998
3754102,Norwich City,0,10,43,tied,early,low,0.026360544217687076,0.0,0.03133311170212766,0.13630014698180393,145.0523076923077,0.0012374408983451535,0.00689406474057104
3754102,Newcastle United,5,15,71,tied,early,medium,0.045068027210884355,0.061898497504281856,0.04112367021276596,0.10180981993886866,209.02857142857144,0.0026411052009456264,0.004784034991798797
3754102,Norwich City,5,15,45,tied,early,low,0.030612244897959183,0.011791383219954649,0.03091755319148936,0.10225799812695469,152.9420702754036,0.0020500886524822694,0.006538423327206795
3754102,Newcastle United,10,20,61,leading,early,medium,0.036564625850340135,0.02312925170068027,0.035868315123634274,0.11632554718289004,185.5741935483871,0.0019208037825059103,0.005388680294812961
3754102,Norwich City,10,20,83,trailing,early,high,0.04931972789115646,0.044000861687603345,0.06216227625802094,0.11244125184335858,273.602787456446,0.002548758865248227,0.0036549335235087363
3754102,Newcastle United,15,25,40,tied,early,low,0.025510204081632654,0.0,0.03838921126155169,0.11931714697800813,149.97150997150996,0.0017084072104018911,0.006667933130699089
3754102,Norwich City,15,25,71,tied,early,medium,0.04421768707482993,0.03425336570734502,0.05881372370734073,0.11850809498666902,237.33198380566802,0.0022070774231678484,0.004213507104962385
3754102,Newcastle United,20,30,37,leading,early,low,0.027210884353741496,0.0,0.033953900709219866,0.15711956241720904,128.93915343915344,0.0016714686761229313,0.007755596134512403
3754102,Norwich City,20,30,29,trailing,early,low,0.0195578231292517,0.017006802721088433,0.0024696048632218844,0.08006754462818715,51.388888888888886,0.001385195035460993,0.019459459459459462
3754102,Newcastle United,25,35,27,leading,early,low,0.0195578231292517,0.0,0.009615384615384616,0.12283419976730735,87.14285714285714,0.001385195035460993,0.011475409836065575
3754102,Norwich City,25,35,31,trailing,early,low,0.01870748299319728,0.0,0.010992907801418438,0.13932067188326938,73.22058823529412,0.0014036643026004727,0.013657360915846555
3754102,Newcastle United,30,40,41,leading,middle,low,0.02976190476190476,0.027642805975961235,0.022226443768996962,0.14026906507550074,113.61846153846155,0.0029735520094562647,0.008801386556897578
3754102,Norwich City,30,40,37,trailing,middle,low,0.023809523809523808,0.0,0.024349881796690308,0.12428339200195308,114.68297101449275,0.0017453457446808508,0.008719690387805071
3754102,Newcastle United,35,45,50,leading,middle,low,0.03571428571428571,0.020713882907626904,0.02398989898989899,0.13237176826048022,136.10837438423644,0.00193927304964539,0.0073470865001809636
3754102,Norwich City,35,45,44,trailing,middle,low,0.030612244897959183,0.005668934240362812,0.03404255319148936,0.14446258830667444,136.2911877394636,0.0015975916075650117,0.007337231530417182
3754102,Newcastle United,40,50,60,leading,middle,medium,0.039965986394557826,0.015155726024286475,0.040862227475702645,0.12322194381266047,175.76825396825396,0.0022994237588652476,0.005689309516498998
3754102,Norwich City,40,50,74,trailing,middle,medium,0.047619047619047616,0.03702623906705539,0.035784915439170756,0.1273731792836848,190.51351351351352,0.0021332003546099287,0.005248971485317066
3754102,Newcastle United,45,55,47,leading,middle,low,0.030612244897959183,0.01499906011779611,0.03500506585612969,0.10688847390061584,157.96781609195403,0.0020500886524822694,0.0063304033994993885
3754102,Norwich City,45,55,87,trailing,middle,high,0.050170068027210885,0.022778927417040167,0.034497600754249694,0.13605843543072338,203.66666666666666,0.002077792553191489,0.004909983633387889
3754102,Newcastle United,50,60,24,leading,middle,low,0.01870748299319728,0.03401360544217687,0.013888888888888888,0.0,88.36666666666666,0.0014036643026004727,0.01131648434552999
3754102,Norwich City,50,60,66,trailing,middle,medium,0.03486394557823129,0.03263485416149362,0.017258636467627545,0.12234866709816045,138.20772946859904,0.00195774231678487,0.0072354853367821315
3754102,Newcastle United,55,65,42,leading,middle,low,0.02806122448979592,0.00942798064547184,0.03441328175370728,0.12045118296389962,139.31034482758622,0.0021054964539007092,0.007178217821782178
3754102,Norwich City,55,65,52,trailing,middle,medium,0.030612244897959183,0.0,0.017209011264080098,0.11863856896385891,127.16205533596838,0.0015975916075650117,0.007863981101579013
3754102,Newcastle United,60,70,39,leading,late,low,0.026360544217687076,0.01530612244897959,0.027836879432624115,0.12028319954098635,129.525,0.0016899379432624112,0.0077205172746574015
3754102,Norwich City,60,70,57,trailing,late,medium,0.034013605442176874,0.0,0.06011596703086065,0.1268718212881235,208.23173173173174,0.001523714539007092,0.004802342043086478
3754102,Newcastle United,65,75,24,leading,late,low,0.01870748299319728,0.0,0.0014479905437352243,0.0819463128081168,54.76190476190476,0.0009511672576832152,0.018260869565217393
3754102,Norwich City,65,75,76,trailing,late,medium,0.04421768707482993,0.029055096018286555,0.05213388080129402,0.11607287749074675,238.69203413940255,0.001302083333333333,0.004189498839395592
3754102,Newcastle United,70,80,30,leading,late,low,0.021258503401360544,0.019679300291545188,0.015218676122931438,0.1344405653551647,84.84210526315789,0.0027057476359338057,0.011786600496277916
3754102,Norwich City,70,80,58,trailing,late,medium,0.03486394557823129,0.037283378007093186,0.044282784035600056,0.14024562425871762,179.72192513368984,0.00195774231678487,0.005564151392525589
3754102,Newcastle United,75,85,32,leading,late,low,0.021258503401360544,0.013500614613821162,0.012449892075238975,0.1446051907829899,85.6470588235294,0.0018007535460992908,0.011675824175824176
3754102,Norwich City,75,85,38,trailing,late,low,0.025510204081632654,0.0,0.02130614657210402,0.12883320740408966,127.57142857142857,0.0008034131205673759,0.007838745800671893
3754102,Newcastle United,80,90,41,leading,late,low,0.025510204081632654,0.0,0.02753946465339739,0.13876387753041108,132.58666666666667,0.0012559101654846334,0.007542236524537409
3754102,Norwich City,80,90,40,trailing,late,low,0.025510204081632654,0.0,0.007780923511019598,0.1214852776637863,85.66666666666667,0.0017084072104018911,0.011673151750972763
3754115,Chelsea,0,10,69,tied,early,medium,0.04421768707482993,0.05349492674374903,0.034586448150277935,0.12322216872237013,203.22758838383837,0.0017545803782505912,0.004920591775715451
3754115,Aston Villa,0,10,58,tied,early,medium,0.02806122448979592,0.00510204081632653,0.039374168882978726,0.11374116099991873,160.48390804597702,0.0012005023640661936,0.006231154339246961
3754115,Chelsea,5,15,70,tied,early,medium,0.045068027210884355,0.03008681478123423,0.05277285263987391,0.11654595106452692,227.48653846153846,0.0021886081560283685,0.00439586450593019
3754115,Aston Villa,5,15,60,tied,early,medium,0.031462585034013606,0.007227891156462584,0.021452596996245306,0.1181101628503282,138.24282051282051,0.00203161938534279,0.007233648708051793
3754115,Chelsea,10,20,54,tied,early,medium,0.03316326530612245,0.018367346938775512,0.05434157561817136,0.10582628431781556,193.56302521008402,0.001542183806146572,0.005166275939914909
3754115,Aston Villa,10,20,56,tied,early,medium,0.02976190476190476,0.00782886423215661,0.036255808266079714,0.15344624927921877,151.42241379310346,0.0016160608747044917,0.006604042129234273
3754115,Chelsea,15,25,40,tied,early,low,0.025510204081632654,0.0,0.02562610815602837,0.12142510853873072,125.18333333333334,0.0017084072104018911,0.007988283850352816
3754115,Aston Villa,15,25,46,tied,early,low,0.02891156462585034,0.010981151845942045,0.02774494352508537,0.14198687259653908,130.20465337132003,0.0025395242316784868,0.0076802170591260014
3754115,Chelsea,20,30,66,tied,early,medium,0.04251700680272109,0.03297475234653352,0.05141843971631206,0.10370038729426637,221.79943100995732,0.001791518912529551,0.004508577841911175
3754115,Aston Villa,20,30,40,tied,early,low,0.026360544217687076,0.016099773242630386,0.011627114020731041,0.13043078046793072,105.43790849673202,0.002142434988179669,0.009484254897098934
3754115,Chelsea,25,35,60,tied,early,medium,0.03826530612244898,0.016076828967896393,0.0385405001866368,0.11342202075586764,186.17379679144386,0.0018838652482269503,0.005371325166238205
3754115,Aston Villa,25,35,33,tied,early,low,0.021258503401360544,0.03503401360544217,0.020390070921985817,0.11513456532008921,98.22105263157894,0.0018007535460992908,0.010181116707748366
3754115,Aston Villa,30,40,43,trailing,middle,low,0.02891156462585034,0.011564625850340135,0.03717494089834515,0.11704642534212277,154.70502645502646,0.0020870271867612297,0.006463914088083654
3754115,Chelsea,35,45,31,leading,middle,low,0.021258503401360544,0.02584899744719172,0.005200945626477541,0.12909080404678977,64.76923076923077,0.0018007535460992908,0.015439429928741092
3754115,Aston Villa,35,45,42,trailing,middle,low,0.02976190476190476,0.01292517006802721,0.028529980657640234,0.11635900029017024,134.9047619047619,0.0020685579196217494,0.007412636780797741
3754115,Chelsea,40,50,62,leading,middle,medium,0.03826530612244898,0.0295230039104919,0.04499746707193515,0.13019008064493104,192.81428571428572,0.0018838652482269503,0.005186337704675113
3754115,Aston Villa,40,50,33,trailing,middle,low,0.02295918367346939,0.01564625850340136,0.006977808281857698,0.10295653242094559,82.02857142857142,0.001763815011820331,0.012190874259839777
3754115,Chelsea,45,55,58,leading,middle,medium,0.034013605442176874,0.031060365168923784,0.02440629701267999,0.12691714450692798,136.3095238095238,0.0019762115839243497,0.007336244541484717
3754115,Aston Villa,45,55,56,trailing,middle,medium,0.03231292517006803,0.004081632653061225,0.025736923758865247,0.12121304637795094,136.9589947089947,0.002465647163120567,0.007301455462087482
3754115,Chelsea,50,60,33,leading,middle,low,0.021258503401360544,0.0,0.02064864066193853,0.15864533088799107,87.28571428571429,0.0027057476359338057,0.011456628477905073
3754115,Aston Villa,50,60,76,trailing,middle,medium,0.04081632653061224,0.02308632437893026,0.02103033884948778,0.15716723105272948,138.83333333333334,0.003638445626477541,0.007202881152460984
3754115,Chelsea,55,65,33,leading,middle,low,0.0195578231292517,0.01530612244897959,0.00668303327877796,0.13027857777854607,71.68571428571428,0.001385195035460993,0.013949780789159028
3754115,Aston Villa,55,65,71,trailing,middle,medium,0.03826530612244898,0.03716486641955618,0.033662548020094565,0.13738872130894925,154.47076612903226,0.0023363622931442075,0.006473716840147486
3754115,Chelsea,60,70,33,leading,late,low,0.02040816326530612,0.0,0.009323795549033993,0.11557408729722601,90.84375,0.0013667257683215128,0.011007911936704506
3754115,Aston Villa,60,70,69,trailing,late,medium,0.03571428571428571,0.030179178477018464,0.05572441742654508,0.10787480424010873,245.29261363636363,0.00193927304964539,0.004076763605619448
3754115,Aston Villa,65,75,65,trailing,late,medium,0.03486394557823129,0.044198642418900834,0.024307666328942924,0.11661626013725256,153.46011396011397,0.001505245271867612,0.006516351214621875
3754115,Chelsea,70,80,30,leading,late,low,0.0195578231292517,0.009829529166130304,0.006808510638297872,0.11520388929332835,88.31818181818181,0.001385195035460993,0.011322696860524962
3754115,Aston Villa,70,80,51,trailing,late,medium,0.034013605442176874,0.027572789097904195,0.037314635718891036,0.13575661461452188,167.17741935483872,0.00197621158392435,0.005981669078630005
3754115,Chelsea,75,85,58,leading,late,medium,0.03231292517006803,0.018387965230828498,0.03074239304506978,0.11433099632015142,177.30864197530866,0.002465647163120567,0.005639883024648377
3754115,Aston Villa,75,85,33,trailing,late,low,0.02465986394557823,0.004421768707482993,0.01671263462043604,0.13874455208536873,94.6103896103896,0.001726876477541371,0.010569663692518876
3754115,Chelsea,80,90,66,leading,late,medium,0.03571428571428571,0.012585034013605436,0.04047444362924919,0.12334938454176038,193.50035186488387,0.003296764184397163,0.005167949258812063
3754115,Aston Villa,80,90,25,trailing,late,low,0.01870748299319728,0.0,0.006174012158054712,0.1160443969237075,69.63186813186813,0.0014036643026004727,0.014361240432415372
3754148,Sunderland,0,10,58,tied,early,medium,0.02976190476190476,0.014141064507855822,0.04424312943262411,0.12044531844023423,182.2409195402299,0.0016160608747044917,0.005487241847346193
3754148,Tottenham Hotspur,0,10,54,tied,early,medium,0.03571428571428571,0.02108843537414966,0.03485766351457841,0.12595043858768748,175.90804597701148,0.0014867760047281324,0.005684788290642969
3754148,Sunderland,5,15,43,tied,early,low,0.02465986394557823,0.0027210884353741495,0.01785277573978968,0.11977403914759058,120.29523809523809,0.0012743794326241136,0.008312881007046156
3754148,Tottenham Hotspur,5,15,44,tied,early,low,0.02891156462585034,0.026530612244897955,0.018348377390930582,0.11589761277945967,113.87333333333333,0.0016345301418439714,0.008781687254844564
3754148,Sunderland,10,20,30,tied,early,low,0.023809523809523808,0.0,0.025823610157858612,0.12100906131630275,118.79710144927536,0.0017453457446808508,0.008417713797730878
3754148,Tottenham Hotspur,10,20,42,tied,early,low,0.026360544217687076,0.0572521224404053,0.030664260385005058,0.1345366001158753,126.48461538461538,0.0016899379432624112,0.00790609986012285
3754148,Sunderland,15,25,36,tied,early,low,0.02465986394557823,0.0,0.035546785632578355,0.12657032030959195,133.16239316239316,0.001726876477541371,0.007509627727856226
3754148,Tottenham Hotspur,15,25,44,tied,early,low,0.02976190476190476,0.024829931972789113,0.03657548125633233,0.13114283817198769,155.0774193548387,0.0016160608747044917,0.006448392062237384
3754148,Sunderland,20,30,33,tied,early,low,0.02040816326530612,0.026998308212032997,0.01358156028368794,0.13162798312434643,97.18014705882354,0.0018192228132387705,0.01029016759353838
3754148,Tottenham Hotspur,20,30,57,tied,early,medium,0.03741496598639456,0.03188743964864736,0.05373973497573721,0.10076968212302989,221.78412698412697,0.0023548315602836874,0.00450888895250637
3754148,Sunderland,25,35,30,tied,early,low,0.02040816326530612,0.0,0.023524569402228974,0.13221776369138788,124.52631578947368,0.0013667257683215128,0.008030431107354184
3754148,Tottenham Hotspur,25,35,52,tied,early,medium,0.034013605442176874,0.012856337243825237,0.040374873353596755,0.13902591041320841,168.50694444444446,0.001523714539007092,0.005934473521533072
3754148,Sunderland,30,40,39,tied,middle,low,0.026360544217687076,0.010713614369854364,0.04238160603980782,0.11573879463666877,183.34615384615384,0.0012374408983451535,0.0054541640444724145
3754148,Tottenham Hotspur,30,40,58,tied,middle,medium,0.03316326530612245,0.05202930750466486,0.03835339207679633,0.11639103464073676,156.0258064516129,0.003352171985815603,0.0064091961627522325
3754148,Sunderland,35,45,44,tied,middle,low,0.030612244897959183,0.0173469387755102,0.06263037129745515,0.08524143620607195,217.27520161290323,0.0015975916075650117,0.004602458046646283
3754148,Tottenham Hotspur,35,45,55,tied,middle,medium,0.031462585034013606,0.02173812282948286,0.024137653127014828,0.13262252745679914,138.71025641025642,0.00203161938534279,0.007209272233210714
3754148,Sunderland,40,50,56,tied,middle,medium,0.03826530612244898,0.009977324263038548,0.065346211272863,0.10488771385401599,232.69416785206258,0.0018838652482269503,0.004297486306729265
3754148,Tottenham Hotspur,40,50,47,tied,middle,low,0.030612244897959183,0.017679654471966694,0.037344858156028365,0.13535256206104673,153.08275862068965,0.0015975916075650117,0.006532414290219399
3754148,Sunderland,45,55,55,tied,middle,medium,0.034013605442176874,0.002947845804988662,0.028344168636721827,0.11015695474933604,159.82922824302133,0.00197621158392435,0.006256677899235638
3754148,Tottenham Hotspur,45,55,43,tied,middle,low,0.027210884353741496,0.010713614369854364,0.03397289766970618,0.15139560034984023,126.76190476190476,0.0016714686761229313,0.007888805409466567
3754148,Sunderland,50,60,32,tied,middle,low,0.022108843537414966,0.0,0.019674031642116747,0.13927297589856072,104.54761904761905,0.0017822842789598108,0.00956501935777727
3754148,Tottenham Hotspur,50,60,53,tied,middle,medium,0.02976190476190476,0.011254185455467648,0.028261799951088285,0.13238941810175936,145.2997150997151,0.0020685579196217494,0.006882325951662935
3754148,Sunderland,55,65,39,tied,middle,low,0.02891156462585034,0.007285257771500967,0.03215552178318136,0.10473559166471849,163.12820512820514,0.0020870271867612297,0.006130147752279157
3754148,Tottenham Hotspur,55,65,57,tied,middle,medium,0.036564625850340135,0.015509309611943828,0.047687647754137114,0.10370224683100047,199.58823529411765,0.0023733008274231674,0.0050103153551429415
3754148,Sunderland,60,70,35,tied,late,low,0.023809523809523808,0.01258503401360544,0.024761555392516506,0.12210582092749894,112.69021739130434,0.002197842789598109,0.008873884735953701
3754148,Tottenham Hotspur,60,70,56,tied,late,medium,0.03741496598639456,0.006428168621912618,0.04238988428518103,0.11001417865555704,201.82670454545453,0.0019023345153664304,0.00495474571738243
3754148,Tottenham Hotspur,65,75,53,tied,late,medium,0.03486394557823129,0.03254981198818683,0.03720633865248227,0.12780941205946345,159.80947580645162,0.001505245271867612,0.006257451224050817
3754148,Tottenham Hotspur,70,80,48,tied,late,low,0.03486394557823129,0.02607215060035875,0.036032944406314334,0.15136036998357302,160.00860215053763,0.001505245271867612,0.006249663996559325
3754148,Sunderland,75,85,37,tied,late,low,0.021258503401360544,0.026003475793004344,0.010100050658561297,0.11438498858516181,89.95,0.0018007535460992908,0.011117287381878822
3754148,Tottenham Hotspur,75,85,45,tied,late,low,0.031462585034013606,0.01138286190428514,0.04260859929078015,0.12025693028890547,177.1080459770115,0.0015791223404255318,0.005646270865242335
3754148,Sunderland,80,90,37,trailing,late,low,0.021258503401360544,0.023944504080202357,0.02304964539007092,0.1703408098287515,93.6,0.0018007535460992908,0.010683760683760684
3754148,Tottenham Hotspur,80,90,37,leading,late,low,0.027210884353741496,0.008240909718059589,0.03646979701638542,0.11450721393046484,172.65398550724638,0.0012189716312056738,0.005791931168354231
3754169,AFC Bournemouth,0,10,54,leading,early,medium,0.034013605442176874,0.01564254832441872,0.04464637509850276,0.12988054482168515,207.46370967741936,0.001523714539007092,0.004820120114283493
3754169,Sunderland,0,10,42,trailing,early,low,0.02976190476190476,0.053708658513285094,0.034103501773049646,0.12020322713133828,140.3448275862069,0.0038785460992907792,0.007125307125307126
3754169,AFC Bournemouth,5,15,56,leading,early,medium,0.031462585034013606,0.010713614369854364,0.05688956433637284,0.10357269837836598,200.07102272727272,0.0011266252955082741,0.004998225062122826
3754169,Sunderland,5,15,37,trailing,early,low,0.025510204081632654,0.007482993197278912,0.02411347517730496,0.12371149071539632,111.0,0.0017084072104018911,0.009009009009009009
3754169,AFC Bournemouth,10,20,51,leading,early,medium,0.02976190476190476,0.022702733015586955,0.03814664163537756,0.10814872153307716,157.00919540229884,0.0020685579196217494,0.006369053719673788
3754169,Sunderland,10,20,48,trailing,early,low,0.030612244897959183,0.014285714285714287,0.0409517272935255,0.14250174879239777,155.00645161290322,0.0015975916075650117,0.0064513443769249985
3754169,AFC Bournemouth,15,25,41,leading,early,low,0.027210884353741496,0.0,0.04528664302600473,0.11819652100426198,212.2934472934473,0.0012189716312056738,0.004710460981010535
3754169,Sunderland,15,25,62,trailing,early,medium,0.0391156462585034,0.03755328868198331,0.03358944050433412,0.1234136753816496,170.70967741935485,0.002317893026004728,0.005857898715041572
3754169,AFC Bournemouth,20,30,72,leading,early,medium,0.04421768707482993,0.027321887516408294,0.035635964912280695,0.10783182428627217,202.57367795603088,0.0022070774231678484,0.004936475509009875
3754169,Sunderland,20,30,68,trailing,early,medium,0.045068027210884355,0.07242462919132092,0.03232556320400501,0.12622753417741717,175.68538324420678,0.003998596335697399,0.0056919931614912815
3754169,AFC Bournemouth,25,35,73,leading,early,medium,0.04421768707482993,0.034777242136222034,0.057264199551433595,0.09424098433996968,226.7638326585695,0.0022070774231678484,0.004409874309655303
3754169,Sunderland,25,35,51,trailing,early,medium,0.03741496598639456,0.06394557823129252,0.02568235546958951,0.1295473949706781,147.60591133004925,0.0019023345153664304,0.006774796422373515
3754169,AFC Bournemouth,30,40,46,leading,middle,low,0.02891156462585034,0.025510204081632654,0.0558249895702962,0.11259737387145026,204.82758620689654,0.001182033096926714,0.004882154882154883
3754169,Sunderland,30,40,48,trailing,middle,low,0.030612244897959183,0.055842382702544054,0.028672745694022287,0.09297480806708125,165.58923076923077,0.0015975916075650117,0.006039040071353581
3754169,AFC Bournemouth,35,45,45,leading,middle,low,0.02891156462585034,0.06384232899498955,0.04272477693891558,0.12554605182822054,182.72792022792024,0.0016345301418439714,0.00547261742350419
3754169,Sunderland,35,45,48,trailing,middle,low,0.026360544217687076,0.012390095115851844,0.028828473863934855,0.141188952350444,113.57549857549857,0.0025949320330969266,0.008804715916217233
3754169,AFC Bournemouth,40,50,91,leading,middle,high,0.061224489795918366,0.023162645111743013,0.027396079590228526,0.12188601293869296,224.7202202202202,0.0018376920803782504,0.0044499778391994494
3754169,Sunderland,40,50,49,trailing,middle,low,0.02976190476190476,0.029209863910205844,0.04105876393110436,0.09712887558296769,181.85591133004925,0.0016160608747044917,0.005498858919054359
3754169,AFC Bournemouth,45,55,82,leading,middle,high,0.05612244897959184,0.02223548514222792,0.03873140460128005,0.12814300528041495,230.96869918699187,0.0019485076832151298,0.004329590994450731
3754169,Sunderland,45,55,73,trailing,middle,medium,0.05357142857142857,0.07175183748981698,0.0439082050394972,0.11726351587963006,218.72560975609755,0.0020039154846335696,0.004571938334587829
3754169,AFC Bournemouth,50,60,37,leading,middle,low,0.025510204081632654,0.0,0.03781486916116409,0.1405380626873862,121.4039408866995,0.002160904255319149,0.008236964901602759
3754169,Sunderland,50,60,72,trailing,middle,medium,0.05187074829931973,0.11668417915645206,0.03448253217756764,0.12249419126917645,195.9047619047619,0.0024933510638297874,0.005104521147301896
3754169,AFC Bournemouth,55,65,44,leading,middle,low,0.02806122448979592,0.0,0.057624113475177305,0.14392746505253085,171.91935483870967,0.0012005023640661936,0.005816680739281359
3754169,Sunderland,55,65,48,trailing,middle,low,0.034013605442176874,0.02836019511858277,0.03601507092198582,0.142305644552793,147.71975806451613,0.00197621158392435,0.0067695751272707425
3754169,AFC Bournemouth,60,70,61,leading,late,medium,0.03571428571428571,0.03584881842201002,0.022929844738355375,0.0957315944849554,169.0337132003799,0.00193927304964539,0.005915979605882269
3754169,Sunderland,60,70,51,trailing,late,medium,0.03571428571428571,0.04857723628561361,0.02789321069739953,0.13379108671940995,152.57635467980296,0.00193927304964539,0.006554095502534466
3754169,AFC Bournemouth,65,75,56,leading,late,medium,0.030612244897959183,0.047587648676367,0.015757263784031115,0.11191112834344003,131.80194805194805,0.002502585697399527,0.007587141273555857
3754169,Sunderland,65,75,41,trailing,late,low,0.026360544217687076,0.04367239523666493,0.020849750459679538,0.14326570762132326,114.09486166007905,0.0016899379432624112,0.008764636596688146
3754169,AFC Bournemouth,70,80,25,leading,late,low,0.01445578231292517,0.019284505865737853,0.003324468085106382,0.12271232951193597,43.57142857142857,0.0014960106382978723,0.02295081967213115
3754169,Sunderland,70,80,32,trailing,late,low,0.0195578231292517,0.0,0.03276447990543735,0.1640022605616458,111.31601731601732,0.001385195035460993,0.008983433149257213
3754169,AFC Bournemouth,75,85,33,leading,late,low,0.022108843537414966,0.0277204170909428,0.018280753240401074,0.11396843826485589,120.91812865497076,0.0013297872340425532,0.008270058519127533
3754169,Sunderland,75,85,34,trailing,late,low,0.023809523809523808,0.0,0.030236828774062818,0.14785050025398153,110.27692307692308,0.0017453457446808508,0.009068080357142856
3754169,AFC Bournemouth,80,90,46,leading,late,low,0.02976190476190476,0.026998308212032994,0.023429584599797364,0.10524485956010639,169.90217391304347,0.0016160608747044917,0.005885739875887659
3754169,Sunderland,80,90,35,trailing,late,low,0.02465986394557823,0.017998872141355333,0.015986997635933805,0.13358442900462783,89.1403162055336,0.002631870567375886,0.011218268484646935
3754174,Leicester City,0,10,33,tied,early,low,0.02295918367346939,0.0,0.02511820330969267,0.12639902060920286,128.6060606060606,0.001763815011820331,0.007775683317624883
3754174,Arsenal,0,10,79,tied,early,medium,0.0467687074829932,0.03663250735483093,0.04507732466509062,0.13103314761549723,225.1238095238095,0.0026041666666666665,0.004442000169219054
3754174,Leicester City,5,15,44,tied,early,low,0.030612244897959183,0.01499906011779611,0.037475822050290125,0.11485551962685635,161.2192118226601,0.0020500886524822694,0.006202734703231227
3754174,Arsenal,5,15,78,tied,early,medium,0.050170068027210885,0.04777642312632867,0.037615740740740734,0.12876123276693083,204.02777777777777,0.0029827866430260047,0.004901293396868618
3754174,Leicester City,10,20,47,leading,early,low,0.02976190476190476,0.012992660203366483,0.045626477541371155,0.12034544128287943,192.83333333333334,0.0016160608747044917,0.005185825410544511
3754174,Arsenal,10,20,60,trailing,early,medium,0.03571428571428571,0.022019613939595097,0.04734042553191489,0.13901784251763386,178.33333333333331,0.002844267139479905,0.005607476635514019
3754174,Leicester City,15,25,52,tied,early,medium,0.031462585034013606,0.02366942907871046,0.03335021952043228,0.13632571267128926,158.14021164021165,0.0029366134751773044,0.006323502350402329
3754174,Arsenal,15,25,42,tied,early,low,0.026360544217687076,0.023809523809523808,0.020247083047357582,0.11161601000603567,137.6,0.0012374408983451535,0.007267441860465116
3754174,Leicester City,20,30,48,tied,early,low,0.034013605442176874,0.038244505556357805,0.04792448894451398,0.11469910925908242,178.47682709447415,0.003333702718676123,0.005602968274815107
3754174,Arsenal,20,30,74,tied,early,medium,0.04591836734693878,0.02706387459091893,0.03237293144208038,0.11473900647354895,192.02857142857144,0.0026226359338061465,0.00520755839904776
3754174,Leicester City,25,35,31,tied,early,low,0.023809523809523808,0.0,0.029684282772820866,0.10714235164726478,133.20289855072463,0.002197842789598109,0.007507344141007508
3754174,Arsenal,25,35,103,tied,early,high,0.061224489795918366,0.039524595013107525,0.04029255319148936,0.11864429061779296,264.7555555555556,0.003195183215130023,0.003777068994460298
3754174,Leicester City,30,40,37,trailing,middle,low,0.02465986394557823,0.025460563858353404,0.017547077525067255,0.12080418420421436,114.95238095238095,0.001726876477541371,0.008699254349627174
3754174,Arsenal,30,40,65,leading,middle,medium,0.04591836734693878,0.04318966674090468,0.030942999737325973,0.13490107286576405,176.79144385026737,0.0026226359338061465,0.005656382335148215
3754174,Leicester City,35,45,53,trailing,middle,medium,0.036564625850340135,0.05244439920575194,0.02502532928064843,0.12653276625889345,142.7287356321839,0.0028257978723404257,0.007006297614637525
3754174,Arsenal,35,45,42,leading,middle,low,0.02465986394557823,0.03634357196934291,0.012092198581560284,0.1452595175707694,81.52046783625731,0.003084367612293144,0.012266857962697273
3754174,Leicester City,40,50,59,trailing,middle,medium,0.03826530612244898,0.051848482144106686,0.03209219858156028,0.12442913878318944,160.48387096774192,0.002336362293144208,0.006231155778894473
3754174,Arsenal,40,50,79,leading,middle,medium,0.05272108843537415,0.028928053534295815,0.03371790451799317,0.13179651795074496,200.97142857142856,0.002474881796690307,0.004975831674722775
3754174,Leicester City,45,55,48,trailing,middle,low,0.02976190476190476,0.046780191476767,0.030710204885736794,0.12625023564484741,136.0873015873016,0.0020685579196217494,0.007348224179156703
3754174,Arsenal,45,55,90,leading,middle,high,0.061224489795918366,0.03840731017324591,0.038959072104018916,0.11426698776497762,247.5917948717949,0.002290189125295508,0.004038906057116345
3754174,Leicester City,50,60,38,trailing,middle,low,0.025510204081632654,0.02108843537414966,0.02141511524822695,0.1109084161247217,126.98814229249012,0.002160904255319149,0.007874750996015936
3754174,Arsenal,50,60,69,leading,middle,medium,0.04336734693877551,0.02995558123532733,0.034937990168486616,0.1240972847031607,184.48603683897804,0.0017730496453900709,0.005420464427195722
3754174,Leicester City,55,65,42,trailing,middle,low,0.027210884353741496,0.016108747063307116,0.018241953082378613,0.14722581540345878,102.7411067193676,0.002123965721040189,0.00973320253140208
3754174,Arsenal,55,65,64,leading,middle,medium,0.03826530612244898,0.037195312253078275,0.036208998226950354,0.13720033714893676,168.46522177419354,0.0018838652482269503,0.0059359432734453306
3754174,Leicester City,60,70,50,trailing,late,low,0.034013605442176874,0.02663987754244612,0.03914180920595188,0.12216798063315429,172.4752688172043,0.001523714539007092,0.005797932694106059
3754174,Arsenal,60,70,57,leading,late,medium,0.034013605442176874,0.020181405895691607,0.042392005157962605,0.1250047358593488,163.2181186868687,0.00197621158392435,0.0061267707779335675
3754174,Leicester City,65,75,53,trailing,late,medium,0.034013605442176874,0.04519102679154435,0.055863728470111444,0.10330021998296013,195.95294117647057,0.002428708628841607,0.005103266090297791
3754174,Arsenal,65,75,68,leading,late,medium,0.034013605442176874,0.038050174537711146,0.013854123209567514,0.11070681994123988,133.10276679841897,0.002428708628841607,0.007512991833704529
3754174,Leicester City,70,80,48,trailing,late,low,0.025510204081632654,0.026557608299033666,0.020852605612087575,0.17610516962071818,96.62450592885375,0.002160904255319149,0.01034934140554692
3754174,Arsenal,70,80,48,leading,late,low,0.02806122448979592,0.030865419229496073,0.019217570350034314,0.12641143862445836,130.0,0.0021054964539007092,0.007692307692307693
3754174,Leicester City,75,85,45,trailing,late,low,0.02806122448979592,0.034400313246904776,0.029805575935436538,0.13407271256040532,128.1054131054131,0.0021054964539007092,0.007806071388858001
3754174,Leicester City,80,90,50,trailing,late,low,0.031462585034013606,0.0540863676333011,0.04544154655685198,0.134646049049086,166.96774193548387,0.00203161938534279,0.005989180834621329
3754174,Arsenal,80,90,29,leading,late,low,0.021258503401360544,0.05986394557823129,0.0026595744680851063,0.09096681108418381,49.107142857142854,0.0018007535460992908,0.020363636363636365
3754185,Watford,0,10,59,tied,early,medium,0.03571428571428571,0.005215419501133786,0.037545524247651896,0.12625123452772646,177.0151515151515,0.0014867760047281324,0.00564923392964136
3754185,Manchester United,0,10,75,tied,early,medium,0.047619047619047616,0.011567624466638156,0.053876203655653584,0.11340569509350272,232.9649593495935,0.0021332003546099287,0.0042924910372438155
3754185,Watford,5,15,51,trailing,early,medium,0.03316326530612245,0.004591836734693877,0.008697527314548592,0.09528119175185372,122.28654970760233,0.001542183806146572,0.008177514226961887
3754185,Manchester United,5,15,66,leading,early,medium,0.041666666666666664,0.01909952471616952,0.04075551615445232,0.1174627886541534,189.39523809523808,0.002714982269503546,0.005279963794533981
3754185,Watford,10,20,51,trailing,early,medium,0.03486394557823129,0.011423803548442938,0.020306959219858152,0.13348537796962662,141.92307692307693,0.001505245271867612,0.007046070460704606
3754185,Manchester United,10,20,76,leading,early,medium,0.05102040816326531,0.05342799849926347,0.052655451096816755,0.11700449370143326,239.74455518641565,0.0020593232860520094,0.004171106197687954
3754185,Watford,15,25,47,trailing,early,low,0.02976190476190476,0.0,0.02218282111899133,0.15183346403724338,116.4,0.0016160608747044917,0.008591065292096219
3754185,Manchester United,15,25,71,leading,early,medium,0.045068027210884355,0.03937229024612851,0.05809323286052008,0.12983689280586413,245.2121794871795,0.0012836140661938533,0.004078100859799598
3754185,Watford,20,30,32,trailing,early,low,0.0195578231292517,0.0,0.005065856129685917,0.1113459662931956,69.23076923076923,0.001385195035460993,0.014444444444444446
3754185,Manchester United,20,30,46,leading,early,low,0.02891156462585034,0.005142534897530094,0.05319148936170213,0.11048906649904838,185.90120967741936,0.0016345301418439714,0.005379201145249276
3754185,Watford,25,35,38,trailing,early,low,0.026360544217687076,0.006122448979591836,0.043091438703140826,0.13347096638046202,142.9126984126984,0.0016899379432624112,0.006997278836008219
3754185,Manchester United,25,35,57,leading,early,medium,0.03741496598639456,0.024737480141876995,0.04200563204005006,0.13071584217762816,174.54545454545453,0.0028073286052009453,0.005729166666666667
3754185,Watford,30,40,35,trailing,middle,low,0.02040816326530612,0.0,0.006048387096774193,0.09062945175430255,85.7948717948718,0.0009142287234042553,0.011655708308427973
3754185,Manchester United,30,40,78,leading,middle,medium,0.047619047619047616,0.029108382439585835,0.038927225097437866,0.12327507468806878,199.5915915915916,0.0025856973995271866,0.005010231102551757
3754185,Watford,35,45,39,trailing,middle,low,0.02295918367346939,0.023809523809523808,0.010891590678824722,0.1175697953307052,100.55147058823529,0.0013113179669030732,0.009945155393053016
3754185,Manchester United,35,45,66,leading,middle,medium,0.03826530612244898,0.04718254501236186,0.04344792487522984,0.13100853934073273,186.77354497354497,0.002336362293144208,0.005354077314009552
3754185,Watford,40,50,58,trailing,middle,medium,0.03826530612244898,0.028692719002344592,0.0235288479969331,0.11022635692440062,171.2136752136752,0.0027888593380614654,0.005840654952076678
3754185,Manchester United,40,50,88,leading,middle,high,0.05272108843537415,0.08055132720741078,0.04625100905264372,0.11629666884001019,229.35243902439024,0.002474881796690307,0.004360101877502407
3754185,Watford,45,55,43,trailing,middle,low,0.027210884353741496,0.0,0.02677304964539007,0.13409045743201992,131.32153846153847,0.002123965721040189,0.007614897081737133
3754185,Manchester United,45,55,88,leading,middle,high,0.05272108843537415,0.07577770630783967,0.04171144144714623,0.10774671446175432,218.64358974358976,0.002474881796690307,0.004573653410889986
3754185,Watford,50,60,55,trailing,middle,medium,0.036564625850340135,0.06696362326215946,0.05282210401891252,0.10907997224261123,210.88235294117646,0.0014683067375886522,0.004741980474198048
3754185,Manchester United,50,60,39,leading,middle,low,0.026360544217687076,0.053807644045116024,0.0021178092986603625,0.058248390064679995,78.42857142857143,0.000784943853427896,0.012750455373406192
3754185,Watford,55,65,71,trailing,middle,medium,0.041666666666666664,0.06934230421338251,0.05338145896656534,0.11305375731521217,250.14330808080805,0.001809988179669031,0.0039977083843352424
3754185,Manchester United,55,65,50,leading,middle,low,0.030612244897959183,0.028579701902596802,0.017852775739789682,0.13048641649828824,125.2437417654809,0.0020500886524822694,0.007984430885756363
3754185,Watford,60,70,56,trailing,late,medium,0.03316326530612245,0.02128004340275469,0.048218639184397165,0.13890542962054114,178.18548387096774,0.0019946808510638296,0.005612129441050011
3754185,Manchester United,60,70,57,leading,late,medium,0.03571428571428571,0.01360544217687075,0.026288595171573895,0.13091100771819855,148.85262725779967,0.00193927304964539,0.0067180540808869154
3754185,Watford,65,75,50,trailing,late,low,0.03316326530612245,0.01611597019760285,0.01972517730496454,0.11043430704394423,138.34153846153845,0.002899674940898345,0.007228486910878317
3754185,Manchester United,65,75,26,leading,late,low,0.017857142857142856,0.0,0.005638297872340425,0.10656390543190372,71.50909090909092,0.000969636524822695,0.013984235952199338
3754185,Watford,70,80,40,trailing,late,low,0.026360544217687076,0.0,0.0402081903454587,0.13835994310660796,149.2454844006568,0.0012374408983451535,0.006700370225711158
3754185,Manchester United,70,80,35,leading,late,low,0.02465986394557823,0.019436345966958212,0.02662857893354347,0.13008984947841573,113.49333333333334,0.003084367612293144,0.00881109022556391
3754185,Watford,75,85,39,trailing,late,low,0.026360544217687076,0.0,0.04778922872340425,0.12867749538176282,176.47619047619048,0.0016899379432624112,0.005666486778197517
3754185,Manchester United,75,85,44,leading,late,low,0.02806122448979592,0.05774315942241603,0.01948191067207024,0.13586038279420456,113.21195652173913,0.003010490543735224,0.008832989294801018
3754185,Watford,80,90,28,trailing,late,low,0.017857142857142856,0.0,0.0033849129593810437,0.1166322729348715,49.6,0.0014221335697399526,0.020161290322580645
3754185,Manchester United,80,90,58,leading,late,medium,0.03231292517006803,0.03930911797980932,0.01794541156243284,0.12073266415622522,135.61904761904762,0.0015606530732860519,0.007373595505617977
3754162,AFC Bournemouth,0,10,31,leading,early,low,0.021258503401360544,0.006802721088435374,0.007399072558647026,0.13284824202935855,73.35,0.001348256501182033,0.0136332651670075
3754162,Manchester United,0,10,65,trailing,early,medium,0.04251700680272109,0.04841990620524772,0.03639966624947852,0.13521915562246542,183.5204991087344,0.0022440159574468083,0.005448982565198387
3754162,AFC Bournemouth,5,15,58,leading,early,medium,0.03571428571428571,0.03231292517006803,0.03548959048272706,0.1363560599548592,160.0021505376344,0.00193927304964539,0.006249915995752745
3754162,Manchester United,5,15,57,trailing,early,medium,0.0391156462585034,0.02869733969364273,0.033025288344437284,0.14262256957299943,157.60858585858585,0.002317893026004728,0.0063448320061525645
3754162,AFC Bournemouth,10,20,63,leading,early,medium,0.04081632653061224,0.03334210840176557,0.039141414141414144,0.13673081002200105,188.25,0.0022809544917257677,0.005312084993359893
3754162,Manchester United,10,20,59,trailing,early,medium,0.04251700680272109,0.02737780758386594,0.046063350584627176,0.10870591127641469,197.49624624624624,0.001791518912529551,0.0050633873757436375
3754162,AFC Bournemouth,15,25,40,leading,early,low,0.027210884353741496,0.061678687735985546,0.03060152350932492,0.11887308159075631,130.2,0.002123965721040189,0.007680491551459294
3754162,Manchester United,15,25,75,trailing,early,medium,0.05272108843537415,0.03458779812413825,0.03695464281270552,0.12980894016413655,205.2370791844476,0.002474881796690307,0.004872413912601509
3754162,AFC Bournemouth,20,30,27,tied,early,low,0.01870748299319728,0.03061224489795918,0.005393026004728132,0.13204149629680081,54.84615384615385,0.002308658392434988,0.0182328190743338
3754162,Manchester United,20,30,45,tied,early,low,0.031462585034013606,0.01872040558218112,0.024940898345153666,0.1371962208109775,123.27116402116403,0.002484116430260047,0.008112197268035153
3754162,AFC Bournemouth,25,35,37,tied,early,low,0.023809523809523808,0.045468904387111465,0.013359011983370014,0.11782455742424915,99.21052631578948,0.0017453457446808508,0.010079575596816975
3754162,Manchester United,25,35,50,tied,early,low,0.03231292517006803,0.033202084201083795,0.018996960486322188,0.14998562151476483,121.00555555555555,0.00201315011820331,0.008264083375418944
3754162,AFC Bournemouth,30,40,47,tied,middle,low,0.02806122448979592,0.013217391683280136,0.03738179669030732,0.12531693185674625,155.36772486772486,0.0016529994089834515,0.00643634320352807
3754162,Manchester United,30,40,70,tied,middle,medium,0.04591836734693878,0.023241917090261795,0.026575777905565142,0.12289040203273567,181.25,0.0021701388888888886,0.005517241379310344
3754162,AFC Bournemouth,35,45,41,tied,middle,low,0.02806122448979592,0.04945470816183501,0.04176165146909827,0.1482660617790725,157.28571428571428,0.0012005023640661936,0.006357856494096276
3754162,Manchester United,35,45,52,tied,middle,medium,0.036564625850340135,0.008870316859880609,0.03461401630284609,0.1276354207593561,159.4356060606061,0.0023733008274231674,0.006272124682236107
3754162,AFC Bournemouth,40,50,52,tied,middle,medium,0.034013605442176874,0.10623651086523724,0.03210882092198582,0.12942288510973055,161.69458128078819,0.0019762115839243497,0.0061844991469656345
3754162,Manchester United,40,50,65,tied,middle,medium,0.0391156462585034,0.02794237187158597,0.03623353596757853,0.1358016861433262,183.81944444444446,0.0018653959810874708,0.005440120891575368
3754162,AFC Bournemouth,45,55,81,tied,middle,high,0.04846938775510204,0.04338111709026282,0.035081053698074974,0.13018498133806777,202.9109243697479,0.002114731087470449,0.00492827088095948
3754162,Manchester United,45,55,55,tied,middle,medium,0.03316326530612245,0.01736354170871374,0.031513846673421136,0.11381238272943524,167.88177339901478,0.001542183806146572,0.005956572769953052
3754162,AFC Bournemouth,50,60,60,leading,middle,medium,0.03826530612244898,0.04605089790365135,0.022960992907801417,0.1213224030645682,155.4757834757835,0.002336362293144208,0.006431869823352635
3754162,Manchester United,50,60,40,trailing,middle,low,0.02806122448979592,0.0,0.02130267000417188,0.12227876949964257,132.46,0.0016529994089834515,0.0075494488902310124
3754162,AFC Bournemouth,55,65,25,leading,middle,low,0.016156462585034014,0.0,0.0007642455368060651,0.07975198821370427,44.8,0.001006575059101655,0.022321428571428572
3754162,Manchester United,55,65,51,trailing,middle,medium,0.036564625850340135,0.02419420572455086,0.047821681864235056,0.12158373813602978,192.32156862745103,0.0019208037825059103,0.005199624811386158
3754162,AFC Bournemouth,60,70,41,leading,late,low,0.022108843537414966,0.010481438054712008,0.006908779652726828,0.0995723141353781,79.77142857142857,0.0017822842789598108,0.012535816618911174
3754162,Manchester United,60,70,66,trailing,late,medium,0.047619047619047616,0.03204567541302235,0.03745026811970247,0.10947163195062475,207.006006006006,0.0025856973995271866,0.0048307777116910625
3754162,AFC Bournemouth,65,75,46,leading,late,low,0.025510204081632654,0.007008454546244888,0.03780395136778115,0.13110647957333915,144.97358974358974,0.001708407210401891,0.006897808088829619
3754162,Manchester United,65,75,64,trailing,late,medium,0.045068027210884355,0.01600058556644493,0.04763904441955953,0.12495866819057601,219.50675675675674,0.0017361111111111112,0.00455566842121464
3754162,AFC Bournemouth,70,80,32,leading,late,low,0.021258503401360544,0.022108843537414963,0.013084449697924876,0.07876567971969552,89.11764705882354,0.001348256501182033,0.01122112211221122
3754162,Manchester United,70,80,59,trailing,late,medium,0.04336734693877551,0.03826365475640937,0.03587962962962963,0.11703862520771173,189.4949494949495,0.0022255466903073283,0.005277185501066098
3754162,AFC Bournemouth,75,85,28,leading,late,low,0.0195578231292517,0.0,0.010005065856129687,0.11558761838188146,86.66666666666667,0.001385195035460993,0.011538461538461537
3754162,Manchester United,75,85,59,trailing,late,medium,0.041666666666666664,0.02977979231897609,0.03316413818233527,0.12433572637952374,176.1764705882353,0.0018099881796690305,0.005676126878130217
3754162,AFC Bournemouth,80,90,42,leading,late,low,0.023809523809523808,0.030709300412880607,0.012470449172576833,0.11300830495079776,109.81481481481482,0.0012928486997635933,0.009106239460370993
3754162,Manchester United,80,90,40,trailing,late,low,0.02806122448979592,0.0,0.03249667553191489,0.12257101526273337,136.15740740740742,0.0016529994089834515,0.0073444406664399855
3754096,West Ham United,0,10,55,tied,early,medium,0.03571428571428571,0.021570972057215254,0.0428724299734938,0.13457577011897207,174.27272727272728,0.00193927304964539,0.005738132498695879
3754096,Stoke City,0,10,43,tied,early,low,0.026360544217687076,0.08015712379743957,0.0062056737588652485,0.09924556266192876,90.5047619047619,0.002142434988179669,0.01104914237609176
3754096,West Ham United,5,15,35,tied,early,low,0.026360544217687076,0.025339464709990416,0.014641958361930907,0.10590985156086274,117.89473684210526,0.0016899379432624112,0.008482142857142856
3754096,Stoke City,5,15,45,tied,early,low,0.023809523809523808,0.04523675254923253,0.002802562342713338,0.07840304784212879,70.61111111111111,0.0008403516548463357,0.014162077104642014
3754096,West Ham United,10,20,38,tied,early,low,0.025510204081632654,0.01020408163265306,0.024586288416075644,0.13070899054613883,136.22134387351778,0.0012559101654846334,0.007340993500464253
3754096,Stoke City,10,20,60,tied,early,medium,0.031462585034013606,0.023977306727355503,0.02630023640661938,0.13047405947169077,148.55876923076923,0.00203161938534279,0.006731342788971368
3754096,West Ham United,15,25,49,tied,early,low,0.02806122448979592,0.0,0.03371564716312057,0.1216708632533866,171.41500474833808,0.0012005023640661936,0.005833795013850416
3754096,Stoke City,15,25,79,tied,early,medium,0.04421768707482993,0.01639564302154764,0.0488786658999425,0.1245368156682394,229.27302302302303,0.0026595744680851063,0.004361612137419161
3754096,West Ham United,20,30,47,tied,early,low,0.02891156462585034,0.015452707000193916,0.031276214443681845,0.11892544445851698,159.60018993352327,0.0016345301418439714,0.006265656703895656
3754096,Stoke City,20,30,97,tied,early,high,0.05357142857142857,0.03734241333734634,0.056179816784869975,0.11390911879068137,256.00726495726497,0.002456412529550827,0.0039061391486953662
3754096,West Ham United,25,35,51,tied,early,medium,0.03316326530612245,0.015638838145436082,0.029542840713053478,0.10558159641259789,154.1080459770115,0.0019946808510638296,0.006488953861300476
3754096,Stoke City,25,35,72,tied,early,medium,0.04336734693877551,0.022269122876828865,0.051713947990543734,0.1210547842226846,213.10218112849694,0.0022255466903073283,0.0046925845371663145
3754096,West Ham United,30,40,47,tied,middle,low,0.02976190476190476,0.017141782991766982,0.022402721870806976,0.10892976863999734,150.54333333333332,0.001163563829787234,0.006642605672785245
3754096,Stoke City,30,40,32,tied,middle,low,0.02040816326530612,0.0,0.032836879432624116,0.15550210433596356,117.87351778656127,0.0018192228132387705,0.008483669773992354
3754096,West Ham United,35,45,33,tied,middle,low,0.021258503401360544,0.01817167741746324,0.015533456675917361,0.16199534381741393,90.16764132553605,0.0018007535460992908,0.011090453130404706
3754096,Stoke City,35,45,24,tied,middle,low,0.01445578231292517,0.0,0.0051176660219213405,0.14044581479793405,49.196969696969695,0.0014960106382978723,0.020326455189405606
3754096,West Ham United,40,50,69,tied,middle,medium,0.04421768707482993,0.038448443138823306,0.013778073286052009,0.11924208134049136,143.17333333333335,0.0026595744680851063,0.006984540882845967
3754096,Stoke City,40,50,25,tied,middle,low,0.015306122448979591,0.0,0.012894906511927788,0.14886085986363692,76.72380952380952,0.0014775413711583924,0.013033763654419066
3754096,West Ham United,45,55,72,tied,middle,medium,0.045068027210884355,0.05367782953097488,0.061488452445899254,0.12888133400460464,253.99460188933872,0.0017361111111111112,0.003937091546676584
3754096,Stoke City,45,55,34,tied,middle,low,0.017857142857142856,0.007377088751814005,0.0047872340425531915,0.12218253892523473,57.11538461538461,0.0027796247044917254,0.017508417508417508
3754096,West Ham United,50,60,36,tied,middle,low,0.023809523809523808,0.020060606852919077,0.0034603065660032024,0.08312615012967602,57.5,0.0017453457446808508,0.017391304347826087
3754096,Stoke City,50,60,61,tied,middle,medium,0.03231292517006803,0.0133840413809711,0.03439716312056737,0.11202665223274484,173.37982120051086,0.003370641252955083,0.005767683880833611
3754096,West Ham United,55,65,29,tied,middle,low,0.021258503401360544,0.03401360544217687,0.02668745414526779,0.10862301309390526,128.92857142857142,0.0008957594562647755,0.0077562326869806105
3754096,Stoke City,55,65,66,tied,middle,medium,0.045068027210884355,0.015603481360845765,0.042553191489361694,0.09836621599503394,224.3983193277311,0.0021886081560283685,0.0044563613622235375
3754096,West Ham United,60,70,29,tied,late,low,0.0195578231292517,0.04910546006748638,0.005404391707583196,0.08687179331269825,76.03030303030303,0.001385195035460993,0.01315265045834994
3754096,Stoke City,60,70,42,tied,late,low,0.03316326530612245,0.044217687074829926,0.041195700354609927,0.13202177693841882,156.41129032258064,0.0010896867612293143,0.006393400360917762
3754096,West Ham United,65,75,36,tied,late,low,0.023809523809523808,0.021427228739708728,0.013171225937183385,0.08587770767436848,137.1764705882353,0.0008403516548463357,0.007289879931389365
3754096,Stoke City,65,75,40,tied,late,low,0.027210884353741496,0.02607709750566893,0.02230610844200412,0.13740765922752948,127.82608695652173,0.002123965721040189,0.007823129251700681
3754096,West Ham United,70,80,39,tied,late,low,0.027210884353741496,0.0,0.020259699624530662,0.11598613769465305,124.17391304347827,0.0016714686761229313,0.008053221288515405
3754096,Stoke City,70,80,42,tied,late,low,0.025510204081632654,0.0,0.031831781914893616,0.1297838761064238,154.1346153846154,0.0017084072104018911,0.006487835308796008
3754096,West Ham United,75,85,49,tied,late,low,0.03571428571428571,0.0,0.05786371477860839,0.11255152588642274,199.0900900900901,0.0014867760047281324,0.005022851712747183
3754096,Stoke City,75,85,33,tied,late,low,0.021258503401360544,0.005668934240362812,0.015267927501970055,0.11735852665513057,101.94117647058823,0.001348256501182033,0.009809578765147145
3754096,West Ham United,80,90,46,tied,late,low,0.03486394557823129,0.04761904761904762,0.04461376269886909,0.11006000032169265,185.58712121212122,0.001505245271867612,0.0053883049290743956
3754096,Stoke City,80,90,29,tied,late,low,0.017857142857142856,0.01499906011779611,0.0008007320979180966,0.06969487319620131,39.583333333333336,0.000969636524822695,0.02526315789473684
3754171,Arsenal,0,10,91,leading,early,high,0.05697278911564626,0.05686773719498873,0.039014669333818267,0.11473677775104384,224.08906882591094,0.003740026595744681,0.004462511291779585
3754171,Manchester United,0,10,25,trailing,early,low,0.016156462585034014,0.0,0.006670043904086456,0.1453428005454333,57.07692307692308,0.001006575059101655,0.01752021563342318
3754171,Arsenal,5,15,81,leading,early,high,0.05187074829931973,0.00862952886400405,0.06546179883945841,0.10645657281793364,290.72639182522903,0.0024933510638297874,0.0034396602032647685
3754171,Manchester United,5,15,37,trailing,early,low,0.02891156462585034,0.0,0.027739647677876914,0.13631502686172345,119.52709359605912,0.0020870271867612297,0.008366303989449389
3754171,Arsenal,10,20,57,leading,early,medium,0.0391156462585034,0.006219630709426627,0.04239146060954571,0.12212580155709686,175.44144144144144,0.002317893026004728,0.005699907569066447
3754171,Manchester United,10,20,53,trailing,early,medium,0.04251700680272109,0.030612244897959183,0.029381965552178313,0.1362681991217037,162.40151515151516,0.001791518912529551,0.006157578019312404
3754171,Arsenal,15,25,37,leading,early,low,0.025510204081632654,0.006428168621912618,0.03069210075813157,0.13766979576959681,117.88034188034187,0.002160904255319149,0.008483178654292343
3754171,Manchester United,15,25,87,trailing,early,high,0.04931972789115646,0.04163125713210381,0.0271737240995689,0.1508790047080897,191.55779569892474,0.002096261820330969,0.005220356584034409
3754171,Arsenal,20,30,42,leading,early,low,0.02806122448979592,0.03948885603616346,0.04301173881144534,0.11735820097759882,169.75783475783476,0.0021054964539007092,0.00589074431484434
3754171,Manchester United,20,30,104,trailing,early,high,0.05272108843537415,0.03499026585529506,0.03475095219332808,0.13317585387485553,220.79851851851853,0.002022384751773049,0.004529015895168379
3754171,Arsenal,25,35,38,leading,early,low,0.025510204081632654,0.05915533472638934,0.010835303388494878,0.11806003482782508,95.58169934640523,0.002160904255319149,0.010462253829321663
3754171,Manchester United,25,35,91,trailing,early,high,0.0467687074829932,0.025126599396146403,0.026355644208037824,0.1443822769837927,177.53125,0.0026041666666666665,0.005632811124801971
3754171,Arsenal,30,40,46,leading,middle,low,0.02891156462585034,0.03653471057545894,0.025237359871882865,0.11746298470288115,145.78666666666666,0.001182033096926714,0.006859337845253339
3754171,Manchester United,30,40,76,trailing,middle,medium,0.04251700680272109,0.038500429837592734,0.04299645390070921,0.10714434623719608,210.23544973544975,0.0022440159574468083,0.004756571744957153
3754171,Arsenal,35,45,58,leading,middle,medium,0.036564625850340135,0.03594728785687244,0.029502279635258366,0.11777461481200521,157.98275862068965,0.0019208037825059103,0.00632980464913238
3754171,Manchester United,35,45,82,trailing,middle,high,0.05102040816326531,0.054448119620616416,0.038091405375139976,0.11746506151820545,231.0797619047619,0.0020593232860520094,0.004327510084644036
3754171,Arsenal,40,50,47,leading,middle,low,0.030612244897959183,0.030604824539993903,0.032544040265385495,0.11984198932709231,139.3177339901478,0.0020500886524822694,0.007177837101992469
3754171,Manchester United,40,50,113,trailing,middle,high,0.06462585034013606,0.05366443695571351,0.029884450233994306,0.1389588070574278,227.31148459383755,0.0031213061465721038,0.004399249786198925
3754171,Arsenal,45,55,31,leading,middle,low,0.022108843537414966,0.0,0.030648429584599797,0.12436447748698531,125.37549407114625,0.0017822842789598108,0.007976040353089534
3754171,Manchester United,45,55,81,trailing,middle,high,0.04591836734693878,0.027301625974961365,0.022091034458055735,0.137438580394967,174.34729064039408,0.0021701388888888886,0.0057356784629511905
3754171,Arsenal,50,60,42,leading,middle,low,0.026360544217687076,0.014623701001705475,0.021305193319606494,0.11743447584605662,139.0498023715415,0.0025949320330969266,0.007191667898441142
3754171,Manchester United,50,60,54,trailing,middle,medium,0.03486394557823129,0.027934447071812942,0.04525942515864129,0.09572491632617655,185.11229946524065,0.0024102393617021272,0.005402126184423387
3754171,Arsenal,55,65,38,leading,middle,low,0.022108843537414966,0.02000788182506067,0.015355876393110436,0.11132003564897582,121.43137254901961,0.0017822842789598108,0.0082351041498466
3754171,Manchester United,55,65,81,trailing,middle,high,0.05102040816326531,0.009523809523809523,0.052863615895530784,0.11927050091118654,247.43128145567172,0.0016068262411347517,0.004041526172910978
3754171,Arsenal,60,70,30,leading,late,low,0.02040816326530612,0.008570891495883491,0.02383387888707037,0.13696736711151658,102.42424242424242,0.0013667257683215128,0.009763313609467457
3754171,Manchester United,60,70,87,trailing,late,high,0.05612244897959184,0.053253925572778346,0.03661052009456265,0.11936395183574407,233.4637268847795,0.0019485076832151298,0.004283320639756284
3754171,Arsenal,65,75,36,leading,late,low,0.022108843537414966,0.030930892562156562,0.01796818789186967,0.14476868945627966,96.50526315789473,0.0017822842789598108,0.010362129144851658
3754171,Manchester United,65,75,76,trailing,late,medium,0.04336734693877551,0.02181781323597452,0.04148197399527187,0.11820304650802593,194.1936507936508,0.0022255466903073283,0.005149498945578788
3754171,Arsenal,70,80,33,leading,late,low,0.0195578231292517,0.0,0.0063120567375886515,0.11826801444302952,71.7948717948718,0.001385195035460993,0.013928571428571429
3754171,Manchester United,70,80,75,trailing,late,medium,0.045068027210884355,0.039111310147604474,0.04789955829289536,0.11384763530061875,219.11095305832148,0.0021886081560283685,0.004563897815431557
3754171,Arsenal,75,85,28,leading,late,low,0.016156462585034014,0.023809523809523808,0.0007092198581560283,0.08381225051387967,34.0,0.001006575059101655,0.029411764705882353
3754171,Manchester United,75,85,87,trailing,late,high,0.050170068027210885,0.03058991713388398,0.02461652647204354,0.10651390833339094,195.9223484848485,0.002077792553191489,0.005104062950109718
3754171,Arsenal,80,90,26,leading,late,low,0.015306122448979591,0.017006802721088437,0.007472137791286727,0.11615667367269342,59.324786324786324,0.0014775413711583924,0.01685636075493445
3754171,Manchester United,80,90,78,trailing,late,medium,0.047619047619047616,0.01075593575297451,0.030549166187464057,0.12994571899529966,187.75238095238097,0.0021332003546099287,0.005326164147306482
3754119,Sunderland,0,10,24,tied,early,low,0.015306122448979591,0.0,0.005762411347517729,0.1370480778223237,52.61538461538461,0.0023825354609929078,0.019005847953216377
3754119,Newcastle United,0,10,72,tied,early,medium,0.045068027210884355,0.06682979234758081,0.04050105069608615,0.1228192541998366,187.17460317460316,0.0030936022458628843,0.005342605156037992
3754119,Sunderland,5,15,30,tied,early,low,0.021258503401360544,0.02585034013605442,0.02107511283043198,0.14658490254279286,97.41315789473684,0.0022532505910165482,0.010265553664532513
3754119,Newcastle United,5,15,70,tied,early,medium,0.04421768707482993,0.04983968437580271,0.041986800630417646,0.12486787388865556,176.96507936507936,0.0026595744680851063,0.005650832376578646
3754119,Sunderland,10,20,33,tied,early,low,0.023809523809523808,0.03513511312241983,0.01796971743780254,0.1813034048509936,87.98095238095237,0.0021978427895981084,0.011366096557696471
3754119,Newcastle United,10,20,70,tied,early,medium,0.04421768707482993,0.01974025273803666,0.047876228692298115,0.12898529072276876,202.18112849691798,0.0022070774231678484,0.004946060037523452
3754119,Sunderland,15,25,29,tied,early,low,0.021258503401360544,0.0,0.0018267784225231033,0.07914619413372144,58.92857142857143,0.001348256501182033,0.016969696969696968
3754119,Newcastle United,15,25,84,tied,early,high,0.05357142857142857,0.036072037268175906,0.03520293659921319,0.12978838572077067,204.06356356356358,0.0020039154846335696,0.004900433877253697
3754119,Sunderland,20,30,31,tied,early,low,0.021258503401360544,0.011224489795918367,0.01318705673758865,0.1479093785249402,78.15204678362574,0.0018007535460992908,0.012795570188566297
3754119,Newcastle United,20,30,57,tied,early,medium,0.03571428571428571,0.022586556371317085,0.03185221004369941,0.1374429639539309,153.33333333333334,0.00193927304964539,0.006521739130434782
3754119,Sunderland,25,35,33,tied,early,low,0.023809523809523808,0.02108843537414966,0.0416972364881389,0.10929596030943843,141.13390313390315,0.002197842789598109,0.007085469740401308
3754119,Newcastle United,25,35,44,tied,early,low,0.02295918367346939,0.0,0.0402418946301925,0.14695561332041757,135.09230769230768,0.0013113179669030732,0.007402345974262613
3754119,Sunderland,30,40,35,tied,middle,low,0.025510204081632654,0.018853255587949463,0.032742316784869975,0.1160460236262542,126.54700854700855,0.0026134013002364065,0.007902201810076996
3754119,Newcastle United,30,40,44,tied,middle,low,0.025510204081632654,0.0045351473922902496,0.016511524822695037,0.09917942502622296,130.17631578947368,0.0012559101654846334,0.007681888936058383
3754119,Newcastle United,35,45,49,tied,middle,low,0.02976190476190476,0.01020408163265306,0.05994472256987901,0.11989819121094791,178.73440285204993,0.0020685579196217494,0.0055948937867757054
3754119,Sunderland,40,50,23,tied,middle,low,0.013605442176870748,0.0,0.004770347855454238,0.1318170296647549,59.32222222222222,0.0010619828605200946,0.016857089342573517
3754119,Newcastle United,40,50,58,tied,middle,medium,0.0391156462585034,0.041614032491209554,0.040319993245525154,0.12935567970590833,169.57983193277312,0.002317893026004728,0.005896927651139742
3754119,Sunderland,45,55,52,leading,middle,medium,0.034013605442176874,0.04373641580577612,0.025903147163120567,0.12772783281057967,152.73809523809524,0.002428708628841607,0.0065471551052221355
3754119,Newcastle United,45,55,50,trailing,middle,low,0.03741496598639456,0.017904385951880347,0.03595091452034341,0.11190546700024,173.08996212121212,0.0019023345153664304,0.005777342531854713
3754119,Sunderland,50,60,73,leading,middle,medium,0.05102040816326531,0.08548826712065882,0.04249192757885025,0.1234984682881478,206.6920731707317,0.002511820330969267,0.0048381149052289995
3754119,Newcastle United,50,60,27,trailing,middle,low,0.01870748299319728,0.0,0.01708265139116203,0.14040706455140198,102.20588235294117,0.0014036643026004727,0.009784172661870504
3754119,Sunderland,55,65,61,leading,middle,medium,0.04251700680272109,0.053304188977017296,0.04110675625233297,0.10962390547521066,195.81746031746033,0.001791518912529551,0.00510679690349775
3754119,Newcastle United,55,65,39,trailing,middle,low,0.02976190476190476,0.022448979591836733,0.02449763593380615,0.14047958252953982,118.48433048433048,0.002521054964539007,0.008439934596518227
3754119,Sunderland,60,70,33,leading,late,low,0.023809523809523808,0.023809523809523808,0.033540189125295515,0.11340873781678287,142.22826086956522,0.0012928486997635933,0.0070309514711501715
3754119,Newcastle United,60,70,75,trailing,late,medium,0.05187074829931973,0.1043383895061644,0.037676935579196213,0.11818374429405729,227.3063063063063,0.0020408540189125295,0.004399350005945067
3754119,Sunderland,65,75,34,leading,late,low,0.02465986394557823,0.005587949465500485,0.0313143445435827,0.10864632113839055,127.8,0.002631870567375886,0.00782472613458529
3754119,Newcastle United,65,75,72,trailing,late,medium,0.0467687074829932,0.06866820728068057,0.05670648251835261,0.11109179526883124,263.47297297297297,0.0016991725768321514,0.0037954557111350463
3754119,Sunderland,70,80,34,leading,late,low,0.023809523809523808,0.030047377363623756,0.011763502454991819,0.1416073208446668,78.94736842105263,0.0021978427895981084,0.012666666666666666
3754119,Newcastle United,70,80,49,trailing,late,low,0.03486394557823129,0.03471963148630615,0.020076093380614654,0.13057199119466883,131.82763532763533,0.0024102393617021272,0.0075856628810390845
3754119,Sunderland,75,85,30,leading,late,low,0.0195578231292517,0.009829529166130304,0.01708575112830432,0.15155530511531096,76.42631578947369,0.0022901891252955085,0.013084498312788375
3754119,Newcastle United,75,85,48,trailing,late,low,0.03571428571428571,0.03917571603587739,0.034574468085106384,0.11903608024408774,157.3366935483871,0.0014867760047281324,0.006355796460743987
3754119,Sunderland,80,90,33,leading,late,low,0.021258503401360544,0.0045351473922902496,0.009201516263145023,0.11106998280493119,88.45,0.001348256501182033,0.011305822498586773
3754119,Newcastle United,80,90,40,trailing,late,low,0.02976190476190476,0.006122448979591836,0.01942966903073286,0.10222206169144145,140.02964426877472,0.0016160608747044917,0.007141345000352833
3754126,Arsenal,0,10,63,tied,early,medium,0.04081632653061224,0.051974624663305664,0.025470205812821584,0.12473573529163336,152.6451612903226,0.0027334515366430256,0.006551141166525782
3754126,Everton,0,10,54,tied,early,medium,0.02806122448979592,0.011037624262556698,0.04830130404941661,0.12696732028185154,174.15448028673833,0.0016529994089834515,0.0057420285619614285
3754126,Arsenal,5,15,56,tied,early,medium,0.03826530612244898,0.04472220415662385,0.022834004216982937,0.10912200821481188,168.2208538587849,0.002336362293144208,0.005944566188205551
3754126,Everton,5,15,29,tied,early,low,0.01870748299319728,0.0,0.013143694110391612,0.1468554465158946,81.98412698412699,0.0014036643026004727,0.012197483059051306
3754126,Arsenal,10,20,82,tied,early,high,0.050170068027210885,0.02760915136324148,0.03145765446297361,0.1198372619302045,198.38235294117646,0.0029827866430260047,0.005040770941438103
3754126,Everton,10,20,49,tied,early,low,0.03316326530612245,0.012682892169188786,0.020695769136708245,0.14650010082547105,117.80341880341881,0.0024471778959810875,0.008488717985924689
3754126,Arsenal,15,25,89,tied,early,high,0.04931972789115646,0.031557929264780495,0.03732023246650906,0.12055771028059131,202.77370370370372,0.002548758865248227,0.004931605931808675
3754126,Everton,15,25,49,tied,early,low,0.031462585034013606,0.009266382148159068,0.02277451699682074,0.1393882165033304,122.75213675213675,0.00203161938534279,0.008146497702269878
3754126,Arsenal,20,30,53,tied,early,medium,0.03316326530612245,0.023528539298265466,0.022163120567375887,0.11380367501656913,137.66381766381767,0.0019946808510638296,0.007264072847682119
3754126,Everton,20,30,49,tied,early,low,0.03231292517006803,0.011075376838240994,0.04664685022945349,0.13548618162319087,199.7002688172043,0.0011081560283687944,0.005007504526272573
3754126,Arsenal,25,35,37,tied,early,low,0.026360544217687076,0.005886732940030238,0.02957193515704154,0.14888799308858072,125.94153846153846,0.0016899379432624112,0.007940192030490338
3754126,Everton,25,35,72,tied,early,medium,0.04591836734693878,0.018317200367643373,0.04207687881050143,0.13464625314060202,205.83783783783784,0.0021701388888888886,0.0048581932773109245
3754126,Arsenal,30,40,42,leading,middle,low,0.026360544217687076,0.028914911059090793,0.013267302518953287,0.10675537550321951,101.37719298245615,0.002142434988179669,0.00986415159643506
3754126,Everton,30,40,48,trailing,middle,low,0.030612244897959183,0.020209675272559898,0.032358156028368786,0.15319884719635452,135.90306513409962,0.0020500886524822694,0.007358185770227258
3754126,Arsenal,35,45,51,leading,middle,medium,0.03486394557823129,0.02131924452316589,0.028112168719671517,0.098900099932849,163.04926108374383,0.001505245271867612,0.006133115804102843
3754126,Everton,35,45,26,trailing,middle,low,0.015306122448979591,0.01473922902494331,0.014132248644138506,0.2099914023385604,58.26470588235294,0.0014775413711583924,0.017163048965169105
3754126,Arsenal,40,50,79,leading,middle,medium,0.04251700680272109,0.014433738245416848,0.05088019250253294,0.11286311249071608,224.1951923076923,0.0022440159574468083,0.004460398948375171
3754126,Everton,40,50,47,trailing,middle,low,0.031462585034013606,0.03442740012607062,0.030640514184397165,0.12345566269664808,137.13793103448276,0.002484116430260047,0.007291928589388987
3754126,Arsenal,45,55,80,leading,middle,medium,0.03231292517006803,0.02284702200694648,0.031228551818805766,0.14720495944435427,157.3136288998358,0.00201315011820331,0.006356728320320654
3754126,Everton,45,55,67,trailing,middle,medium,0.04421768707482993,0.04705675563334935,0.02855248865887164,0.11822556782355113,172.37121212121212,0.0026595744680851063,0.005801432778095196
3754126,Arsenal,50,60,77,leading,middle,medium,0.041666666666666664,0.027086104027621634,0.04732125742764041,0.13405600470608453,190.756006006006,0.002262485224586288,0.005242298897621681
3754126,Everton,50,60,52,trailing,middle,medium,0.03231292517006803,0.041924409492733856,0.03267401818883582,0.1379404872168805,147.08333333333334,0.002465647163120567,0.006798866855524079
3754126,Arsenal,55,65,72,leading,middle,medium,0.04336734693877551,0.05741388900101442,0.03741268227149015,0.141257904448732,188.6541889483066,0.0017730496453900709,0.005300703925922427
3754126,Everton,55,65,57,trailing,middle,medium,0.031462585034013606,0.04919963787885004,0.025413711583924345,0.14505780720861397,126.002849002849,0.002484116430260047,0.007936328487123251
3754126,Arsenal,60,70,56,leading,late,medium,0.031462585034013606,0.022173666608146278,0.03402988855116514,0.11914221146565888,164.70443349753694,0.002484116430260047,0.006071481979961118
3754126,Everton,60,70,63,trailing,late,medium,0.034013605442176874,0.030656380057630897,0.04020509871573701,0.09515861436362179,170.04166666666666,0.002881205673758865,0.0058809115412889
3754126,Arsenal,65,75,41,leading,late,low,0.02465986394557823,0.025076157705739545,0.029556104356636272,0.12360310787001114,134.47826086956522,0.002631870567375886,0.007436146136437116
3754126,Everton,65,75,56,trailing,late,medium,0.03741496598639456,0.037835216132010706,0.046832378614293506,0.11230542135841005,197.24444444444447,0.0023548315602836874,0.005069851284362325
3754126,Arsenal,70,80,39,leading,late,low,0.02465986394557823,0.01020408163265306,0.009751773049645389,0.12100594238003066,106.975,0.001726876477541371,0.009347978499649452
3754126,Everton,70,80,45,trailing,late,low,0.034013605442176874,0.059992848179807254,0.035460992907801414,0.10329547531223371,182.73275862068965,0.001523714539007092,0.005472472519696184
3754126,Arsenal,75,85,57,leading,late,medium,0.03231292517006803,0.00820697142514171,0.032032227784730916,0.1304503146366344,171.46666666666667,0.0015606530732860519,0.00583203732503888
3754126,Everton,75,85,30,trailing,late,low,0.022108843537414966,0.027210884353741496,0.004032258064516129,0.07573644638643665,75.6,0.0013297872340425532,0.013227513227513229
3754126,Arsenal,80,90,58,leading,late,medium,0.036564625850340135,0.019900308891763488,0.054402252429734704,0.11246431820191913,202.38095238095238,0.0014683067375886522,0.004941176470588235
3754126,Everton,80,90,39,trailing,late,low,0.02891156462585034,0.04251700680272108,0.03715093085106383,0.10807225223723449,172.10256410256412,0.0020870271867612297,0.005810488676996424
3754133,Norwich City,0,10,74,tied,early,medium,0.041666666666666664,0.03815025670547565,0.032513896875599003,0.125046023396085,190.98991935483872,0.002262485224586288,0.005235878434725697
3754133,West Bromwich Albion,0,10,39,tied,early,low,0.027210884353741496,0.018820861678004536,0.023315602836879435,0.13267022622874278,127.74333333333334,0.0016714686761229313,0.007828197166192626
3754133,Norwich City,5,15,68,tied,early,medium,0.0467687074829932,0.014157942447930708,0.041601798996713374,0.11887603956772361,206.982905982906,0.0016991725768321514,0.004831316843539661
3754133,West Bromwich Albion,5,15,24,tied,early,low,0.017006802721088437,0.0,0.011640456367560899,0.14980795404257072,76.57083333333334,0.0014406028368794325,0.013059803014637862
3754133,Norwich City,10,20,96,tied,early,high,0.06037414965986394,0.03301296550977079,0.04057472755578619,0.12429682426495789,231.64414634146343,0.002308658392434988,0.004316966415054209
3754133,Norwich City,15,25,79,tied,early,medium,0.04931972789115646,0.03315329072665976,0.04259206014525164,0.1347799271295121,205.40277777777777,0.002096261820330969,0.00486848333220637
3754133,West Bromwich Albion,15,25,32,tied,early,low,0.0195578231292517,0.014716832350075594,0.0025012664640324217,0.09617537915831113,58.79629629629629,0.001385195035460993,0.017007874015748034
3754133,Norwich City,20,30,31,tied,early,low,0.022108843537414966,0.0,0.018055555555555554,0.13318321694927354,99.0909090909091,0.0017822842789598108,0.010091743119266056
3754133,West Bromwich Albion,20,30,39,tied,early,low,0.02465986394557823,0.012168339403679748,0.027679275019700553,0.14719987836068515,118.32888888888888,0.001726876477541371,0.008451021634615386
3754133,Norwich City,25,35,34,tied,early,low,0.022108843537414966,0.013043613477086614,0.010703966377725242,0.1209959950453544,111.65,0.0017822842789598108,0.008956560680698611
3754133,West Bromwich Albion,25,35,46,tied,early,low,0.031462585034013606,0.03220032686856685,0.03199800531914893,0.13746436942923035,147.10344827586206,0.0015791223404255318,0.006797937177684014
3754133,Norwich City,30,40,52,tied,middle,medium,0.034013605442176874,0.021004710086659564,0.03872501611863314,0.13450366788584792,175.94982078853047,0.001523714539007092,0.005683438582195967
3754133,West Bromwich Albion,30,40,43,tied,middle,low,0.03231292517006803,0.0,0.03064051418439716,0.14100171247060428,143.80049261083744,0.0015606530732860519,0.006954079098367675
3754133,Norwich City,35,45,45,tied,middle,low,0.031462585034013606,0.04081632653061224,0.03265765765765766,0.09801988815925564,167.5344827586207,0.00203161938534279,0.005968920448698158
3754133,West Bromwich Albion,35,45,37,tied,middle,low,0.026360544217687076,0.01020408163265306,0.0553191489361702,0.14096119901871557,174.37701149425288,0.0016899379432624112,0.00573470087272919
3754133,Norwich City,40,50,43,trailing,middle,low,0.030612244897959183,0.035110073036583256,0.022560209810874705,0.1003135640279421,134.875,0.0020500886524822694,0.0074142724745134385
3754133,West Bromwich Albion,40,50,46,leading,middle,low,0.02891156462585034,0.0,0.04832903503116269,0.10844457564433868,185.44050179211467,0.0020870271867612297,0.005392565218147625
3754133,Norwich City,45,55,68,trailing,middle,medium,0.04081632653061224,0.012021898303114974,0.04244820828667414,0.11207840174167134,183.7740740740741,0.0031859485815602835,0.005441463955339688
3754133,West Bromwich Albion,45,55,39,leading,middle,low,0.023809523809523808,0.004956268221574345,0.019751773049645392,0.13078927272665147,106.13636363636364,0.0026503398345153664,0.009421841541755889
3754133,Norwich City,50,60,88,trailing,middle,high,0.05187074829931973,0.02469359987786,0.060039893617021264,0.1015817267917126,292.30675213675215,0.0020408540189125295,0.0034210636349999955
3754133,West Bromwich Albion,50,60,50,leading,middle,low,0.034013605442176874,0.02074829931972789,0.03691946922900937,0.13114865776116835,151.43548387096774,0.0019762115839243497,0.006603472148258601
3754133,Norwich City,55,65,61,trailing,middle,medium,0.039965986394557826,0.032858265513198606,0.06195953091949733,0.10970361286789783,241.33783783783784,0.0018469267139479906,0.0041435690688168434
3754133,West Bromwich Albion,55,65,58,leading,middle,medium,0.03826530612244898,0.05963903101835914,0.042069632495164405,0.1267941342863859,184.5909090909091,0.002336362293144208,0.005417384880571288
3754133,Norwich City,60,70,30,trailing,late,low,0.022108843537414966,0.0,0.014795793592565418,0.1141936804485503,104.55882352941177,0.0013297872340425532,0.009563994374120956
3754133,West Bromwich Albion,60,70,41,leading,late,low,0.02806122448979592,0.03877551020408163,0.012641187286577356,0.14117210512164433,97.08095238095238,0.0021054964539007092,0.010300681807033894
3754133,Norwich City,65,75,37,trailing,late,low,0.026360544217687076,0.0,0.03537520018302448,0.11954335414772145,139.28306878306879,0.002142434988179669,0.007179623544606735
3754133,West Bromwich Albion,65,75,24,leading,late,low,0.01445578231292517,0.0,0.015514184397163119,0.18977519650393523,66.18333333333334,0.0019485076832151298,0.01510954419541677
3754133,Norwich City,70,80,48,trailing,late,low,0.03316326530612245,0.026227401907151865,0.013131648936170214,0.11277175405366038,120.5079365079365,0.002899674940898345,0.008298208640674393
3754133,West Bromwich Albion,70,80,39,leading,late,low,0.02465986394557823,0.017842242590401795,0.016733156028368792,0.15661906479464968,89.20952380952382,0.003084367612293144,0.011209565495889825
3754133,Norwich City,75,85,58,trailing,late,medium,0.0391156462585034,0.031605659988318185,0.03729560677698976,0.10801835035291249,192.99193548387098,0.0027703900709219855,0.005181563662195478
3754133,West Bromwich Albion,75,85,36,leading,late,low,0.02465986394557823,0.02333649611498364,0.014338575393154484,0.16760787950299874,96.88421052631578,0.001726876477541371,0.010321599304650153
3754133,Norwich City,80,90,66,trailing,late,medium,0.039965986394557826,0.037978088408310365,0.05229627311917674,0.10818206735857039,220.65953654188948,0.0013944296690307327,0.004531868486953712
3754133,West Bromwich Albion,80,90,32,leading,late,low,0.022108843537414966,0.026653815004872832,0.008311170212765957,0.13632315761352384,78.79166666666667,0.0017822842789598108,0.01269169751454257
3754167,Manchester City,0,10,109,tied,early,high,0.06037414965986394,0.05001575394281241,0.05608350631378654,0.10557077531365561,334.3785365853659,0.003666149527186761,0.0029906225746780335
3754167,Norwich City,0,10,28,tied,early,low,0.021258503401360544,0.007482993197278911,0.012290457769181173,0.16234918678813856,76.5,0.0022532505910165482,0.013071895424836602
3754167,Manchester City,5,15,75,tied,early,medium,0.050170068027210885,0.021423328993317756,0.04356473904346244,0.11892205936142758,211.7696806117859,0.0029827866430260047,0.004722111291432649
3754167,Norwich City,5,15,58,tied,early,medium,0.04081632653061224,0.052583438364722325,0.029772458628841605,0.10548648564237571,184.82988505747127,0.002280954491725768,0.005410380467904628
3754167,Manchester City,10,20,74,tied,early,medium,0.041666666666666664,0.030326371915107068,0.045078988563031115,0.1327572192151675,219.75126050420167,0.002262485224586288,0.004550599608418992
3754167,Norwich City,10,20,66,tied,early,medium,0.04336734693877551,0.06911510918295831,0.05908804591265398,0.10394558807475339,250.56116642958747,0.0013205526004728132,0.003991041446085458
3754167,Manchester City,15,25,113,tied,early,high,0.05187074829931973,0.024677297806317174,0.042928259683578836,0.12545115130738266,263.27233468286096,0.0024933510638297874,0.0037983482054983276
3754167,Norwich City,15,25,29,tied,early,low,0.01870748299319728,0.021427228739708728,0.028221040189125298,0.13377834952623605,120.36315789473684,0.0014036643026004727,0.008308190126371944
3754167,Manchester City,20,30,100,tied,early,high,0.04846938775510204,0.01746941663297097,0.0336073500967118,0.140697988380765,219.5212121212121,0.0025672281323877067,0.004555368432677177
3754167,Norwich City,20,30,23,tied,early,low,0.017006802721088437,0.0,0.0024113475177304964,0.10794597493837436,54.94444444444444,0.0014406028368794325,0.01820020222446916
3754167,Manchester City,25,35,61,tied,early,medium,0.04081632653061224,0.02660569766383123,0.02902383766745469,0.13156268984719308,167.34301075268817,0.0027334515366430256,0.005975750020882998
3754167,Norwich City,25,35,29,tied,early,low,0.017857142857142856,0.0,0.0029078014184397163,0.08731506233843352,57.333333333333336,0.000969636524822695,0.01744186046511628
3754167,Manchester City,30,40,62,tied,middle,medium,0.04336734693877551,0.04562817500893151,0.03446081105655574,0.10966050530647792,185.8689075630252,0.0022255466903073283,0.005380135995370371
3754167,Norwich City,30,40,40,tied,middle,low,0.025510204081632654,0.04047619047619047,0.03467675941080197,0.13484209338210276,130.07076923076923,0.0017084072104018911,0.007688122442220803
3754167,Manchester City,35,45,74,tied,middle,medium,0.0467687074829932,0.03197796985534116,0.03717214554980512,0.13579677757571337,186.66666666666666,0.0021516696217494086,0.005357142857142857
3754167,Norwich City,35,45,35,tied,middle,low,0.023809523809523808,0.017978620019436346,0.03765957446808511,0.1255317164795583,135.94666666666666,0.0026503398345153664,0.007355825814044724
3754167,Manchester City,40,50,90,tied,middle,high,0.05357142857142857,0.01522530720055974,0.040976546733552444,0.1133323795253006,217.90873983739837,0.0038139036643026003,0.004589077063848799
3754167,Norwich City,40,50,51,tied,middle,medium,0.03316326530612245,0.02794042960379555,0.03964659057328605,0.13134387531489194,161.49193548387098,0.0019946808510638296,0.006192259675405743
3754167,Manchester City,45,55,77,tied,middle,medium,0.04421768707482993,0.021824727129724244,0.03572998120870462,0.1086205176025922,208.18711484593837,0.0022070774231678484,0.00480337124005016
3754167,Norwich City,45,55,58,tied,middle,medium,0.03826530612244898,0.020679466495525912,0.04915287628053586,0.1228622132561443,194.0079365079365,0.0018838652482269503,0.005154428308447536
3754167,Manchester City,50,60,85,tied,middle,high,0.04846938775510204,0.028109766224548596,0.06668693990873605,0.0928316002192001,329.20477642276427,0.002114731087470449,0.0030376229982635537
3754167,Norwich City,50,60,23,tied,middle,low,0.016156462585034014,0.03401360544217687,0.0038281753707285625,0.11104550295815963,48.857142857142854,0.001006575059101655,0.020467836257309944
3754167,Manchester City,55,65,100,tied,middle,high,0.05442176870748299,0.02293738575440189,0.03222414646214745,0.10058804011487464,281.10748106060606,0.0019854462174940897,0.003557358189924524
3754167,Manchester City,60,70,74,tied,late,medium,0.03826530612244898,0.02702907549924247,0.023893954745018577,0.1263966928862633,162.2151675485009,0.0018838652482269503,0.006164651648256067
3754167,Norwich City,60,70,26,tied,late,low,0.015306122448979591,0.0,0.0027366635831020656,0.10618969459335208,48.92857142857143,0.0010250443262411347,0.020437956204379562
3754167,Manchester City,65,75,100,leading,late,high,0.05187074829931973,0.047876730693025046,0.03415807006232538,0.1524160224737181,217.51815025252523,0.0024933510638297874,0.004597317505868183
3754167,Norwich City,65,75,27,trailing,late,low,0.017857142857142856,0.0,0.020467160037002774,0.16043268038097078,84.5906432748538,0.0014221335697399526,0.011821638437608018
3754167,Manchester City,70,80,124,leading,late,high,0.05357142857142857,0.038454382015186944,0.03693009118541033,0.11573071834136334,246.10256902761108,0.003361406619385343,0.004063346449210803
3754167,Manchester City,75,85,92,leading,late,high,0.04421768707482993,0.042716317724390565,0.03301590025165866,0.13355583588595643,175.13691756272402,0.0035645685579196217,0.005709818431866926
3754167,Norwich City,75,85,26,trailing,late,low,0.016156462585034014,0.0,0.011879432624113475,0.16342340681174777,63.983333333333334,0.0019115691489361702,0.015629070070330816
3754167,Manchester City,80,90,43,tied,late,low,0.030612244897959183,0.027200763374099202,0.026250985027580765,0.162392500499594,120.8974358974359,0.002955082742316785,0.008271474019088017
3754167,Norwich City,80,90,28,tied,late,low,0.016156462585034014,0.0,0.01950354609929078,0.1878724398105865,72.38235294117646,0.0014590721040189125,0.013815522145469323
3754145,West Bromwich Albion,0,10,32,tied,early,low,0.022108843537414966,0.0,0.01760821716801174,0.12738162004150783,99.25714285714285,0.0017822842789598108,0.010074841681059299
3754145,Manchester City,0,10,132,tied,early,high,0.06972789115646258,0.030363116325670247,0.03618461879432624,0.12045869053899136,268.5128205128205,0.003010490543735224,0.003724216959511077
3754145,West Bromwich Albion,5,15,33,trailing,early,low,0.023809523809523808,0.01473922902494331,0.028590425531914893,0.1265570054019166,135.27272727272728,0.0012928486997635933,0.007392473118279569
3754145,Manchester City,5,15,131,leading,early,high,0.0663265306122449,0.04203080345868043,0.03366398313206823,0.12808979079979368,249.92832832832832,0.003536864657210402,0.0040011470755980496
3754145,West Bromwich Albion,10,20,47,trailing,early,low,0.03316326530612245,0.013378684807256236,0.036208998226950354,0.1240008917671924,155.6574712643678,0.0019946808510638296,0.006424362363574604
3754145,Manchester City,10,20,114,leading,early,high,0.061224489795918366,0.07219714518402437,0.031023936170212763,0.12073655485835473,250.1095238095238,0.002290189125295508,0.003998248386421187
3754145,West Bromwich Albion,15,25,43,trailing,early,low,0.02891156462585034,0.023290551599745975,0.02534804307853953,0.15099329863743846,112.87179487179488,0.0025395242316784868,0.00885960926851431
3754145,Manchester City,15,25,120,leading,early,high,0.06292517006802721,0.06040249552739494,0.0328070471687493,0.11004369039420463,274.87894736842105,0.004063238770685579,0.003637965037241274
3754145,West Bromwich Albion,20,30,48,trailing,early,low,0.03316326530612245,0.01975450358520895,0.04435231539424281,0.12367216697444379,176.63810483870967,0.0024471778959810875,0.00566129262376944
3754145,Manchester City,20,30,89,leading,early,high,0.05187074829931973,0.041206339251938284,0.03902705897386748,0.12634334523229723,224.24024024024024,0.0033983451536643023,0.004459502892650525
3754145,West Bromwich Albion,25,35,36,trailing,early,low,0.027210884353741496,0.008503401360544217,0.031371539693434,0.12764320298130014,133.26923076923077,0.002123965721040189,0.007503607503607504
3754145,Manchester City,25,35,85,leading,early,high,0.0467687074829932,0.04983488683000884,0.028816161019175206,0.11345234016242063,189.4605734767025,0.0026041666666666665,0.005278143001731004
3754145,West Bromwich Albion,30,40,31,trailing,middle,low,0.023809523809523808,0.012244897959183673,0.014361702127659574,0.14523010677065704,88.60263157894737,0.0017453457446808508,0.01128634649083727
3754145,Manchester City,30,40,107,leading,middle,high,0.05357142857142857,0.058510695835562274,0.03853920409771474,0.11591353198160734,240.46791443850267,0.002908909574468085,0.004158558959248346
3754145,West Bromwich Albion,35,45,53,trailing,middle,medium,0.030612244897959183,0.01653034370712542,0.03972203157172271,0.11249420589807475,180.43650793650792,0.0020500886524822694,0.005542115680668573
3754145,Manchester City,35,45,84,leading,middle,high,0.047619047619047616,0.03941659219369691,0.04354579620537066,0.11449095237566723,234.80993493493492,0.0016807033096926714,0.004258763583734636
3754145,West Bromwich Albion,40,50,73,trailing,middle,medium,0.04421768707482993,0.022600151171579742,0.054454787234042554,0.09982249032138397,227.80769230769232,0.0035645685579196217,0.004389667398277899
3754145,Manchester City,40,50,55,leading,middle,medium,0.03741496598639456,0.06473958388944187,0.028326776743498816,0.13364260706677558,154.40689655172415,0.0023548315602836874,0.006476394658091027
3754145,West Bromwich Albion,45,55,59,trailing,middle,medium,0.036564625850340135,0.014341507321255288,0.03129562995410931,0.1371380743541437,157.53763440860217,0.0023733008274231674,0.0063476895775032415
3754145,Manchester City,45,55,73,leading,middle,medium,0.0467687074829932,0.08066803374866809,0.023508881221647175,0.12392373887185731,176.02401433691756,0.0030566637115839244,0.0056810430313556926
3754145,West Bromwich Albion,50,60,37,trailing,middle,low,0.021258503401360544,0.0,0.028846153846153848,0.14636465006553176,111.73517786561264,0.0018007535460992908,0.008949732922989848
3754145,Manchester City,50,60,54,leading,middle,medium,0.036564625850340135,0.0656862679904914,0.020132692747654998,0.12750228321325377,134.17283950617283,0.0023733008274231674,0.007453073242546927
3754145,West Bromwich Albion,55,65,33,trailing,middle,low,0.02040816326530612,0.0,0.017952127659574466,0.14096394878837856,92.98245614035088,0.0013667257683215128,0.010754716981132076
3754145,Manchester City,55,65,39,leading,middle,low,0.0195578231292517,0.009754858188643642,0.017154255319148937,0.14297802116225777,91.98692810457516,0.0022901891252955085,0.01087110984794657
3754145,West Bromwich Albion,60,70,57,trailing,late,medium,0.039965986394557826,0.02828939961104629,0.023504887866589993,0.11573291093486722,153.2896551724138,0.002751920803782506,0.006523597426553291
3754145,Manchester City,60,70,41,leading,late,low,0.0195578231292517,0.01940260557563345,0.0018501387604070304,0.12111043633754899,43.611111111111114,0.0022901891252955085,0.022929936305732482
3754145,West Bromwich Albion,65,75,61,trailing,late,medium,0.04251700680272109,0.045046515318744616,0.045924318775662554,0.11558328390923785,189.9665718349929,0.002696513002364066,0.0052640840456320455
3754145,Manchester City,65,75,20,leading,late,low,0.011904761904761904,0.0,0.007387706855791962,0.142690098696658,44.84848484848485,0.0020039154846335696,0.022297297297297295
3754145,West Bromwich Albion,70,80,41,trailing,late,low,0.02806122448979592,0.03856901173147571,0.02518953289312791,0.13551777782481744,124.50461538461539,0.0025579934988179667,0.008031830763147488
3754145,Manchester City,70,80,49,leading,late,low,0.02806122448979592,0.011564625850340135,0.029435907538744414,0.15383153099536054,128.45299145299145,0.0021054964539007092,0.007784949098409741
3754145,West Bromwich Albion,75,85,32,trailing,late,low,0.022108843537414966,0.013888888888888886,0.008660665575559192,0.13173593240102915,68.3529411764706,0.003592272458628841,0.014629948364888123
3754145,Manchester City,75,85,79,leading,late,medium,0.04591836734693878,0.045492398547891985,0.03727532679738562,0.1424649351967081,210.2789661319073,0.0026226359338061465,0.004755587391335676
3754145,Manchester City,80,90,114,leading,late,high,0.06377551020408163,0.045673464672473706,0.03344414893617021,0.11611704399778558,263.9756217466744,0.0031397754137115837,0.0037882285999866127
3754153,Stoke City,0,10,60,tied,early,medium,0.03741496598639456,0.022724016420952124,0.03392804373522458,0.152552592223898,159.22076612903226,0.0014498374704491725,0.006280587792107479
3754153,Crystal Palace,0,10,54,tied,early,medium,0.02891156462585034,0.023236361118650097,0.03715093085106383,0.11100969934144517,166.1794532627866,0.0016345301418439714,0.006017591106276283
3754153,Stoke City,5,15,78,tied,early,medium,0.04421768707482993,0.039962630082795214,0.03684521587657086,0.10448520389216569,233.74195075757575,0.0022070774231678484,0.00427822218801085
3754153,Crystal Palace,5,15,29,tied,early,low,0.016156462585034014,0.0,0.0055057857409481145,0.1724375157905185,54.861111111111114,0.001006575059101655,0.01822784810126582
3754153,Stoke City,10,20,78,tied,early,medium,0.050170068027210885,0.03847293047885818,0.03515381983327112,0.11862369274123052,212.18253968253967,0.0029827866430260047,0.004712923134467926
3754153,Crystal Palace,10,20,41,tied,early,low,0.027210884353741496,0.010492259043869093,0.016333548248441864,0.18371777073806744,90.39105339105339,0.002123965721040189,0.011063041777749397
3754153,Stoke City,15,25,76,tied,early,medium,0.04846938775510204,0.0251417676467514,0.04336195097673261,0.12662744354617572,221.6702702702703,0.002114731087470449,0.004511204857470311
3754153,Crystal Palace,15,25,55,tied,early,medium,0.03316326530612245,0.03879239019414703,0.018558535263987392,0.17296954809229423,104.91847826086956,0.002899674940898345,0.009531209531209532
3754153,Stoke City,20,30,55,tied,early,medium,0.036564625850340135,0.02185745421623988,0.03546561022458629,0.1267074598715456,160.50907258064515,0.0023733008274231674,0.006230177421887266
3754153,Crystal Palace,20,30,51,tied,early,medium,0.027210884353741496,0.006856713196706792,0.02322695035460993,0.13010797828629878,123.37333333333333,0.0016714686761229313,0.00810547930400951
3754153,Stoke City,25,35,58,tied,early,medium,0.036564625850340135,0.024918818319556394,0.04758485309017224,0.1327872582396158,193.2,0.0014683067375886522,0.005175983436853002
3754153,Crystal Palace,25,35,41,tied,early,low,0.02465986394557823,0.0,0.006071351816032667,0.0937490060749925,112.0,0.0012743794326241136,0.008928571428571428
3754153,Stoke City,30,40,67,tied,middle,medium,0.04336734693877551,0.05867364834803155,0.039488770685579204,0.1297405857796976,188.3873949579832,0.0017730496453900709,0.005308210776113944
3754153,Crystal Palace,30,40,48,tied,middle,low,0.02976190476190476,0.05764109597836124,0.00732966058763931,0.11618807070893335,81.71428571428571,0.0029735520094562647,0.012237762237762238
3754153,Stoke City,35,45,38,tied,middle,low,0.027210884353741496,0.03329149656326707,0.031914893617021274,0.11784969299120679,147.10666666666665,0.0016714686761229313,0.006797788452823349
3754153,Crystal Palace,35,45,77,tied,middle,medium,0.04846938775510204,0.03471239849470706,0.03780156998242105,0.12879178528389856,206.33183183183183,0.002114731087470449,0.004846561924652699
3754153,Stoke City,40,50,52,trailing,middle,medium,0.036564625850340135,0.013939071524285529,0.041048785729636786,0.12384635209425833,168.75378787878788,0.0028257978723404257,0.005925792911494691
3754153,Crystal Palace,40,50,60,leading,middle,medium,0.041666666666666664,0.04246167200558697,0.029038165341356826,0.14851741715011593,153.51136363636363,0.001809988179669031,0.006514175734695388
3754153,Stoke City,45,55,70,trailing,middle,medium,0.0467687074829932,0.031732375458327244,0.03536389733198244,0.13109498735002448,187.76470588235293,0.0026041666666666665,0.005325814536340853
3754153,Crystal Palace,45,55,29,leading,middle,low,0.022108843537414966,0.008503401360544217,0.006819421713038733,0.10221417793926244,84.71794871794872,0.0013297872340425532,0.011803874092009685
3754153,Stoke City,50,60,59,trailing,middle,medium,0.034013605442176874,0.014538624486801157,0.021444729762778184,0.13716493504758304,138.42,0.002428708628841607,0.007224389539083948
3754153,Stoke City,55,65,39,trailing,middle,low,0.021258503401360544,0.017070455844552003,0.009371833839918945,0.11012118218225131,84.51666666666667,0.0027057476359338057,0.011831985801617038
3754153,Stoke City,60,70,27,trailing,late,low,0.01870748299319728,0.028911564625850338,0.005141843971631206,0.10828709615448134,57.24444444444445,0.0014036643026004727,0.01746894409937888
3754153,Crystal Palace,60,70,30,leading,late,low,0.02040816326530612,0.03231292517006803,0.0033244680851063826,0.09484746131224522,49.5,0.0013667257683215128,0.020202020202020204
3754153,Stoke City,65,75,55,trailing,late,medium,0.03571428571428571,0.03260576126576432,0.03435882691201841,0.09884191459644474,189.50191570881225,0.00193927304964539,0.005276991508289528
3754153,Crystal Palace,65,75,36,leading,late,low,0.021258503401360544,0.029863139964913667,0.004301287102705542,0.10611244573752032,68.63636363636364,0.0018007535460992908,0.014569536423841059
3754153,Stoke City,70,80,54,tied,late,medium,0.03741496598639456,0.06826141232474714,0.05704907034694269,0.11791655891984022,216.1036036036036,0.0019023345153664304,0.004627410109431996
3754153,Crystal Palace,70,80,32,tied,late,low,0.0195578231292517,0.0,0.030106382978723402,0.14564058006024092,98.4505928853755,0.0018376920803782504,0.010157379155291472
3754153,Stoke City,75,85,36,tied,late,low,0.02806122448979592,0.013605442176870748,0.035552702372218144,0.12953002795297855,145.12820512820514,0.0012005023640661936,0.0068904593639575965
3754153,Crystal Palace,75,85,40,tied,late,low,0.030612244897959183,0.02887714821374935,0.016807033096926712,0.1444246066514308,105.18840579710145,0.0020500886524822694,0.00950675117112152
3754153,Stoke City,80,90,40,tied,late,low,0.02806122448979592,0.008417018729872671,0.03433700607902736,0.12728932150437033,134.48809523809524,0.0021054964539007092,0.0074356023723112325
3754153,Crystal Palace,80,90,32,tied,late,low,0.027210884353741496,0.05257531584062196,0.02952809601745772,0.1410782693453304,117.26769230769231,0.0025764627659574466,0.008527497900923593
3754143,Newcastle United,0,10,56,tied,early,medium,0.03571428571428571,0.02513413442969776,0.0401845079787234,0.1305983891642187,183.5855174731183,0.00193927304964539,0.0054470527619174865
3754143,Liverpool,0,10,80,tied,early,medium,0.05102040816326531,0.025090051631570118,0.04136377068557919,0.1153928303708506,226.14627785680418,0.002511820330969267,0.004421916688070365
3754143,Newcastle United,5,15,66,tied,early,medium,0.036564625850340135,0.03067685627829755,0.03723404255319149,0.13095508230666458,185.3551747311828,0.0023733008274231674,0.005395047650815692
3754143,Liverpool,5,15,71,tied,early,medium,0.045068027210884355,0.06184493371690784,0.028357712765957444,0.10650832658819771,198.2883064516129,0.0017361111111111112,0.005043161737043853
3754143,Newcastle United,10,20,60,tied,early,medium,0.036564625850340135,0.041357423480489874,0.04303675048355899,0.1255867413968325,188.7784090909091,0.0023733008274231674,0.005297215951843491
3754143,Liverpool,10,20,62,tied,early,medium,0.039965986394557826,0.036956504341855344,0.04783434650455927,0.1138633961636059,209.07703081232492,0.0018469267139479906,0.004782926159390679
3754143,Newcastle United,15,25,43,tied,early,low,0.02976190476190476,0.002693708755849097,0.023463356973995275,0.13072095798305422,113.05698005698005,0.002521054964539007,0.008845097396870196
3754143,Liverpool,15,25,63,tied,early,medium,0.04251700680272109,0.022933879759497764,0.046173167848699764,0.10921042652895091,234.82442067736184,0.0022440159574468083,0.004258500871056997
3754143,Newcastle United,20,30,36,tied,early,low,0.02295918367346939,0.02238042687319444,0.013334810874704492,0.15908305652971197,87.94346978557505,0.0017638150118203307,0.011370940928737671
3754143,Liverpool,20,30,68,tied,early,medium,0.04336734693877551,0.023793326854551346,0.029239345728707424,0.12268765375819914,175.56755050505052,0.002678043735224586,0.0056958133614288435
3754143,Newcastle United,25,35,37,tied,early,low,0.023809523809523808,0.016522440196673843,0.011879432624113475,0.13804158863972332,88.87719298245614,0.0026503398345153664,0.011251480457954995
3754143,Liverpool,25,35,76,tied,early,medium,0.04591836734693878,0.02243381429356501,0.03084227844866142,0.12172065738385049,188.1117052881759,0.0021701388888888886,0.005315990296659422
3754143,Newcastle United,30,40,39,tied,middle,low,0.02465986394557823,0.035426540937598144,0.018912529550827423,0.12783252413530247,113.00526315789473,0.002179373522458629,0.008849145358856132
3754143,Liverpool,30,40,67,tied,middle,medium,0.04251700680272109,0.038830461006004464,0.028247904577691812,0.13022078027733253,166.71541218637995,0.0036015070921985816,0.005998245674383405
3754143,Newcastle United,35,45,41,tied,middle,low,0.02806122448979592,0.04071173460544658,0.041523678792038436,0.13916415111913555,167.0383597883598,0.0012005023640661936,0.005986648822863296
3754143,Liverpool,35,45,52,tied,middle,medium,0.034013605442176874,0.06786347807672398,0.05152589727057812,0.12584983621748289,199.72537878787878,0.002881205673758865,0.005006874970366507
3754143,Newcastle United,40,50,43,tied,middle,low,0.031462585034013606,0.008163265306122448,0.011900924134966689,0.11395655835666862,109.11428571428571,0.00203161938534279,0.009164702801780571
3754143,Liverpool,40,50,61,tied,middle,medium,0.039965986394557826,0.044380713339292034,0.03884086879432624,0.10436113473060529,195.70084033613446,0.003204417848699764,0.005109840092063001
3754143,Newcastle United,45,55,60,tied,middle,medium,0.036564625850340135,0.008503401360544217,0.05340145576707727,0.09249027068799268,205.71428571428572,0.0010158096926713947,0.004861111111111111
3754143,Liverpool,45,55,61,tied,middle,medium,0.04081632653061224,0.03145648146016455,0.034552304964539,0.10581201647263509,172.890756302521,0.0027334515366430256,0.0057839992223194326
3754143,Newcastle United,50,60,56,tied,middle,medium,0.03231292517006803,0.0084180316747231,0.02396149949341439,0.103106215372596,173.65,0.0015606530732860519,0.005758710048949035
3754143,Liverpool,50,60,46,tied,middle,low,0.03231292517006803,0.020802291427999307,0.0421225937183384,0.11378735007321115,176.96129032258065,0.0015606530732860519,0.005650953370520252
3754143,Newcastle United,55,65,40,tied,middle,low,0.023809523809523808,0.005668934240362812,0.020263424518743665,0.1392873527623707,109.96825396825398,0.002197842789598109,0.009093533487297922
3754143,Liverpool,55,65,60,tied,middle,medium,0.03741496598639456,0.011330993930272362,0.05575774542739829,0.12310076123519012,220.6642857142857,0.0014498374704491725,0.004531770951348202
3754143,Newcastle United,60,70,42,tied,late,low,0.0195578231292517,0.002040816326530612,0.014781837804502004,0.14546707479842635,88.24561403508773,0.0018376920803782504,0.011332007952286281
3754143,Liverpool,60,70,64,tied,late,medium,0.03826530612244898,0.023451604110967535,0.0368141097424412,0.1026754452991479,199.38424059139783,0.002336362293144208,0.0050154415265413095
3754143,Newcastle United,65,75,45,tied,late,low,0.02295918367346939,0.006462585034013605,0.007712765957446808,0.10957086098445391,94.57142857142857,0.001763815011820331,0.010574018126888218
3754143,Liverpool,65,75,60,tied,late,medium,0.03826530612244898,0.04025145899627682,0.061098332374928115,0.1256442817412141,220.5045045045045,0.0018838652482269503,0.0045350547475077625
3754143,Newcastle United,70,80,39,tied,late,low,0.02295918367346939,0.0,0.02773556231003039,0.1308817348855568,119.1699604743083,0.0026688091016548463,0.008391376451077943
3754143,Liverpool,70,80,69,tied,late,medium,0.04251700680272109,0.047116561777056656,0.032772820864790664,0.14024244763303906,170.32831541218638,0.0022440159574468083,0.005871014443958116
3754143,Newcastle United,75,85,26,tied,late,low,0.015306122448979591,0.007142857142857143,0.005230496453900709,0.13899621950016022,56.71590909090909,0.0023825354609929078,0.01763173712682829
3754143,Liverpool,75,85,76,tied,late,medium,0.04421768707482993,0.028700613625330672,0.024815531198509926,0.14428144358277534,160.3437275985663,0.0022070774231678484,0.00623660192373463
3754143,Newcastle United,80,90,20,tied,late,low,0.013605442176870748,0.021427228739708728,0.0035460992907801426,0.14259787880893435,43.916666666666664,0.0010619828605200946,0.022770398481973434
3754143,Liverpool,80,90,75,tied,late,medium,0.04846938775510204,0.028984861719229486,0.040593505039193734,0.12552486946108174,212.08748221906117,0.0030197251773049646,0.004715035463371283
3754186,Leicester City,0,10,53,tied,early,medium,0.03486394557823129,0.0235836384476204,0.04689179024285407,0.12707396355332046,199.45056818181817,0.001505245271867612,0.0050137736338179036
3754186,Manchester United,0,10,84,tied,early,high,0.05442176870748299,0.03812535903477128,0.033691137946457096,0.1395215322700018,203.02252252252254,0.002890440307328605,0.004925561891238268
3754186,Leicester City,5,15,26,tied,early,low,0.016156462585034014,0.0,0.03257978723404255,0.1693520242609232,96.04736842105264,0.001006575059101655,0.01041152939887117
3754186,Manchester United,5,15,79,tied,early,medium,0.050170068027210885,0.03767211312741512,0.02673759435727521,0.12380539000450708,182.36363636363637,0.003435283687943262,0.005483549351944167
3754186,Leicester City,10,20,26,tied,early,low,0.017006802721088437,0.0,0.0047024360160345365,0.12346556781193045,56.0,0.0014406028368794325,0.017857142857142856
3754186,Manchester United,10,20,68,tied,early,medium,0.050170068027210885,0.032516738264948546,0.05406746031746032,0.12115093141274569,235.57839721254356,0.0016252955082742319,0.004244871396666223
3754186,Leicester City,15,25,25,tied,early,low,0.016156462585034014,0.0,0.01716634429400387,0.1595447520691222,75.68627450980392,0.0014590721040189125,0.01321243523316062
3754186,Manchester United,15,25,63,tied,early,medium,0.04421768707482993,0.03249514345416686,0.0521054964539007,0.12293164107261878,212.90769230769232,0.0022070774231678484,0.00469687116121107
3754186,Leicester City,20,30,22,leading,early,low,0.011904761904761904,0.0,0.0007176629517055049,0.10883357636804807,28.0,0.0015514184397163121,0.03571428571428571
3754186,Manchester United,20,30,54,trailing,early,medium,0.03741496598639456,0.02590433224432584,0.06035367674505412,0.10745875271493066,212.10099573257472,0.0014498374704491725,0.004714735056033586
3754186,Leicester City,25,35,46,leading,early,low,0.021258503401360544,0.01385786633987903,0.006993695823483058,0.09458806317818977,84.34615384615384,0.001348256501182033,0.01185590515275878
3754186,Manchester United,25,35,56,trailing,early,medium,0.041666666666666664,0.02563259469494605,0.03641009595327493,0.12879237925225206,175.23529411764707,0.002262485224586288,0.005706612957368244
3754186,Leicester City,30,40,39,leading,middle,low,0.021258503401360544,0.023539797088062985,0.005626022913256956,0.11145486125936636,75.05454545454545,0.0018007535460992908,0.013323643410852714
3754186,Manchester United,30,40,69,trailing,middle,medium,0.0467687074829932,0.022422561069133838,0.04658267592664755,0.10765596518862512,218.3187134502924,0.0030566637115839244,0.004580459385254135
3754186,Leicester City,35,45,27,leading,middle,low,0.015306122448979591,0.0,0.0035075547332716617,0.11799083133621821,54.888888888888886,0.0010250443262411347,0.01821862348178138
3754186,Manchester United,35,45,74,trailing,middle,medium,0.047619047619047616,0.024735344786205624,0.046948507683215124,0.11141144282566043,229.3925641025641,0.0030381944444444445,0.004359339213597561
3754186,Leicester City,40,50,55,tied,middle,medium,0.031462585034013606,0.016326530612244896,0.05797335052654201,0.11165416339253989,195.14772727272728,0.00203161938534279,0.005124323065276888
3754186,Manchester United,40,50,63,tied,middle,medium,0.04421768707482993,0.020398582616322613,0.048527762623507296,0.12942464657481656,210.3306342780027,0.0022070774231678484,0.0047544191716659715
3754186,Leicester City,45,55,51,tied,middle,medium,0.030612244897959183,0.05850205867168151,0.05058406341259908,0.10329946486731945,199.71494252873563,0.0020500886524822694,0.00500713660849947
3754186,Manchester United,45,55,70,tied,middle,medium,0.04931972789115646,0.07055771699936171,0.03156028368794326,0.11228020047200742,195.3095238095238,0.003453752955082742,0.005120078020236499
3754186,Leicester City,50,60,39,tied,middle,low,0.02295918367346939,0.0,0.007151300236406619,0.10477628832475497,86.61538461538461,0.0013113179669030732,0.011545293072824156
3754186,Manchester United,50,60,76,tied,middle,medium,0.047619047619047616,0.045344319477831185,0.06070172403851698,0.10348341211313485,263.27459349593494,0.0030381944444444445,0.0037983156168673008
3754186,Leicester City,55,65,40,tied,middle,low,0.026360544217687076,0.03512499561538172,0.03926976622012083,0.15919088934420347,139.92877492877494,0.0012374408983451535,0.0071464929247684
3754186,Manchester United,55,65,86,tied,middle,high,0.0467687074829932,0.023492094926161795,0.03792766614131863,0.12720616677080956,208.48158051099227,0.0021516696217494086,0.004796586813803796
3754186,Leicester City,60,70,29,tied,late,low,0.021258503401360544,0.03978849800938166,0.0036446020488573676,0.1031024311577439,64.76363636363637,0.0018007535460992908,0.015440763615946098
3754186,Manchester United,60,70,67,tied,late,medium,0.0391156462585034,0.023689737711601704,0.038513171225937184,0.1410797031058344,176.63529411764705,0.0018653959810874708,0.00566138270947116
3754186,Leicester City,65,75,31,tied,late,low,0.021258503401360544,0.0,0.006062685884237016,0.10271936886507564,86.72727272727273,0.001348256501182033,0.011530398322851153
3754186,Manchester United,65,75,37,tied,late,low,0.025510204081632654,0.022108843537414963,0.010874704491725768,0.11037885834499452,94.9375,0.0017084072104018911,0.01053324555628703
3754186,Leicester City,70,80,26,tied,late,low,0.017006802721088437,0.0,0.0033687943262411353,0.10967730588147746,56.22222222222222,0.0014406028368794325,0.017786561264822136
3754186,Manchester United,70,80,62,tied,late,medium,0.0391156462585034,0.017998872141355333,0.054184725505647485,0.12893572035690248,217.1878306878307,0.0018653959810874708,0.004604309536280254
3754186,Leicester City,75,85,20,tied,late,low,0.012755102040816327,0.0,0.0009709557581898007,0.10704775578254766,31.8,0.0010804521276595745,0.031446540880503145
3754186,Manchester United,75,85,92,tied,late,high,0.05697278911564626,0.04031589012146399,0.03438579741771231,0.12807100091507,209.62962962962965,0.0028350325059101652,0.004770318021201413
3754186,Leicester City,80,90,28,tied,late,low,0.017006802721088437,0.0,0.005567375886524823,0.11531012752940355,67.63636363636364,0.0014406028368794325,0.014784946236559139
3754186,Manchester United,80,90,90,tied,late,high,0.05612244897959184,0.03273842509086876,0.043007007767646065,0.09968300928378827,241.91752136752135,0.0024010047281323873,0.004133640235511503
3754130,Norwich City,0,10,42,tied,early,low,0.027210884353741496,0.008163265306122448,0.025451841683825208,0.12112705834673075,135.21666666666667,0.0016714686761229313,0.007395538025391347
3754130,Aston Villa,0,10,49,tied,early,low,0.030612244897959183,0.010186367769487325,0.028968502294534834,0.10472782145092897,150.3111111111111,0.002502585697399527,0.006652868125369604
3754130,Norwich City,5,15,47,tied,early,low,0.031462585034013606,0.003887269193391642,0.03184773264560498,0.12984791016471986,129.8741935483871,0.002484116430260047,0.007699759072054842
3754130,Aston Villa,5,15,52,tied,early,medium,0.03316326530612245,0.02551815709314185,0.022872340425531917,0.14009878625699432,132.34188034188034,0.002447177895981087,0.007556187031774735
3754130,Norwich City,10,20,40,tied,early,low,0.027210884353741496,0.006122448979591836,0.01774578136463683,0.13400813215856205,107.17391304347827,0.0016714686761229313,0.009330628803245436
3754130,Aston Villa,10,20,56,tied,early,medium,0.030612244897959183,0.028488019317633607,0.03146107733873691,0.14577337769123327,137.5,0.0015975916075650117,0.007272727272727273
3754130,Norwich City,15,25,34,tied,early,low,0.02295918367346939,0.019998746823728143,0.017445542046605877,0.12949709542039786,113.52631578947368,0.001763815011820331,0.00880853036624942
3754130,Aston Villa,15,25,53,tied,early,medium,0.031462585034013606,0.011904761904761904,0.03657629832990162,0.1269759952075713,140.51612903225808,0.00203161938534279,0.007116620752984389
3754130,Norwich City,20,30,53,leading,early,medium,0.034013605442176874,0.018570264907747564,0.034887359198998734,0.13729716840801762,156.96572580645162,0.00197621158392435,0.006370817545437031
3754130,Aston Villa,20,30,49,trailing,early,low,0.03316326530612245,0.024381648828754942,0.027513931104356633,0.1539114080743382,128.58289241622575,0.002899674940898345,0.007777084347760488
3754130,Norwich City,25,35,47,leading,early,low,0.031462585034013606,0.05310037588213677,0.038057244174265446,0.12620988934900573,155.97883597883597,0.00203161938534279,0.00641112618724559
3754130,Aston Villa,25,35,46,trailing,early,low,0.03231292517006803,0.028365788174631465,0.03776309768931594,0.11395732923549111,151.25591397849462,0.002465647163120567,0.006611311741120937
3754130,Norwich City,30,40,62,leading,middle,medium,0.039965986394557826,0.0591454334127925,0.027687647754137117,0.14795307913338493,151.12413793103448,0.0022994237588652476,0.006617076621183772
3754130,Aston Villa,30,40,29,trailing,middle,low,0.0195578231292517,0.0,0.03322695035460993,0.13788813012700799,113.8695652173913,0.0018376920803782504,0.008781977854142803
3754130,Norwich City,35,45,52,leading,middle,medium,0.03316326530612245,0.03491726634207136,0.017566325190438666,0.16013607807399682,112.28,0.0019946808510638296,0.008906305664410403
3754130,Aston Villa,35,45,33,trailing,middle,low,0.023809523809523808,0.014049998246152686,0.015232108317214704,0.16579862275703083,88.29561403508772,0.0017453457446808508,0.011325590867997257
3754130,Norwich City,40,50,39,leading,middle,low,0.026360544217687076,0.04097058969710201,0.005526004728132388,0.10841070102090379,68.9010989010989,0.0025949320330969266,0.014513556618819775
3754130,Aston Villa,40,50,62,trailing,middle,medium,0.03826530612244898,0.011121317987973424,0.03559083745253959,0.13087734619145597,170.73200757575756,0.002336362293144208,0.00585713255644978
3754130,Norwich City,45,55,46,leading,middle,low,0.03486394557823129,0.03221574344023324,0.019872931442080376,0.09770178139767934,144.59288537549406,0.0024102393617021272,0.006915969602536767
3754130,Aston Villa,45,55,75,trailing,middle,medium,0.04421768707482993,0.008330747032556662,0.0423721926713948,0.12127558153112476,213.07847321005215,0.0022070774231678484,0.004693106651905671
3754130,Norwich City,50,60,35,leading,middle,low,0.026360544217687076,0.03231292517006803,0.01690729483282675,0.1283066035631045,104.42857142857143,0.0016899379432624112,0.009575923392612859
3754130,Aston Villa,50,60,51,trailing,middle,medium,0.034013605442176874,0.00992424844429091,0.02552235433180364,0.11437204453938472,149.20634920634922,0.002881205673758865,0.0067021276595744675
3754130,Norwich City,55,65,32,leading,middle,low,0.022108843537414966,0.06617064211916762,0.012169568020631849,0.1490769326439652,79.98692810457516,0.0026872783687943258,0.012502042817453833
3754130,Aston Villa,55,65,46,trailing,middle,low,0.027210884353741496,0.0028043870609468263,0.03234173890202258,0.1377489686806856,141.24603174603175,0.0025764627659574466,0.007079844917682755
3754130,Norwich City,60,70,36,leading,late,low,0.02040816326530612,0.03061224489795918,0.026558806146572106,0.09693836032386083,98.00649350649351,0.0018192228132387705,0.01020340555224276
3754130,Aston Villa,60,70,71,trailing,late,medium,0.04421768707482993,0.013341663195890594,0.025825867861142215,0.11453821701647768,182.21687788018434,0.0022070774231678484,0.00548796583298691
3754130,Norwich City,65,75,44,leading,late,low,0.02295918367346939,0.019269429511923373,0.020390070921985814,0.15749551019969515,90.63131313131312,0.002216312056737589,0.011033714126497634
3754130,Aston Villa,65,75,61,trailing,late,medium,0.036564625850340135,0.019513886452989845,0.05064856289660321,0.12270288464817233,221.73202614379085,0.0010158096926713947,0.0045099484156226975
3754130,Norwich City,70,80,42,leading,late,low,0.02465986394557823,0.00629251700680272,0.016782831988261186,0.12564754086102595,115.20454545454545,0.002179373522458629,0.008680213059775104
3754130,Aston Villa,70,80,36,trailing,late,low,0.02295918367346939,0.0,0.007606954930221918,0.10115489643673857,98.63186813186813,0.0013113179669030732,0.010138710935323937
3754130,Norwich City,75,85,41,leading,late,low,0.025510204081632654,0.013759314942881568,0.02809366593299095,0.12851068896790985,124.09743589743589,0.0017084072104018911,0.008058184222488534
3754130,Aston Villa,75,85,29,trailing,late,low,0.02040816326530612,0.008570891495883491,0.004705400981996726,0.11694225314813624,65.3409090909091,0.0013667257683215128,0.015304347826086955
3754130,Norwich City,80,90,40,leading,late,low,0.025510204081632654,0.049670676594920686,0.004318233813772591,0.10311211691937384,84.42307692307692,0.002160904255319149,0.011845102505694762
3754130,Aston Villa,80,90,25,trailing,late,low,0.017006802721088437,0.0,0.011910268270120256,0.16336564577564566,70.2625,0.0009881057919621748,0.014232342999466286
3754188,Southampton,0,10,66,tied,early,medium,0.04081632653061224,0.015792031098153546,0.04106009705113849,0.11845265493994409,189.74789915966386,0.002280954491725768,0.005270150575730735
3754188,Tottenham Hotspur,0,10,56,tied,early,medium,0.036564625850340135,0.015882392385229264,0.03076762619941593,0.13866310595047443,148.21908602150538,0.0019208037825059103,0.006746769440036273
3754188,Southampton,5,15,55,tied,early,medium,0.031462585034013606,0.02923490317412132,0.00832796045562003,0.09565478289926184,105.52063492063492,0.00203161938534279,0.009476819398898884
3754188,Tottenham Hotspur,5,15,45,tied,early,low,0.02976190476190476,0.04426425882513607,0.027127659574468086,0.11193356290618973,138.24,0.0020685579196217494,0.0072337962962962955
3754188,Southampton,10,20,45,tied,early,low,0.025510204081632654,0.009750566893424035,0.02059692671394799,0.12376823140966481,115.26086956521739,0.002160904255319149,0.00867597133157299
3754188,Tottenham Hotspur,10,20,48,tied,early,low,0.03316326530612245,0.07420230928335429,0.03447596532702916,0.08099293437186036,203.014245014245,0.001542183806146572,0.004925762721378652
3754188,Southampton,15,25,51,tied,early,medium,0.02891156462585034,0.030074373417759467,0.019530410487857298,0.09048327935503285,154.8921568627451,0.0020870271867612297,0.006456104816760554
3754188,Tottenham Hotspur,15,25,41,tied,early,low,0.026360544217687076,0.026996616530071425,0.04244237588652482,0.11381219257470053,197.86666666666667,0.0012374408983451535,0.005053908355795148
3754188,Southampton,20,30,48,tied,early,low,0.02976190476190476,0.01768707482993197,0.028717071935157042,0.1594348039568349,120.91975308641975,0.002521054964539007,0.008269947419470111
3754188,Tottenham Hotspur,20,30,42,tied,early,low,0.02465986394557823,0.0,0.004903590425531915,0.09505192011370768,70.0,0.0012743794326241136,0.014285714285714285
3754188,Southampton,25,35,37,tied,early,low,0.02295918367346939,0.0,0.02516366612111293,0.15311102067625343,99.45652173913044,0.0013113179669030732,0.01005464480874317
3754188,Tottenham Hotspur,25,35,47,tied,early,low,0.031462585034013606,0.039707851754348454,0.02527938964109177,0.09893639132764921,147.37891737891738,0.0015791223404255318,0.006785231007152523
3754188,Southampton,30,40,38,tied,middle,low,0.023809523809523808,0.008503401360544217,0.006353427895981088,0.08995142343151406,88.4090909090909,0.0012928486997635933,0.011311053984575836
3754188,Tottenham Hotspur,30,40,54,tied,middle,medium,0.03571428571428571,0.04191975213353034,0.02917472598323662,0.13981702856179634,146.66129032258064,0.0023917700945626477,0.006818431760695041
3754188,Southampton,35,45,40,trailing,middle,low,0.026360544217687076,0.01020408163265306,0.04642434988179669,0.12710150751602523,163.85185185185185,0.0016899379432624112,0.0061030741410488245
3754188,Tottenham Hotspur,35,45,56,leading,middle,medium,0.031462585034013606,0.035243904369425275,0.03914561170212766,0.13304112465754675,148.06451612903226,0.00203161938534279,0.006753812636165577
3754188,Southampton,40,50,45,trailing,middle,low,0.031462585034013606,0.015502727922127466,0.022547281323877073,0.12736672824257697,130.0,0.0033891105200945623,0.007692307692307693
3754188,Tottenham Hotspur,40,50,70,leading,middle,medium,0.041666666666666664,0.03256057845043172,0.04033687943262411,0.13877591140363624,195.43582887700535,0.002262485224586288,0.0051167690476516215
3754188,Southampton,45,55,58,trailing,middle,medium,0.041666666666666664,0.02351694709286387,0.05343109066513322,0.10822531462009885,221.019019019019,0.001809988179669031,0.004524497504506382
3754188,Tottenham Hotspur,45,55,60,leading,middle,medium,0.03741496598639456,0.029953859264291345,0.05200945626477541,0.10432746843515171,237.17834595959596,0.0032598256501182032,0.004216236503185468
3754188,Southampton,50,60,64,trailing,middle,medium,0.031462585034013606,0.011652762363133663,0.03505802707930367,0.12190423812959048,162.7513409961686,0.00203161938534279,0.006144342614194137
3754188,Tottenham Hotspur,50,60,36,leading,middle,low,0.02465986394557823,0.015419501133786848,0.04140399264512739,0.13103797403986298,138.13105413105413,0.001726876477541371,0.0072395016912795975
3754188,Southampton,55,65,56,trailing,middle,medium,0.031462585034013606,0.006401172567776909,0.03875775709219858,0.13763155652569287,144.9889112903226,0.00203161938534279,0.006897079170403743
3754188,Tottenham Hotspur,55,65,51,leading,middle,medium,0.03486394557823129,0.017893684452836837,0.03995518124507486,0.11317149372976282,178.0040322580645,0.0024102393617021272,0.005617850266168309
3754188,Southampton,60,70,52,trailing,late,medium,0.03486394557823129,0.03297093620501573,0.026568880292284547,0.12866482952334826,144.11822660098522,0.00195774231678487,0.006938747607328411
3754188,Tottenham Hotspur,60,70,46,leading,late,low,0.031462585034013606,0.012188208616780044,0.023045951536643024,0.10567229798069547,132.92877492877494,0.0033891105200945623,0.007522825667623987
3754188,Southampton,65,75,59,trailing,late,medium,0.03826530612244898,0.03036420861160754,0.05374257235959364,0.11868066146523908,219.13563563563565,0.0014313682033096926,0.004563383755906932
3754188,Tottenham Hotspur,65,75,23,leading,late,low,0.013605442176870748,0.0,0.0026595744680851063,0.11826635266759856,44.333333333333336,0.0015144799054373523,0.022556390977443608
3754188,Southampton,70,80,40,trailing,late,low,0.026360544217687076,0.0277204170909428,0.02471523748119493,0.11600015552930441,137.7391304347826,0.0016899379432624112,0.007260101010101011
3754188,Tottenham Hotspur,70,80,23,leading,late,low,0.015306122448979591,0.0,0.006783842121492445,0.13643121832660102,59.92307692307692,0.0014775413711583924,0.01668806161745828
3754188,Southampton,75,85,47,trailing,late,low,0.02976190476190476,0.002943366470015119,0.03451906028368794,0.1327595377973859,146.16781609195402,0.0020685579196217494,0.006841451331330702
3754188,Tottenham Hotspur,75,85,39,leading,late,low,0.023809523809523808,0.005713927663922327,0.01731493794326241,0.10797841801535372,141.66666666666669,0.0012928486997635933,0.007058823529411764
3754188,Southampton,80,90,47,trailing,late,low,0.02891156462585034,0.009113717456758213,0.03305879661404713,0.14110042836042966,145.71428571428572,0.0020870271867612297,0.006862745098039216
3754188,Tottenham Hotspur,80,90,50,leading,late,low,0.026360544217687076,0.005285383089128153,0.04905437352245863,0.11066599442384129,178.31746031746033,0.002142434988179669,0.005607975787787075
3754178,Aston Villa,0,10,63,tied,early,medium,0.041666666666666664,0.011584062196307093,0.03568262411347518,0.13479941749198765,177.0,0.002714982269503546,0.005649717514124294
3754178,Watford,0,10,33,tied,early,low,0.01870748299319728,0.0,0.003614293507910529,0.10326453705312447,62.77777777777778,0.0009511672576832152,0.01592920353982301
3754178,Aston Villa,5,15,72,tied,early,medium,0.0467687074829932,0.04092509120683466,0.03973530901722391,0.12410797478967585,205.13333333333333,0.0021516696217494086,0.004874878128046799
3754178,Watford,5,15,25,tied,early,low,0.01445578231292517,0.0,0.002548758865248227,0.10502997494394743,48.90740740740741,0.0010435135933806149,0.020446800454373342
3754178,Aston Villa,10,20,64,tied,early,medium,0.045068027210884355,0.0707138829076269,0.05452710899589399,0.09775344788612896,258.3825396825397,0.0017361111111111112,0.003870230555163072
3754178,Aston Villa,15,25,62,trailing,early,medium,0.039965986394557826,0.02607709750566893,0.04586599477416947,0.11732833968344697,206.4042328042328,0.0018469267139479906,0.00484486188298505
3754178,Watford,15,25,30,leading,early,low,0.0195578231292517,0.02562268764053144,0.016843971631205674,0.1388282622327747,104.29411764705883,0.0009326979905437352,0.009588268471517203
3754178,Aston Villa,20,30,85,trailing,early,high,0.0467687074829932,0.04332021944133472,0.04418626353116835,0.12596440551004767,222.74608819345661,0.0021516696217494086,0.004489416663207538
3754178,Watford,20,30,37,leading,early,low,0.02465986394557823,0.01530612244897959,0.02162487335359676,0.14428987596258666,109.28260869565217,0.0012743794326241136,0.009150586831111996
3754178,Aston Villa,25,35,86,trailing,early,high,0.05272108843537415,0.06375716411546212,0.04145903322135125,0.1336431246019358,225.7242769084874,0.002474881796690307,0.004430183645711345
3754178,Watford,25,35,30,leading,early,low,0.021258503401360544,0.0,0.03371960486322188,0.1282689781006046,131.29227053140096,0.001348256501182033,0.0076165946095115445
3754178,Aston Villa,30,40,62,trailing,middle,medium,0.041666666666666664,0.03265668882377425,0.04270516717325228,0.13027130099360804,192.4392156862745,0.002262485224586288,0.005196446038474079
3754178,Watford,30,40,22,leading,middle,low,0.016156462585034014,0.023809523809523808,0.006928891377379618,0.12106995199506662,54.25,0.0014590721040189125,0.018433179723502304
3754178,Aston Villa,35,45,41,tied,middle,low,0.030612244897959183,0.061564625850340136,0.00990374873353597,0.09593458100742755,110.87908496732027,0.0015975916075650117,0.009018833446314363
3754178,Watford,35,45,23,tied,middle,low,0.016156462585034014,0.0,0.0029432624113475176,0.10971141740186041,50.888888888888886,0.0014590721040189125,0.019650655021834062
3754178,Aston Villa,40,50,48,tied,middle,low,0.031462585034013606,0.03288387037350603,0.03414649058449499,0.12971546031430012,138.45073891625617,0.0015791223404255318,0.007222785575776982
3754178,Watford,40,50,35,tied,middle,low,0.02295918367346939,0.019284505865737853,0.005519331960649736,0.08065131038175909,89.02564102564102,0.0013113179669030732,0.011232718894009217
3754178,Aston Villa,45,55,90,tied,middle,high,0.05102040816326531,0.0384960294294232,0.03170652239801176,0.1237082522632564,203.410582010582,0.0029643173758865248,0.004916165079100836
3754178,Watford,45,55,43,tied,middle,low,0.02976190476190476,0.006571016813510676,0.01365727429557217,0.08923958711179707,141.6,0.0016160608747044917,0.007062146892655367
3754178,Aston Villa,50,60,98,tied,middle,high,0.06207482993197279,0.0697940108077963,0.03626654318642351,0.11810748072521556,247.75817923186344,0.0031767139479905435,0.004036193691366105
3754178,Watford,50,60,37,tied,middle,low,0.02806122448979592,0.0,0.0326188986232791,0.12165510036760775,146.26847290640393,0.0021054964539007092,0.0068367432853414165
3754178,Aston Villa,55,65,42,tied,middle,low,0.030612244897959183,0.02609079073297626,0.016386410432395332,0.1247220494493723,106.84057971014492,0.0025025856973995265,0.00935973955507325
3754178,Aston Villa,65,75,44,tied,late,low,0.02976190476190476,0.05422892766617992,0.027777777777777776,0.10578205950449955,161.33333333333334,0.0016160608747044917,0.006198347107438016
3754178,Watford,65,75,22,tied,late,low,0.015306122448979591,0.0,0.0017327530625402966,0.12773948560316878,38.0,0.0014775413711583924,0.02631578947368421
3754178,Aston Villa,70,80,62,tied,late,medium,0.04336734693877551,0.059175321348776594,0.0372586682427108,0.12756458702782594,204.17171717171718,0.0022255466903073283,0.0048978380250333945
3754178,Watford,70,80,38,tied,late,low,0.02295918367346939,0.014965986394557823,0.009292679837892602,0.11190980191045298,86.25,0.002216312056737589,0.011594202898550725
3754178,Aston Villa,75,85,50,tied,late,low,0.03571428571428571,0.035294417307695614,0.017789598108747043,0.1399529680244381,120.89846153846153,0.002844267139479905,0.008271403848111576
3754178,Watford,75,85,42,tied,late,low,0.025510204081632654,0.017346938775510204,0.03133524277141298,0.14258515581542783,123.06461538461538,0.002160904255319149,0.008125812581258126
3754178,Aston Villa,80,90,40,trailing,late,low,0.02891156462585034,0.0,0.025027644322428117,0.12887035030360686,123.61846153846155,0.001182033096926714,0.008089406610911986
3754178,Watford,80,90,22,leading,late,low,0.016156462585034014,0.0,0.006629663891458526,0.13571549537818764,64.77272727272727,0.0014590721040189125,0.015438596491228071
3754157,AFC Bournemouth,0,10,79,tied,early,medium,0.04251700680272109,0.06027748250514596,0.045907609737396965,0.11141641464667139,231.78809523809522,0.002696513002364066,0.0043142854207969105
3754157,Everton,0,10,68,tied,early,medium,0.04421768707482993,0.042289130195000545,0.02073533314034834,0.1596751146563238,152.72486772486772,0.0026595744680851063,0.006547722154858826
3754157,AFC Bournemouth,5,15,73,tied,early,medium,0.0391156462585034,0.017908545682542885,0.04130726471152003,0.10787061000868231,202.0381512605042,0.002770390070921986,0.0049495602378118115
3754157,Everton,5,15,59,tied,early,medium,0.04081632653061224,0.05573996150734859,0.03185621411685242,0.11732114728462474,187.55161290322582,0.002280954491725768,0.005331865636985947
3754157,AFC Bournemouth,10,20,44,tied,early,low,0.02465986394557823,0.011054421768707481,0.03634751773049646,0.11455746469469325,165.9,0.0012743794326241136,0.006027727546714888
3754157,Everton,10,20,44,tied,early,low,0.03316326530612245,0.028911564625850338,0.028571428571428567,0.10725450760074969,155.5026455026455,0.0019946808510638296,0.006430758761483499
3754157,Everton,15,25,61,tied,early,medium,0.03826530612244898,0.05046161829803246,0.04070191906549854,0.13874163411028967,179.01069518716577,0.0014313682033096926,0.0055862584017923825
3754157,AFC Bournemouth,20,30,49,trailing,early,low,0.031462585034013606,0.0029478458049886623,0.021076412720201325,0.13548252794949864,124.77948717948719,0.0015791223404255318,0.008014137760973204
3754157,Everton,20,30,60,leading,early,medium,0.03826530612244898,0.0173469387755102,0.04962206047032475,0.1144700055524703,189.43954480796586,0.0014313682033096926,0.00527872890010212
3754157,AFC Bournemouth,25,35,72,trailing,early,medium,0.04421768707482993,0.018560513145784874,0.033035362490149725,0.12139138213325779,179.87581699346404,0.0022070774231678484,0.005559391010501073
3754157,Everton,25,35,49,leading,early,low,0.02891156462585034,0.02302406146085885,0.018617021276595744,0.15206290973795628,106.35507246376811,0.0020870271867612297,0.009402466444096206
3754157,AFC Bournemouth,30,40,52,trailing,middle,medium,0.02806122448979592,0.005578052267335313,0.029683296649547566,0.13126656432910214,127.18518518518519,0.0021054964539007092,0.00786255096097845
3754157,Everton,30,40,57,leading,middle,medium,0.03486394557823129,0.05340089006689898,0.03472731719246759,0.14411027727142137,165.7873563218391,0.0024102393617021272,0.006031823066523381
3754157,AFC Bournemouth,35,45,56,trailing,middle,medium,0.03486394557823129,0.02999812023559222,0.025230017251293847,0.12167970157058525,154.76847290640393,0.00195774231678487,0.006461264243427335
3754157,Everton,35,45,45,leading,middle,low,0.03231292517006803,0.032187593953703304,0.023739164696611505,0.11294097213554825,157.81230769230768,0.00201315011820331,0.0063366413850923205
3754157,AFC Bournemouth,40,50,103,trailing,middle,high,0.058673469387755105,0.021083691650232588,0.026778678374423055,0.11752848235158686,215.91798941798945,0.002345596926713948,0.0046313880686621655
3754157,Everton,40,50,75,leading,middle,medium,0.04846938775510204,0.028643827728685418,0.04853723404255318,0.11750191211417453,232.8051282051282,0.002114731087470449,0.0042954380245390665
3754157,AFC Bournemouth,45,55,103,trailing,middle,high,0.058673469387755105,0.02275924285077004,0.03822214834515367,0.11984496707125328,239.9638888888889,0.002798093971631206,0.004167293690022804
3754157,Everton,45,55,86,leading,middle,high,0.055272108843537414,0.050859361111830106,0.036785297279264585,0.10523881546668303,249.56756756756758,0.0028719710401891255,0.004006930907515703
3754157,AFC Bournemouth,50,60,62,trailing,middle,medium,0.03486394557823129,0.003428356598353396,0.03138777074947288,0.11715271306664111,154.32258064516128,0.001505245271867612,0.006479933110367893
3754157,Everton,50,60,46,leading,middle,low,0.031462585034013606,0.012568837058632975,0.024720795630553512,0.12606644047788007,127.74307692307693,0.002484116430260047,0.007828212879216697
3754157,AFC Bournemouth,55,65,54,trailing,middle,medium,0.03316326530612245,0.01473922902494331,0.033170803782505906,0.12103722933440521,162.2200716845878,0.001542183806146572,0.006164465282350187
3754157,Everton,55,65,26,leading,middle,low,0.017857142857142856,0.0,0.0051549776727081685,0.10783892983317049,64.4,0.0014221335697399526,0.015527950310559004
3754157,AFC Bournemouth,60,70,64,trailing,late,medium,0.04336734693877551,0.020089628796755646,0.05959176613042726,0.12521692066237242,225.890243902439,0.0013205526004728132,0.004426928683258652
3754157,Everton,60,70,22,leading,late,low,0.016156462585034014,0.0,0.006931012250161186,0.1363984795545697,56.06060606060606,0.0014590721040189125,0.017837837837837836
3754157,AFC Bournemouth,65,75,68,trailing,late,medium,0.0467687074829932,0.026352222215132847,0.056297930000576604,0.11410115768542857,227.7219512195122,0.0016991725768321514,0.004391320180793865
3754157,Everton,65,75,33,leading,late,low,0.025510204081632654,0.01020408163265306,0.033108292416803055,0.1500749858712959,121.94461538461539,0.001708407210401891,0.008200444085587405
3754157,AFC Bournemouth,70,80,68,trailing,late,medium,0.03826530612244898,0.041312224385220794,0.03814589665653496,0.11211397931711743,178.48989898989896,0.002336362293144208,0.005602557935542289
3754157,Everton,70,80,28,leading,late,low,0.02040816326530612,0.0,0.031567992599444955,0.14872494925664398,103.73122529644269,0.002271719858156028,0.00964029873494894
3754157,AFC Bournemouth,75,85,80,trailing,late,medium,0.047619047619047616,0.06312277122157173,0.04275308172914556,0.13853207339857251,209.37254901960785,0.0021332003546099287,0.004776175313729163
3754157,Everton,75,85,31,leading,late,low,0.022108843537414966,0.022781695288293224,0.011558919803600656,0.11691745749800585,90.83823529411765,0.0017822842789598108,0.011008580216933786
3754157,AFC Bournemouth,80,90,73,trailing,late,medium,0.04336734693877551,0.01936179205427953,0.04031732373800584,0.13074080203133087,190.24955436720143,0.0022255466903073283,0.005256254099128642
3754157,Everton,80,90,35,leading,late,low,0.022108843537414966,0.03135258678417671,0.003152088258471237,0.10687389985863366,57.78181818181818,0.0017822842789598108,0.017306482064191317
